pair,long_exchange,short_exchange,date,daily_net_rate,daily_cashflow_10000,event_count,week,weekly_cashflow_10000
long binance / short bitget,binance,bitget,2026-06-10 00:00:00+00:00,-0.00481844,-48.184400000000004,3,2026-06-08/2026-06-14,-79.71220000000001
long binance / short bitget,binance,bitget,2026-06-11 00:00:00+00:00,-0.0002278199999999999,-2.2782000000000004,6,2026-06-08/2026-06-14,-79.71220000000001
long binance / short bitget,binance,bitget,2026-06-12 00:00:00+00:00,-0.0029249600000000003,-29.249600000000004,6,2026-06-08/2026-06-14,-79.71220000000001
long binance / short bitget,binance,bitget,2026-06-13 00:00:00+00:00,0.0,0.0,6,2026-06-08/2026-06-14,-79.71220000000001
long binance / short bitget,binance,bitget,2026-06-14 00:00:00+00:00,0.0,0.0,6,2026-06-08/2026-06-14,-79.71220000000001
long binance / short bitget,binance,bitget,2026-06-15 00:00:00+00:00,-0.00369007,-36.90070000000001,6,2026-06-15/2026-06-21,-76.98010000000001
long binance / short bitget,binance,bitget,2026-06-16 00:00:00+00:00,0.00204121,20.4121,6,2026-06-15/2026-06-21,-76.98010000000001
long binance / short bitget,binance,bitget,2026-06-17 00:00:00+00:00,-0.00175246,-17.5246,6,2026-06-15/2026-06-21,-76.98010000000001
long binance / short bitget,binance,bitget,2026-06-18 00:00:00+00:00,-0.00119052,-11.9052,6,2026-06-15/2026-06-21,-76.98010000000001
long binance / short bitget,binance,bitget,2026-06-19 00:00:00+00:00,-0.00148359,-14.835899999999999,6,2026-06-15/2026-06-21,-76.98010000000001
long binance / short bitget,binance,bitget,2026-06-20 00:00:00+00:00,-0.00155658,-15.5658,6,2026-06-15/2026-06-21,-76.98010000000001
long binance / short bitget,binance,bitget,2026-06-21 00:00:00+00:00,-6.6e-05,-0.66,6,2026-06-15/2026-06-21,-76.98010000000001
long binance / short bitget,binance,bitget,2026-06-22 00:00:00+00:00,-7.419999999999996e-05,-0.7419999999999902,6,2026-06-22/2026-06-28,-25.13789999999998
long binance / short bitget,binance,bitget,2026-06-23 00:00:00+00:00,-0.00513038,-51.303799999999995,6,2026-06-22/2026-06-28,-25.13789999999998
long binance / short bitget,binance,bitget,2026-06-24 00:00:00+00:00,0.0036985200000000003,36.9852,6,2026-06-22/2026-06-28,-25.13789999999998
long binance / short bitget,binance,bitget,2026-06-25 00:00:00+00:00,-0.0009600899999999999,-9.600900000000001,6,2026-06-22/2026-06-28,-25.13789999999998
long binance / short bitget,binance,bitget,2026-06-26 00:00:00+00:00,0.0004750000000000003,4.750000000000005,6,2026-06-22/2026-06-28,-25.13789999999998
long binance / short bitget,binance,bitget,2026-06-27 00:00:00+00:00,0.0,0.0,6,2026-06-22/2026-06-28,-25.13789999999998
long binance / short bitget,binance,bitget,2026-06-28 00:00:00+00:00,-0.00052264,-5.2264,6,2026-06-22/2026-06-28,-25.13789999999998
long binance / short bitget,binance,bitget,2026-06-29 00:00:00+00:00,0.0049844,49.843999999999994,6,2026-06-29/2026-07-05,108.92319999999998
long binance / short bitget,binance,bitget,2026-06-30 00:00:00+00:00,0.00025558000000000004,2.5558000000000005,4,2026-06-29/2026-07-05,108.92319999999998
long binance / short bitget,binance,bitget,2026-07-01 00:00:00+00:00,0.0029094999999999998,29.095,5,2026-06-29/2026-07-05,108.92319999999998
long binance / short bitget,binance,bitget,2026-07-02 00:00:00+00:00,0.0027567499999999997,27.567499999999992,5,2026-06-29/2026-07-05,108.92319999999998
long binance / short bitget,binance,bitget,2026-07-03 00:00:00+00:00,0.00053526,5.352599999999999,6,2026-06-29/2026-07-05,108.92319999999998
long binance / short bitget,binance,bitget,2026-07-04 00:00:00+00:00,-0.00054917,-5.4917,6,2026-06-29/2026-07-05,108.92319999999998
long binance / short bitget,binance,bitget,2026-07-05 00:00:00+00:00,0.0,0.0,6,2026-06-29/2026-07-05,108.92319999999998
long binance / short bitget,binance,bitget,2026-07-06 00:00:00+00:00,1.0329999999999801e-05,0.10329999999999728,6,2026-07-06/2026-07-12,3.1731999999999867
long binance / short bitget,binance,bitget,2026-07-07 00:00:00+00:00,0.0011373999999999998,11.373999999999999,6,2026-07-06/2026-07-12,3.1731999999999867
long binance / short bitget,binance,bitget,2026-07-08 00:00:00+00:00,0.00034029999999999976,3.4029999999999934,6,2026-07-06/2026-07-12,3.1731999999999867
long binance / short bitget,binance,bitget,2026-07-09 00:00:00+00:00,-0.002792,-27.92,6,2026-07-06/2026-07-12,3.1731999999999867
long binance / short bitget,binance,bitget,2026-07-10 00:00:00+00:00,0.00159836,15.9836,6,2026-07-06/2026-07-12,3.1731999999999867
long binance / short bitget,binance,bitget,2026-07-11 00:00:00+00:00,0.0,0.0,6,2026-07-06/2026-07-12,3.1731999999999867
long binance / short bitget,binance,bitget,2026-07-12 00:00:00+00:00,2.293e-05,0.2293,6,2026-07-06/2026-07-12,3.1731999999999867
long binance / short bitget,binance,bitget,2026-07-13 00:00:00+00:00,0.00226626,22.662599999999998,6,2026-07-13/2026-07-19,29.09079999999999
long binance / short bitget,binance,bitget,2026-07-14 00:00:00+00:00,-0.0021749300000000003,-21.749300000000005,9,2026-07-13/2026-07-19,29.09079999999999
long binance / short bitget,binance,bitget,2026-07-15 00:00:00+00:00,0.0009273299999999998,9.273299999999999,12,2026-07-13/2026-07-19,29.09079999999999
long binance / short bitget,binance,bitget,2026-07-16 00:00:00+00:00,0.0035616199999999997,35.6162,12,2026-07-13/2026-07-19,29.09079999999999
long binance / short bitget,binance,bitget,2026-07-17 00:00:00+00:00,-0.0015737,-15.736999999999998,12,2026-07-13/2026-07-19,29.09079999999999
long binance / short bitget,binance,bitget,2026-07-18 00:00:00+00:00,4.143e-05,0.4143,12,2026-07-13/2026-07-19,29.09079999999999
long binance / short bitget,binance,bitget,2026-07-19 00:00:00+00:00,-0.00013893,-1.3893,12,2026-07-13/2026-07-19,29.09079999999999
long binance / short bitget,binance,bitget,2026-07-20 00:00:00+00:00,0.0006770400000000002,6.770400000000001,12,2026-07-20/2026-07-26,5.120800000000001
long binance / short bitget,binance,bitget,2026-07-21 00:00:00+00:00,-0.0003986400000000001,-3.9864000000000006,11,2026-07-20/2026-07-26,5.120800000000001
long binance / short bitget,binance,bitget,2026-07-22 00:00:00+00:00,0.00023368,2.3368,8,2026-07-20/2026-07-26,5.120800000000001
long binance / short bitget,binance,bitget,2026-07-23 00:00:00+00:00,0.0,0.0,1,2026-07-20/2026-07-26,5.120800000000001
long binance / short gate,binance,gate,2026-07-16 00:00:00+00:00,0.0010232,10.232,2,2026-07-13/2026-07-19,103.4
long binance / short gate,binance,gate,2026-07-17 00:00:00+00:00,0.0038733,38.733000000000004,12,2026-07-13/2026-07-19,103.4
long binance / short gate,binance,gate,2026-07-18 00:00:00+00:00,0.00304143,30.4143,12,2026-07-13/2026-07-19,103.4
long binance / short gate,binance,gate,2026-07-19 00:00:00+00:00,0.00240207,24.020699999999998,12,2026-07-13/2026-07-19,103.4
long binance / short gate,binance,gate,2026-07-20 00:00:00+00:00,-0.00011795999999999988,-1.1795999999999998,12,2026-07-20/2026-07-26,-19.713400000000004
long binance / short gate,binance,gate,2026-07-21 00:00:00+00:00,-0.0006586400000000002,-6.586400000000002,12,2026-07-20/2026-07-26,-19.713400000000004
long binance / short gate,binance,gate,2026-07-22 00:00:00+00:00,-0.0007513200000000001,-7.5132,12,2026-07-20/2026-07-26,-19.713400000000004
long binance / short gate,binance,gate,2026-07-23 00:00:00+00:00,-0.00044342,-4.434200000000001,4,2026-07-20/2026-07-26,-19.713400000000004
long binance / short hyperliquid,binance,hyperliquid,2026-07-19 00:00:00+00:00,5.5064899999999975e-05,0.5506490000000002,8,2026-07-13/2026-07-19,0.5506490000000002
long binance / short hyperliquid,binance,hyperliquid,2026-07-20 00:00:00+00:00,-0.0022542626,-22.542626,30,2026-07-20/2026-07-26,-22.056663
long binance / short hyperliquid,binance,hyperliquid,2026-07-21 00:00:00+00:00,6.630359999999988e-05,0.6630359999999993,30,2026-07-20/2026-07-26,-22.056663
long binance / short hyperliquid,binance,hyperliquid,2026-07-22 00:00:00+00:00,0.0004842837,4.842837,30,2026-07-20/2026-07-26,-22.056663
long binance / short hyperliquid,binance,hyperliquid,2026-07-23 00:00:00+00:00,-0.0005019909999999999,-5.01991,10,2026-07-20/2026-07-26,-22.056663
long binance / short okx,binance,okx,2026-06-10 00:00:00+00:00,-0.0028827912326593002,-28.827912326593008,3,2026-06-08/2026-06-14,40.327081412141986
long binance / short okx,binance,okx,2026-06-11 00:00:00+00:00,0.0011654844221637998,11.654844221637997,6,2026-06-08/2026-06-14,40.327081412141986
long binance / short okx,binance,okx,2026-06-12 00:00:00+00:00,0.0030562912135992997,30.562912135993,6,2026-06-08/2026-06-14,40.327081412141986
long binance / short okx,binance,okx,2026-06-13 00:00:00+00:00,0.0016808316644,16.808316643999998,6,2026-06-08/2026-06-14,40.327081412141986
long binance / short okx,binance,okx,2026-06-14 00:00:00+00:00,0.0010128920737104,10.128920737104,6,2026-06-08/2026-06-14,40.327081412141986
long binance / short okx,binance,okx,2026-06-15 00:00:00+00:00,0.0024910586280713003,24.910586280712998,6,2026-06-15/2026-06-21,152.216157333533
long binance / short okx,binance,okx,2026-06-16 00:00:00+00:00,-0.0004416620781466001,-4.416620781466005,6,2026-06-15/2026-06-21,152.216157333533
long binance / short okx,binance,okx,2026-06-17 00:00:00+00:00,-0.0002595807689137,-2.5958076891370006,6,2026-06-15/2026-06-21,152.216157333533
long binance / short okx,binance,okx,2026-06-18 00:00:00+00:00,0.0018345329507393998,18.345329507394,6,2026-06-15/2026-06-21,152.216157333533
long binance / short okx,binance,okx,2026-06-19 00:00:00+00:00,0.0030418333149302,30.418333149302008,6,2026-06-15/2026-06-21,152.216157333533
long binance / short okx,binance,okx,2026-06-20 00:00:00+00:00,0.0045716112032823004,45.716112032823006,6,2026-06-15/2026-06-21,152.216157333533
long binance / short okx,binance,okx,2026-06-21 00:00:00+00:00,0.0039838224833903995,39.83822483390399,6,2026-06-15/2026-06-21,152.216157333533
long binance / short okx,binance,okx,2026-06-22 00:00:00+00:00,0.004256881149994401,42.56881149994401,6,2026-06-22/2026-06-28,40.504858308428005
long binance / short okx,binance,okx,2026-06-23 00:00:00+00:00,0.0007871717900775996,7.871717900775998,6,2026-06-22/2026-06-28,40.504858308428005
long binance / short okx,binance,okx,2026-06-24 00:00:00+00:00,0.0007135771693915999,7.135771693915997,6,2026-06-22/2026-06-28,40.504858308428005
long binance / short okx,binance,okx,2026-06-25 00:00:00+00:00,-0.0014918595192321004,-14.918595192321003,6,2026-06-22/2026-06-28,40.504858308428005
long binance / short okx,binance,okx,2026-06-26 00:00:00+00:00,-0.0014850735298431996,-14.850735298431996,6,2026-06-22/2026-06-28,40.504858308428005
long binance / short okx,binance,okx,2026-06-27 00:00:00+00:00,0.0,0.0,6,2026-06-22/2026-06-28,40.504858308428005
long binance / short okx,binance,okx,2026-06-28 00:00:00+00:00,0.0012697887704545,12.697887704544998,6,2026-06-22/2026-06-28,40.504858308428005
long binance / short okx,binance,okx,2026-06-29 00:00:00+00:00,0.0044434798484017,44.434798484017,6,2026-06-29/2026-07-05,138.480615928985
long binance / short okx,binance,okx,2026-06-30 00:00:00+00:00,0.0008919259089524999,8.919259089524997,4,2026-06-29/2026-07-05,138.480615928985
long binance / short okx,binance,okx,2026-07-01 00:00:00+00:00,0.0036294340714656,36.294340714656,5,2026-06-29/2026-07-05,138.480615928985
long binance / short okx,binance,okx,2026-07-02 00:00:00+00:00,0.0040359990031749,40.359990031749,5,2026-06-29/2026-07-05,138.480615928985
long binance / short okx,binance,okx,2026-07-03 00:00:00+00:00,-0.0005592996220429,-5.592996220429001,6,2026-06-29/2026-07-05,138.480615928985
long binance / short okx,binance,okx,2026-07-04 00:00:00+00:00,0.00043565303953100004,4.35653039531,6,2026-06-29/2026-07-05,138.480615928985
long binance / short okx,binance,okx,2026-07-05 00:00:00+00:00,0.0009708693434157,9.708693434157,6,2026-06-29/2026-07-05,138.480615928985
long binance / short okx,binance,okx,2026-07-06 00:00:00+00:00,0.0003735555706685001,3.735555706684999,6,2026-07-06/2026-07-12,48.552210343577
long binance / short okx,binance,okx,2026-07-07 00:00:00+00:00,0.0012066334577689,12.066334577689009,6,2026-07-06/2026-07-12,48.552210343577
long binance / short okx,binance,okx,2026-07-08 00:00:00+00:00,0.0016613866261747997,16.613866261747994,6,2026-07-06/2026-07-12,48.552210343577
long binance / short okx,binance,okx,2026-07-09 00:00:00+00:00,-0.0017381239423095002,-17.381239423095003,6,2026-07-06/2026-07-12,48.552210343577
long binance / short okx,binance,okx,2026-07-10 00:00:00+00:00,0.0028933555005049,28.933555005049,6,2026-07-06/2026-07-12,48.552210343577
long binance / short okx,binance,okx,2026-07-11 00:00:00+00:00,9.0284932114e-05,0.90284932114,6,2026-07-06/2026-07-12,48.552210343577
long binance / short okx,binance,okx,2026-07-12 00:00:00+00:00,0.0003681288894361,3.681288894361,6,2026-07-06/2026-07-12,48.552210343577
long binance / short okx,binance,okx,2026-07-13 00:00:00+00:00,0.010865401113758999,108.65401113759,8,2026-07-13/2026-07-19,129.961446427912
long binance / short okx,binance,okx,2026-07-14 00:00:00+00:00,0.0004722990800921992,4.722990800921998,9,2026-07-13/2026-07-19,129.961446427912
long binance / short okx,binance,okx,2026-07-15 00:00:00+00:00,-0.0021289208997472,-21.289208997472002,9,2026-07-13/2026-07-19,129.961446427912
long binance / short okx,binance,okx,2026-07-16 00:00:00+00:00,0.0018878341502890999,18.878341502890997,9,2026-07-13/2026-07-19,129.961446427912
long binance / short okx,binance,okx,2026-07-17 00:00:00+00:00,0.0025994512387784996,25.994512387785,9,2026-07-13/2026-07-19,129.961446427912
long binance / short okx,binance,okx,2026-07-18 00:00:00+00:00,-0.0011305074247818,-11.305074247818,9,2026-07-13/2026-07-19,129.961446427912
long binance / short okx,binance,okx,2026-07-19 00:00:00+00:00,0.0004305873844014,4.305873844014,9,2026-07-13/2026-07-19,129.961446427912
long binance / short okx,binance,okx,2026-07-20 00:00:00+00:00,-0.0009294481611852998,-9.294481611852998,9,2026-07-20/2026-07-26,0.7725859223140024
long binance / short okx,binance,okx,2026-07-21 00:00:00+00:00,-0.0003232551225593002,-3.2325512255929993,8,2026-07-20/2026-07-26,0.7725859223140024
long binance / short okx,binance,okx,2026-07-22 00:00:00+00:00,0.0013299618759759998,13.29961875976,7,2026-07-20/2026-07-26,0.7725859223140024
long bitget / short binance,bitget,binance,2026-06-10 00:00:00+00:00,0.00481844,48.184400000000004,3,2026-06-08/2026-06-14,79.71220000000001
long bitget / short binance,bitget,binance,2026-06-11 00:00:00+00:00,0.0002278199999999999,2.2782000000000004,6,2026-06-08/2026-06-14,79.71220000000001
long bitget / short binance,bitget,binance,2026-06-12 00:00:00+00:00,0.0029249600000000003,29.249600000000004,6,2026-06-08/2026-06-14,79.71220000000001
long bitget / short binance,bitget,binance,2026-06-13 00:00:00+00:00,0.0,0.0,6,2026-06-08/2026-06-14,79.71220000000001
long bitget / short binance,bitget,binance,2026-06-14 00:00:00+00:00,0.0,0.0,6,2026-06-08/2026-06-14,79.71220000000001
long bitget / short binance,bitget,binance,2026-06-15 00:00:00+00:00,0.00369007,36.90070000000001,6,2026-06-15/2026-06-21,76.98010000000001
long bitget / short binance,bitget,binance,2026-06-16 00:00:00+00:00,-0.00204121,-20.4121,6,2026-06-15/2026-06-21,76.98010000000001
long bitget / short binance,bitget,binance,2026-06-17 00:00:00+00:00,0.00175246,17.5246,6,2026-06-15/2026-06-21,76.98010000000001
long bitget / short binance,bitget,binance,2026-06-18 00:00:00+00:00,0.00119052,11.9052,6,2026-06-15/2026-06-21,76.98010000000001
long bitget / short binance,bitget,binance,2026-06-19 00:00:00+00:00,0.00148359,14.835899999999999,6,2026-06-15/2026-06-21,76.98010000000001
long bitget / short binance,bitget,binance,2026-06-20 00:00:00+00:00,0.00155658,15.5658,6,2026-06-15/2026-06-21,76.98010000000001
long bitget / short binance,bitget,binance,2026-06-21 00:00:00+00:00,6.6e-05,0.66,6,2026-06-15/2026-06-21,76.98010000000001
long bitget / short binance,bitget,binance,2026-06-22 00:00:00+00:00,7.419999999999996e-05,0.7419999999999902,6,2026-06-22/2026-06-28,25.13789999999998
long bitget / short binance,bitget,binance,2026-06-23 00:00:00+00:00,0.00513038,51.303799999999995,6,2026-06-22/2026-06-28,25.13789999999998
long bitget / short binance,bitget,binance,2026-06-24 00:00:00+00:00,-0.0036985200000000003,-36.9852,6,2026-06-22/2026-06-28,25.13789999999998
long bitget / short binance,bitget,binance,2026-06-25 00:00:00+00:00,0.0009600899999999999,9.600900000000001,6,2026-06-22/2026-06-28,25.13789999999998
long bitget / short binance,bitget,binance,2026-06-26 00:00:00+00:00,-0.0004750000000000003,-4.750000000000005,6,2026-06-22/2026-06-28,25.13789999999998
long bitget / short binance,bitget,binance,2026-06-27 00:00:00+00:00,0.0,0.0,6,2026-06-22/2026-06-28,25.13789999999998
long bitget / short binance,bitget,binance,2026-06-28 00:00:00+00:00,0.00052264,5.2264,6,2026-06-22/2026-06-28,25.13789999999998
long bitget / short binance,bitget,binance,2026-06-29 00:00:00+00:00,-0.0049844,-49.843999999999994,6,2026-06-29/2026-07-05,-108.92319999999998
long bitget / short binance,bitget,binance,2026-06-30 00:00:00+00:00,-0.00025558000000000004,-2.5558000000000005,4,2026-06-29/2026-07-05,-108.92319999999998
long bitget / short binance,bitget,binance,2026-07-01 00:00:00+00:00,-0.0029094999999999998,-29.095,5,2026-06-29/2026-07-05,-108.92319999999998
long bitget / short binance,bitget,binance,2026-07-02 00:00:00+00:00,-0.0027567499999999997,-27.567499999999992,5,2026-06-29/2026-07-05,-108.92319999999998
long bitget / short binance,bitget,binance,2026-07-03 00:00:00+00:00,-0.00053526,-5.352599999999999,6,2026-06-29/2026-07-05,-108.92319999999998
long bitget / short binance,bitget,binance,2026-07-04 00:00:00+00:00,0.00054917,5.4917,6,2026-06-29/2026-07-05,-108.92319999999998
long bitget / short binance,bitget,binance,2026-07-05 00:00:00+00:00,0.0,0.0,6,2026-06-29/2026-07-05,-108.92319999999998
long bitget / short binance,bitget,binance,2026-07-06 00:00:00+00:00,-1.0329999999999801e-05,-0.10329999999999728,6,2026-07-06/2026-07-12,-3.1731999999999867
long bitget / short binance,bitget,binance,2026-07-07 00:00:00+00:00,-0.0011373999999999998,-11.373999999999999,6,2026-07-06/2026-07-12,-3.1731999999999867
long bitget / short binance,bitget,binance,2026-07-08 00:00:00+00:00,-0.00034029999999999976,-3.4029999999999934,6,2026-07-06/2026-07-12,-3.1731999999999867
long bitget / short binance,bitget,binance,2026-07-09 00:00:00+00:00,0.002792,27.92,6,2026-07-06/2026-07-12,-3.1731999999999867
long bitget / short binance,bitget,binance,2026-07-10 00:00:00+00:00,-0.00159836,-15.9836,6,2026-07-06/2026-07-12,-3.1731999999999867
long bitget / short binance,bitget,binance,2026-07-11 00:00:00+00:00,0.0,0.0,6,2026-07-06/2026-07-12,-3.1731999999999867
long bitget / short binance,bitget,binance,2026-07-12 00:00:00+00:00,-2.293e-05,-0.2293,6,2026-07-06/2026-07-12,-3.1731999999999867
long bitget / short binance,bitget,binance,2026-07-13 00:00:00+00:00,-0.00226626,-22.662599999999998,6,2026-07-13/2026-07-19,-29.09079999999999
long bitget / short binance,bitget,binance,2026-07-14 00:00:00+00:00,0.0021749300000000003,21.749300000000005,9,2026-07-13/2026-07-19,-29.09079999999999
long bitget / short binance,bitget,binance,2026-07-15 00:00:00+00:00,-0.0009273299999999998,-9.273299999999999,12,2026-07-13/2026-07-19,-29.09079999999999
long bitget / short binance,bitget,binance,2026-07-16 00:00:00+00:00,-0.0035616199999999997,-35.6162,12,2026-07-13/2026-07-19,-29.09079999999999
long bitget / short binance,bitget,binance,2026-07-17 00:00:00+00:00,0.0015737,15.736999999999998,12,2026-07-13/2026-07-19,-29.09079999999999
long bitget / short binance,bitget,binance,2026-07-18 00:00:00+00:00,-4.143e-05,-0.4143,12,2026-07-13/2026-07-19,-29.09079999999999
long bitget / short binance,bitget,binance,2026-07-19 00:00:00+00:00,0.00013893,1.3893,12,2026-07-13/2026-07-19,-29.09079999999999
long bitget / short binance,bitget,binance,2026-07-20 00:00:00+00:00,-0.0006770400000000002,-6.770400000000001,12,2026-07-20/2026-07-26,-5.120800000000001
long bitget / short binance,bitget,binance,2026-07-21 00:00:00+00:00,0.0003986400000000001,3.9864000000000006,11,2026-07-20/2026-07-26,-5.120800000000001
long bitget / short binance,bitget,binance,2026-07-22 00:00:00+00:00,-0.00023368,-2.3368,8,2026-07-20/2026-07-26,-5.120800000000001
long bitget / short binance,bitget,binance,2026-07-23 00:00:00+00:00,0.0,0.0,1,2026-07-20/2026-07-26,-5.120800000000001
long bitget / short gate,bitget,gate,2026-07-16 00:00:00+00:00,5e-05,0.5,2,2026-07-13/2026-07-19,110.38
long bitget / short gate,bitget,gate,2026-07-17 00:00:00+00:00,0.0054470000000000005,54.47,12,2026-07-13/2026-07-19,110.38
long bitget / short gate,bitget,gate,2026-07-18 00:00:00+00:00,0.003,30.0,12,2026-07-13/2026-07-19,110.38
long bitget / short gate,bitget,gate,2026-07-19 00:00:00+00:00,0.002541,25.41,12,2026-07-13/2026-07-19,110.38
long bitget / short gate,bitget,gate,2026-07-20 00:00:00+00:00,-0.0007950000000000001,-7.950000000000001,12,2026-07-20/2026-07-26,-19.9
long bitget / short gate,bitget,gate,2026-07-21 00:00:00+00:00,-0.00026000000000000014,-2.5999999999999996,12,2026-07-20/2026-07-26,-19.9
long bitget / short gate,bitget,gate,2026-07-22 00:00:00+00:00,-0.000985,-9.849999999999998,12,2026-07-20/2026-07-26,-19.9
long bitget / short gate,bitget,gate,2026-07-23 00:00:00+00:00,5e-05,0.5,2,2026-07-20/2026-07-26,-19.9
long bitget / short hyperliquid,bitget,hyperliquid,2026-07-19 00:00:00+00:00,0.00026198489999999997,2.6198490000000003,8,2026-07-13/2026-07-19,2.6198490000000003
long bitget / short hyperliquid,bitget,hyperliquid,2026-07-20 00:00:00+00:00,-0.0029313026,-29.313026,29,2026-07-20/2026-07-26,-19.084052999999997
long bitget / short hyperliquid,bitget,hyperliquid,2026-07-21 00:00:00+00:00,0.0004649436000000001,4.649436,30,2026-07-20/2026-07-26,-19.084052999999997
long bitget / short hyperliquid,bitget,hyperliquid,2026-07-22 00:00:00+00:00,0.0002506037,2.506037000000002,30,2026-07-20/2026-07-26,-19.084052999999997
long bitget / short hyperliquid,bitget,hyperliquid,2026-07-23 00:00:00+00:00,0.00030735,3.0735,5,2026-07-20/2026-07-26,-19.084052999999997
long bitget / short okx,bitget,okx,2026-06-10 00:00:00+00:00,0.0011894628481698998,11.894628481698998,2,2026-06-08/2026-06-14,112.577422220434
long bitget / short okx,bitget,okx,2026-06-11 00:00:00+00:00,0.0013933044221638,13.933044221638,3,2026-06-08/2026-06-14,112.577422220434
long bitget / short okx,bitget,okx,2026-06-12 00:00:00+00:00,0.0059812512135993005,59.812512135993,3,2026-06-08/2026-06-14,112.577422220434
long bitget / short okx,bitget,okx,2026-06-13 00:00:00+00:00,0.0016808316644,16.808316643999998,3,2026-06-08/2026-06-14,112.577422220434
long bitget / short okx,bitget,okx,2026-06-14 00:00:00+00:00,0.0010128920737104,10.128920737104,3,2026-06-08/2026-06-14,112.577422220434
long bitget / short okx,bitget,okx,2026-06-15 00:00:00+00:00,0.0061811286280713,61.811286280713,3,2026-06-15/2026-06-21,229.196257333533
long bitget / short okx,bitget,okx,2026-06-16 00:00:00+00:00,-0.0024828720781466,-24.828720781466,3,2026-06-15/2026-06-21,229.196257333533
long bitget / short okx,bitget,okx,2026-06-17 00:00:00+00:00,0.0014928792310863,14.928792310862999,3,2026-06-15/2026-06-21,229.196257333533
long bitget / short okx,bitget,okx,2026-06-18 00:00:00+00:00,0.0030250529507394,30.250529507394,3,2026-06-15/2026-06-21,229.196257333533
long bitget / short okx,bitget,okx,2026-06-19 00:00:00+00:00,0.004525423314930201,45.254233149302,3,2026-06-15/2026-06-21,229.196257333533
long bitget / short okx,bitget,okx,2026-06-20 00:00:00+00:00,0.0061281912032823006,61.281912032823,3,2026-06-15/2026-06-21,229.196257333533
long bitget / short okx,bitget,okx,2026-06-21 00:00:00+00:00,0.0040498224833903996,40.498224833904,3,2026-06-15/2026-06-21,229.196257333533
long bitget / short okx,bitget,okx,2026-06-22 00:00:00+00:00,0.0043310811499944,43.310811499944,3,2026-06-22/2026-06-28,65.64275830842799
long bitget / short okx,bitget,okx,2026-06-23 00:00:00+00:00,0.0059175517900776,59.17551790077599,3,2026-06-22/2026-06-28,65.64275830842799
long bitget / short okx,bitget,okx,2026-06-24 00:00:00+00:00,-0.0029849428306084,-29.849428306084,3,2026-06-22/2026-06-28,65.64275830842799
long bitget / short okx,bitget,okx,2026-06-25 00:00:00+00:00,-0.0005317695192321003,-5.317695192321009,3,2026-06-22/2026-06-28,65.64275830842799
long bitget / short okx,bitget,okx,2026-06-26 00:00:00+00:00,-0.0019600735298432002,-19.600735298432003,3,2026-06-22/2026-06-28,65.64275830842799
long bitget / short okx,bitget,okx,2026-06-27 00:00:00+00:00,0.0,0.0,3,2026-06-22/2026-06-28,65.64275830842799
long bitget / short okx,bitget,okx,2026-06-28 00:00:00+00:00,0.0017924287704545,17.924287704544998,3,2026-06-22/2026-06-28,65.64275830842799
long bitget / short okx,bitget,okx,2026-06-29 00:00:00+00:00,-0.0005409201515983,-5.409201515983,3,2026-06-29/2026-07-05,29.557415928985
long bitget / short okx,bitget,okx,2026-06-30 00:00:00+00:00,0.0006363459089524998,6.363459089525,3,2026-06-29/2026-07-05,29.557415928985
long bitget / short okx,bitget,okx,2026-07-01 00:00:00+00:00,0.0007199340714655997,7.199340714655998,3,2026-06-29/2026-07-05,29.557415928985
long bitget / short okx,bitget,okx,2026-07-02 00:00:00+00:00,0.0012792490031749001,12.792490031749002,3,2026-06-29/2026-07-05,29.557415928985
long bitget / short okx,bitget,okx,2026-07-03 00:00:00+00:00,-0.0010945596220429,-10.945596220429,3,2026-06-29/2026-07-05,29.557415928985
long bitget / short okx,bitget,okx,2026-07-04 00:00:00+00:00,0.000984823039531,9.84823039531,3,2026-06-29/2026-07-05,29.557415928985
long bitget / short okx,bitget,okx,2026-07-05 00:00:00+00:00,0.0009708693434157,9.708693434157,3,2026-06-29/2026-07-05,29.557415928985
long bitget / short okx,bitget,okx,2026-07-06 00:00:00+00:00,0.0003632255706685002,3.632255706685002,3,2026-07-06/2026-07-12,45.379010343577
long bitget / short okx,bitget,okx,2026-07-07 00:00:00+00:00,6.923345776890018e-05,0.6923345776890019,3,2026-07-06/2026-07-12,45.379010343577
long bitget / short okx,bitget,okx,2026-07-08 00:00:00+00:00,0.0013210866261748,13.210866261747999,3,2026-07-06/2026-07-12,45.379010343577
long bitget / short okx,bitget,okx,2026-07-09 00:00:00+00:00,0.0010538760576905,10.538760576905,3,2026-07-06/2026-07-12,45.379010343577
long bitget / short okx,bitget,okx,2026-07-10 00:00:00+00:00,0.0012949955005049,12.949955005049,3,2026-07-06/2026-07-12,45.379010343577
long bitget / short okx,bitget,okx,2026-07-11 00:00:00+00:00,9.0284932114e-05,0.90284932114,3,2026-07-06/2026-07-12,45.379010343577
long bitget / short okx,bitget,okx,2026-07-12 00:00:00+00:00,0.0003451988894361,3.451988894361,3,2026-07-06/2026-07-12,45.379010343577
long bitget / short okx,bitget,okx,2026-07-13 00:00:00+00:00,0.008599141113759,85.99141113758999,5,2026-07-13/2026-07-19,100.87064642791199
long bitget / short okx,bitget,okx,2026-07-14 00:00:00+00:00,0.0026472290800922,26.472290800921996,6,2026-07-13/2026-07-19,100.87064642791199
long bitget / short okx,bitget,okx,2026-07-15 00:00:00+00:00,-0.0030562508997472,-30.562508997472,6,2026-07-13/2026-07-19,100.87064642791199
long bitget / short okx,bitget,okx,2026-07-16 00:00:00+00:00,-0.0016737858497109,-16.737858497109002,6,2026-07-13/2026-07-19,100.87064642791199
long bitget / short okx,bitget,okx,2026-07-17 00:00:00+00:00,0.0041731512387785,41.731512387785,6,2026-07-13/2026-07-19,100.87064642791199
long bitget / short okx,bitget,okx,2026-07-18 00:00:00+00:00,-0.0011719374247817999,-11.719374247818001,6,2026-07-13/2026-07-19,100.87064642791199
long bitget / short okx,bitget,okx,2026-07-19 00:00:00+00:00,0.0005695173844014,5.695173844014,6,2026-07-13/2026-07-19,100.87064642791199
long bitget / short okx,bitget,okx,2026-07-20 00:00:00+00:00,-0.0016064881611853,-16.064881611853,6,2026-07-20/2026-07-26,-4.348214077686
long bitget / short okx,bitget,okx,2026-07-21 00:00:00+00:00,7.538487744069991e-05,0.7538487744070004,6,2026-07-20/2026-07-26,-4.348214077686
long bitget / short okx,bitget,okx,2026-07-22 00:00:00+00:00,0.001096281875976,10.96281875976,6,2026-07-20/2026-07-26,-4.348214077686
long gate / short binance,gate,binance,2026-07-16 00:00:00+00:00,-0.0010232,-10.232,2,2026-07-13/2026-07-19,-103.4
long gate / short binance,gate,binance,2026-07-17 00:00:00+00:00,-0.0038733,-38.733000000000004,12,2026-07-13/2026-07-19,-103.4
long gate / short binance,gate,binance,2026-07-18 00:00:00+00:00,-0.00304143,-30.4143,12,2026-07-13/2026-07-19,-103.4
long gate / short binance,gate,binance,2026-07-19 00:00:00+00:00,-0.00240207,-24.020699999999998,12,2026-07-13/2026-07-19,-103.4
long gate / short binance,gate,binance,2026-07-20 00:00:00+00:00,0.00011795999999999988,1.1795999999999998,12,2026-07-20/2026-07-26,19.713400000000004
long gate / short binance,gate,binance,2026-07-21 00:00:00+00:00,0.0006586400000000002,6.586400000000002,12,2026-07-20/2026-07-26,19.713400000000004
long gate / short binance,gate,binance,2026-07-22 00:00:00+00:00,0.0007513200000000001,7.5132,12,2026-07-20/2026-07-26,19.713400000000004
long gate / short binance,gate,binance,2026-07-23 00:00:00+00:00,0.00044342,4.434200000000001,4,2026-07-20/2026-07-26,19.713400000000004
long gate / short bitget,gate,bitget,2026-07-16 00:00:00+00:00,-5e-05,-0.5,2,2026-07-13/2026-07-19,-110.38
long gate / short bitget,gate,bitget,2026-07-17 00:00:00+00:00,-0.0054470000000000005,-54.47,12,2026-07-13/2026-07-19,-110.38
long gate / short bitget,gate,bitget,2026-07-18 00:00:00+00:00,-0.003,-30.0,12,2026-07-13/2026-07-19,-110.38
long gate / short bitget,gate,bitget,2026-07-19 00:00:00+00:00,-0.002541,-25.41,12,2026-07-13/2026-07-19,-110.38
long gate / short bitget,gate,bitget,2026-07-20 00:00:00+00:00,0.0007950000000000001,7.950000000000001,12,2026-07-20/2026-07-26,19.9
long gate / short bitget,gate,bitget,2026-07-21 00:00:00+00:00,0.00026000000000000014,2.5999999999999996,12,2026-07-20/2026-07-26,19.9
long gate / short bitget,gate,bitget,2026-07-22 00:00:00+00:00,0.000985,9.849999999999998,12,2026-07-20/2026-07-26,19.9
long gate / short bitget,gate,bitget,2026-07-23 00:00:00+00:00,-5e-05,-0.5,2,2026-07-20/2026-07-26,19.9
long gate / short hyperliquid,gate,hyperliquid,2026-07-19 00:00:00+00:00,-0.00023801509999999998,-2.3801509999999997,8,2026-07-13/2026-07-19,-2.3801509999999997
long gate / short hyperliquid,gate,hyperliquid,2026-07-20 00:00:00+00:00,-0.0021363026,-21.363026,30,2026-07-20/2026-07-26,-2.8347640000000016
long gate / short hyperliquid,gate,hyperliquid,2026-07-21 00:00:00+00:00,0.0007249436000000001,7.249436,30,2026-07-20/2026-07-26,-2.8347640000000016
long gate / short hyperliquid,gate,hyperliquid,2026-07-22 00:00:00+00:00,0.0012356037,12.356037,30,2026-07-20/2026-07-26,-2.8347640000000016
long gate / short hyperliquid,gate,hyperliquid,2026-07-23 00:00:00+00:00,-0.0001077211,-1.077211,11,2026-07-20/2026-07-26,-2.8347640000000016
long gate / short okx,gate,okx,2026-07-16 00:00:00+00:00,-5e-05,-0.5,1,2026-07-13/2026-07-19,-74.672688016019
long gate / short okx,gate,okx,2026-07-17 00:00:00+00:00,-0.0012738487612215,-12.738487612214996,9,2026-07-13/2026-07-19,-74.672688016019
long gate / short okx,gate,okx,2026-07-18 00:00:00+00:00,-0.0041719374247818,-41.719374247818,9,2026-07-13/2026-07-19,-74.672688016019
long gate / short okx,gate,okx,2026-07-19 00:00:00+00:00,-0.0019714826155986,-19.714826155986,9,2026-07-13/2026-07-19,-74.672688016019
long gate / short okx,gate,okx,2026-07-20 00:00:00+00:00,-0.0008114881611853,-8.114881611852997,9,2026-07-20/2026-07-26,16.051785922314004
long gate / short okx,gate,okx,2026-07-21 00:00:00+00:00,0.00033538487744070005,3.353848774407,9,2026-07-20/2026-07-26,16.051785922314004
long gate / short okx,gate,okx,2026-07-22 00:00:00+00:00,0.0020812818759759996,20.81281875976,9,2026-07-20/2026-07-26,16.051785922314004
long hyperliquid / short binance,hyperliquid,binance,2026-07-19 00:00:00+00:00,-5.5064899999999975e-05,-0.5506490000000002,8,2026-07-13/2026-07-19,-0.5506490000000002
long hyperliquid / short binance,hyperliquid,binance,2026-07-20 00:00:00+00:00,0.0022542626,22.542626,30,2026-07-20/2026-07-26,22.056663
long hyperliquid / short binance,hyperliquid,binance,2026-07-21 00:00:00+00:00,-6.630359999999988e-05,-0.6630359999999993,30,2026-07-20/2026-07-26,22.056663
long hyperliquid / short binance,hyperliquid,binance,2026-07-22 00:00:00+00:00,-0.0004842837,-4.842837,30,2026-07-20/2026-07-26,22.056663
long hyperliquid / short binance,hyperliquid,binance,2026-07-23 00:00:00+00:00,0.0005019909999999999,5.01991,10,2026-07-20/2026-07-26,22.056663
long hyperliquid / short bitget,hyperliquid,bitget,2026-07-19 00:00:00+00:00,-0.00026198489999999997,-2.6198490000000003,8,2026-07-13/2026-07-19,-2.6198490000000003
long hyperliquid / short bitget,hyperliquid,bitget,2026-07-20 00:00:00+00:00,0.0029313026,29.313026,29,2026-07-20/2026-07-26,19.084052999999997
long hyperliquid / short bitget,hyperliquid,bitget,2026-07-21 00:00:00+00:00,-0.0004649436000000001,-4.649436,30,2026-07-20/2026-07-26,19.084052999999997
long hyperliquid / short bitget,hyperliquid,bitget,2026-07-22 00:00:00+00:00,-0.0002506037,-2.506037000000002,30,2026-07-20/2026-07-26,19.084052999999997
long hyperliquid / short bitget,hyperliquid,bitget,2026-07-23 00:00:00+00:00,-0.00030735,-3.0735,5,2026-07-20/2026-07-26,19.084052999999997
long hyperliquid / short gate,hyperliquid,gate,2026-07-19 00:00:00+00:00,0.00023801509999999998,2.3801509999999997,8,2026-07-13/2026-07-19,2.3801509999999997
long hyperliquid / short gate,hyperliquid,gate,2026-07-20 00:00:00+00:00,0.0021363026,21.363026,30,2026-07-20/2026-07-26,2.8347640000000016
long hyperliquid / short gate,hyperliquid,gate,2026-07-21 00:00:00+00:00,-0.0007249436000000001,-7.249436,30,2026-07-20/2026-07-26,2.8347640000000016
long hyperliquid / short gate,hyperliquid,gate,2026-07-22 00:00:00+00:00,-0.0012356037,-12.356037,30,2026-07-20/2026-07-26,2.8347640000000016
long hyperliquid / short gate,hyperliquid,gate,2026-07-23 00:00:00+00:00,0.0001077211,1.077211,11,2026-07-20/2026-07-26,2.8347640000000016
long hyperliquid / short okx,hyperliquid,okx,2026-07-19 00:00:00+00:00,-0.00026198489999999997,-2.6198490000000003,7,2026-07-13/2026-07-19,-2.6198490000000003
long hyperliquid / short okx,hyperliquid,okx,2026-07-20 00:00:00+00:00,0.0013248144388147,13.248144388147002,27,2026-07-20/2026-07-26,17.809338922314
long hyperliquid / short okx,hyperliquid,okx,2026-07-21 00:00:00+00:00,-0.0003895587225593002,-3.895587225593,27,2026-07-20/2026-07-26,17.809338922314
long hyperliquid / short okx,hyperliquid,okx,2026-07-22 00:00:00+00:00,0.0008456781759759999,8.456781759759998,27,2026-07-20/2026-07-26,17.809338922314
long okx / short binance,okx,binance,2026-06-10 00:00:00+00:00,0.0028827912326593002,28.827912326593008,3,2026-06-08/2026-06-14,-40.327081412141986
long okx / short binance,okx,binance,2026-06-11 00:00:00+00:00,-0.0011654844221637998,-11.654844221637997,6,2026-06-08/2026-06-14,-40.327081412141986
long okx / short binance,okx,binance,2026-06-12 00:00:00+00:00,-0.0030562912135992997,-30.562912135993,6,2026-06-08/2026-06-14,-40.327081412141986
long okx / short binance,okx,binance,2026-06-13 00:00:00+00:00,-0.0016808316644,-16.808316643999998,6,2026-06-08/2026-06-14,-40.327081412141986
long okx / short binance,okx,binance,2026-06-14 00:00:00+00:00,-0.0010128920737104,-10.128920737104,6,2026-06-08/2026-06-14,-40.327081412141986
long okx / short binance,okx,binance,2026-06-15 00:00:00+00:00,-0.0024910586280713003,-24.910586280712998,6,2026-06-15/2026-06-21,-152.216157333533
long okx / short binance,okx,binance,2026-06-16 00:00:00+00:00,0.0004416620781466001,4.416620781466005,6,2026-06-15/2026-06-21,-152.216157333533
long okx / short binance,okx,binance,2026-06-17 00:00:00+00:00,0.0002595807689137,2.5958076891370006,6,2026-06-15/2026-06-21,-152.216157333533
long okx / short binance,okx,binance,2026-06-18 00:00:00+00:00,-0.0018345329507393998,-18.345329507394,6,2026-06-15/2026-06-21,-152.216157333533
long okx / short binance,okx,binance,2026-06-19 00:00:00+00:00,-0.0030418333149302,-30.418333149302008,6,2026-06-15/2026-06-21,-152.216157333533
long okx / short binance,okx,binance,2026-06-20 00:00:00+00:00,-0.0045716112032823004,-45.716112032823006,6,2026-06-15/2026-06-21,-152.216157333533
long okx / short binance,okx,binance,2026-06-21 00:00:00+00:00,-0.0039838224833903995,-39.83822483390399,6,2026-06-15/2026-06-21,-152.216157333533
long okx / short binance,okx,binance,2026-06-22 00:00:00+00:00,-0.004256881149994401,-42.56881149994401,6,2026-06-22/2026-06-28,-40.504858308428005
long okx / short binance,okx,binance,2026-06-23 00:00:00+00:00,-0.0007871717900775996,-7.871717900775998,6,2026-06-22/2026-06-28,-40.504858308428005
long okx / short binance,okx,binance,2026-06-24 00:00:00+00:00,-0.0007135771693915999,-7.135771693915997,6,2026-06-22/2026-06-28,-40.504858308428005
long okx / short binance,okx,binance,2026-06-25 00:00:00+00:00,0.0014918595192321004,14.918595192321003,6,2026-06-22/2026-06-28,-40.504858308428005
long okx / short binance,okx,binance,2026-06-26 00:00:00+00:00,0.0014850735298431996,14.850735298431996,6,2026-06-22/2026-06-28,-40.504858308428005
long okx / short binance,okx,binance,2026-06-27 00:00:00+00:00,0.0,0.0,6,2026-06-22/2026-06-28,-40.504858308428005
long okx / short binance,okx,binance,2026-06-28 00:00:00+00:00,-0.0012697887704545,-12.697887704544998,6,2026-06-22/2026-06-28,-40.504858308428005
long okx / short binance,okx,binance,2026-06-29 00:00:00+00:00,-0.0044434798484017,-44.434798484017,6,2026-06-29/2026-07-05,-138.480615928985
long okx / short binance,okx,binance,2026-06-30 00:00:00+00:00,-0.0008919259089524999,-8.919259089524997,4,2026-06-29/2026-07-05,-138.480615928985
long okx / short binance,okx,binance,2026-07-01 00:00:00+00:00,-0.0036294340714656,-36.294340714656,5,2026-06-29/2026-07-05,-138.480615928985
long okx / short binance,okx,binance,2026-07-02 00:00:00+00:00,-0.0040359990031749,-40.359990031749,5,2026-06-29/2026-07-05,-138.480615928985
long okx / short binance,okx,binance,2026-07-03 00:00:00+00:00,0.0005592996220429,5.592996220429001,6,2026-06-29/2026-07-05,-138.480615928985
long okx / short binance,okx,binance,2026-07-04 00:00:00+00:00,-0.00043565303953100004,-4.35653039531,6,2026-06-29/2026-07-05,-138.480615928985
long okx / short binance,okx,binance,2026-07-05 00:00:00+00:00,-0.0009708693434157,-9.708693434157,6,2026-06-29/2026-07-05,-138.480615928985
long okx / short binance,okx,binance,2026-07-06 00:00:00+00:00,-0.0003735555706685001,-3.735555706684999,6,2026-07-06/2026-07-12,-48.552210343577
long okx / short binance,okx,binance,2026-07-07 00:00:00+00:00,-0.0012066334577689,-12.066334577689009,6,2026-07-06/2026-07-12,-48.552210343577
long okx / short binance,okx,binance,2026-07-08 00:00:00+00:00,-0.0016613866261747997,-16.613866261747994,6,2026-07-06/2026-07-12,-48.552210343577
long okx / short binance,okx,binance,2026-07-09 00:00:00+00:00,0.0017381239423095002,17.381239423095003,6,2026-07-06/2026-07-12,-48.552210343577
long okx / short binance,okx,binance,2026-07-10 00:00:00+00:00,-0.0028933555005049,-28.933555005049,6,2026-07-06/2026-07-12,-48.552210343577
long okx / short binance,okx,binance,2026-07-11 00:00:00+00:00,-9.0284932114e-05,-0.90284932114,6,2026-07-06/2026-07-12,-48.552210343577
long okx / short binance,okx,binance,2026-07-12 00:00:00+00:00,-0.0003681288894361,-3.681288894361,6,2026-07-06/2026-07-12,-48.552210343577
long okx / short binance,okx,binance,2026-07-13 00:00:00+00:00,-0.010865401113758999,-108.65401113759,8,2026-07-13/2026-07-19,-129.961446427912
long okx / short binance,okx,binance,2026-07-14 00:00:00+00:00,-0.0004722990800921992,-4.722990800921998,9,2026-07-13/2026-07-19,-129.961446427912
long okx / short binance,okx,binance,2026-07-15 00:00:00+00:00,0.0021289208997472,21.289208997472002,9,2026-07-13/2026-07-19,-129.961446427912
long okx / short binance,okx,binance,2026-07-16 00:00:00+00:00,-0.0018878341502890999,-18.878341502890997,9,2026-07-13/2026-07-19,-129.961446427912
long okx / short binance,okx,binance,2026-07-17 00:00:00+00:00,-0.0025994512387784996,-25.994512387785,9,2026-07-13/2026-07-19,-129.961446427912
long okx / short binance,okx,binance,2026-07-18 00:00:00+00:00,0.0011305074247818,11.305074247818,9,2026-07-13/2026-07-19,-129.961446427912
long okx / short binance,okx,binance,2026-07-19 00:00:00+00:00,-0.0004305873844014,-4.305873844014,9,2026-07-13/2026-07-19,-129.961446427912
long okx / short binance,okx,binance,2026-07-20 00:00:00+00:00,0.0009294481611852998,9.294481611852998,9,2026-07-20/2026-07-26,-0.7725859223140024
long okx / short binance,okx,binance,2026-07-21 00:00:00+00:00,0.0003232551225593002,3.2325512255929993,8,2026-07-20/2026-07-26,-0.7725859223140024
long okx / short binance,okx,binance,2026-07-22 00:00:00+00:00,-0.0013299618759759998,-13.29961875976,7,2026-07-20/2026-07-26,-0.7725859223140024
long okx / short bitget,okx,bitget,2026-06-10 00:00:00+00:00,-0.0011894628481698998,-11.894628481698998,2,2026-06-08/2026-06-14,-112.577422220434
long okx / short bitget,okx,bitget,2026-06-11 00:00:00+00:00,-0.0013933044221638,-13.933044221638,3,2026-06-08/2026-06-14,-112.577422220434
long okx / short bitget,okx,bitget,2026-06-12 00:00:00+00:00,-0.0059812512135993005,-59.812512135993,3,2026-06-08/2026-06-14,-112.577422220434
long okx / short bitget,okx,bitget,2026-06-13 00:00:00+00:00,-0.0016808316644,-16.808316643999998,3,2026-06-08/2026-06-14,-112.577422220434
long okx / short bitget,okx,bitget,2026-06-14 00:00:00+00:00,-0.0010128920737104,-10.128920737104,3,2026-06-08/2026-06-14,-112.577422220434
long okx / short bitget,okx,bitget,2026-06-15 00:00:00+00:00,-0.0061811286280713,-61.811286280713,3,2026-06-15/2026-06-21,-229.196257333533
long okx / short bitget,okx,bitget,2026-06-16 00:00:00+00:00,0.0024828720781466,24.828720781466,3,2026-06-15/2026-06-21,-229.196257333533
long okx / short bitget,okx,bitget,2026-06-17 00:00:00+00:00,-0.0014928792310863,-14.928792310862999,3,2026-06-15/2026-06-21,-229.196257333533
long okx / short bitget,okx,bitget,2026-06-18 00:00:00+00:00,-0.0030250529507394,-30.250529507394,3,2026-06-15/2026-06-21,-229.196257333533
long okx / short bitget,okx,bitget,2026-06-19 00:00:00+00:00,-0.004525423314930201,-45.254233149302,3,2026-06-15/2026-06-21,-229.196257333533
long okx / short bitget,okx,bitget,2026-06-20 00:00:00+00:00,-0.0061281912032823006,-61.281912032823,3,2026-06-15/2026-06-21,-229.196257333533
long okx / short bitget,okx,bitget,2026-06-21 00:00:00+00:00,-0.0040498224833903996,-40.498224833904,3,2026-06-15/2026-06-21,-229.196257333533
long okx / short bitget,okx,bitget,2026-06-22 00:00:00+00:00,-0.0043310811499944,-43.310811499944,3,2026-06-22/2026-06-28,-65.64275830842799
long okx / short bitget,okx,bitget,2026-06-23 00:00:00+00:00,-0.0059175517900776,-59.17551790077599,3,2026-06-22/2026-06-28,-65.64275830842799
long okx / short bitget,okx,bitget,2026-06-24 00:00:00+00:00,0.0029849428306084,29.849428306084,3,2026-06-22/2026-06-28,-65.64275830842799
long okx / short bitget,okx,bitget,2026-06-25 00:00:00+00:00,0.0005317695192321003,5.317695192321009,3,2026-06-22/2026-06-28,-65.64275830842799
long okx / short bitget,okx,bitget,2026-06-26 00:00:00+00:00,0.0019600735298432002,19.600735298432003,3,2026-06-22/2026-06-28,-65.64275830842799
long okx / short bitget,okx,bitget,2026-06-27 00:00:00+00:00,0.0,0.0,3,2026-06-22/2026-06-28,-65.64275830842799
long okx / short bitget,okx,bitget,2026-06-28 00:00:00+00:00,-0.0017924287704545,-17.924287704544998,3,2026-06-22/2026-06-28,-65.64275830842799
long okx / short bitget,okx,bitget,2026-06-29 00:00:00+00:00,0.0005409201515983,5.409201515983,3,2026-06-29/2026-07-05,-29.557415928985
long okx / short bitget,okx,bitget,2026-06-30 00:00:00+00:00,-0.0006363459089524998,-6.363459089525,3,2026-06-29/2026-07-05,-29.557415928985
long okx / short bitget,okx,bitget,2026-07-01 00:00:00+00:00,-0.0007199340714655997,-7.199340714655998,3,2026-06-29/2026-07-05,-29.557415928985
long okx / short bitget,okx,bitget,2026-07-02 00:00:00+00:00,-0.0012792490031749001,-12.792490031749002,3,2026-06-29/2026-07-05,-29.557415928985
long okx / short bitget,okx,bitget,2026-07-03 00:00:00+00:00,0.0010945596220429,10.945596220429,3,2026-06-29/2026-07-05,-29.557415928985
long okx / short bitget,okx,bitget,2026-07-04 00:00:00+00:00,-0.000984823039531,-9.84823039531,3,2026-06-29/2026-07-05,-29.557415928985
long okx / short bitget,okx,bitget,2026-07-05 00:00:00+00:00,-0.0009708693434157,-9.708693434157,3,2026-06-29/2026-07-05,-29.557415928985
long okx / short bitget,okx,bitget,2026-07-06 00:00:00+00:00,-0.0003632255706685002,-3.632255706685002,3,2026-07-06/2026-07-12,-45.379010343577
long okx / short bitget,okx,bitget,2026-07-07 00:00:00+00:00,-6.923345776890018e-05,-0.6923345776890019,3,2026-07-06/2026-07-12,-45.379010343577
long okx / short bitget,okx,bitget,2026-07-08 00:00:00+00:00,-0.0013210866261748,-13.210866261747999,3,2026-07-06/2026-07-12,-45.379010343577
long okx / short bitget,okx,bitget,2026-07-09 00:00:00+00:00,-0.0010538760576905,-10.538760576905,3,2026-07-06/2026-07-12,-45.379010343577
long okx / short bitget,okx,bitget,2026-07-10 00:00:00+00:00,-0.0012949955005049,-12.949955005049,3,2026-07-06/2026-07-12,-45.379010343577
long okx / short bitget,okx,bitget,2026-07-11 00:00:00+00:00,-9.0284932114e-05,-0.90284932114,3,2026-07-06/2026-07-12,-45.379010343577
long okx / short bitget,okx,bitget,2026-07-12 00:00:00+00:00,-0.0003451988894361,-3.451988894361,3,2026-07-06/2026-07-12,-45.379010343577
long okx / short bitget,okx,bitget,2026-07-13 00:00:00+00:00,-0.008599141113759,-85.99141113758999,5,2026-07-13/2026-07-19,-100.87064642791199
long okx / short bitget,okx,bitget,2026-07-14 00:00:00+00:00,-0.0026472290800922,-26.472290800921996,6,2026-07-13/2026-07-19,-100.87064642791199
long okx / short bitget,okx,bitget,2026-07-15 00:00:00+00:00,0.0030562508997472,30.562508997472,6,2026-07-13/2026-07-19,-100.87064642791199
long okx / short bitget,okx,bitget,2026-07-16 00:00:00+00:00,0.0016737858497109,16.737858497109002,6,2026-07-13/2026-07-19,-100.87064642791199
long okx / short bitget,okx,bitget,2026-07-17 00:00:00+00:00,-0.0041731512387785,-41.731512387785,6,2026-07-13/2026-07-19,-100.87064642791199
long okx / short bitget,okx,bitget,2026-07-18 00:00:00+00:00,0.0011719374247817999,11.719374247818001,6,2026-07-13/2026-07-19,-100.87064642791199
long okx / short bitget,okx,bitget,2026-07-19 00:00:00+00:00,-0.0005695173844014,-5.695173844014,6,2026-07-13/2026-07-19,-100.87064642791199
long okx / short bitget,okx,bitget,2026-07-20 00:00:00+00:00,0.0016064881611853,16.064881611853,6,2026-07-20/2026-07-26,4.348214077686
long okx / short bitget,okx,bitget,2026-07-21 00:00:00+00:00,-7.538487744069991e-05,-0.7538487744070004,6,2026-07-20/2026-07-26,4.348214077686
long okx / short bitget,okx,bitget,2026-07-22 00:00:00+00:00,-0.001096281875976,-10.96281875976,6,2026-07-20/2026-07-26,4.348214077686
long okx / short gate,okx,gate,2026-07-16 00:00:00+00:00,5e-05,0.5,1,2026-07-13/2026-07-19,74.672688016019
long okx / short gate,okx,gate,2026-07-17 00:00:00+00:00,0.0012738487612215,12.738487612214996,9,2026-07-13/2026-07-19,74.672688016019
long okx / short gate,okx,gate,2026-07-18 00:00:00+00:00,0.0041719374247818,41.719374247818,9,2026-07-13/2026-07-19,74.672688016019
long okx / short gate,okx,gate,2026-07-19 00:00:00+00:00,0.0019714826155986,19.714826155986,9,2026-07-13/2026-07-19,74.672688016019
long okx / short gate,okx,gate,2026-07-20 00:00:00+00:00,0.0008114881611853,8.114881611852997,9,2026-07-20/2026-07-26,-16.051785922314004
long okx / short gate,okx,gate,2026-07-21 00:00:00+00:00,-0.00033538487744070005,-3.353848774407,9,2026-07-20/2026-07-26,-16.051785922314004
long okx / short gate,okx,gate,2026-07-22 00:00:00+00:00,-0.0020812818759759996,-20.81281875976,9,2026-07-20/2026-07-26,-16.051785922314004
long okx / short hyperliquid,okx,hyperliquid,2026-07-19 00:00:00+00:00,0.00026198489999999997,2.6198490000000003,7,2026-07-13/2026-07-19,2.6198490000000003
long okx / short hyperliquid,okx,hyperliquid,2026-07-20 00:00:00+00:00,-0.0013248144388147,-13.248144388147002,27,2026-07-20/2026-07-26,-17.809338922314
long okx / short hyperliquid,okx,hyperliquid,2026-07-21 00:00:00+00:00,0.0003895587225593002,3.895587225593,27,2026-07-20/2026-07-26,-17.809338922314
long okx / short hyperliquid,okx,hyperliquid,2026-07-22 00:00:00+00:00,-0.0008456781759759999,-8.456781759759998,27,2026-07-20/2026-07-26,-17.809338922314
