group_type,group_value,threshold_bps,target_bps,horizon_minutes,event_count_total,hit_count,naive_hit_rate,eligible_event_count,completed_event_count,censored_event_count,observed_rate_complete_cases,rate_note
ALL,ALL,20,20,5,4816,4179,0.8677325581395349,4814,4812,4,0.8680930619027836,完整可观察事件比例；不是Kaplan-Meier或无偏总体概率
ALL,ALL,20,20,15,4816,4586,0.9522425249169435,4814,4812,4,0.9526381387619444,完整可观察事件比例；不是Kaplan-Meier或无偏总体概率
ALL,ALL,20,20,30,4816,4700,0.9759136212624585,4814,4812,4,0.9763190693809721,完整可观察事件比例；不是Kaplan-Meier或无偏总体概率
ALL,ALL,20,20,60,4816,4756,0.9875415282392026,4814,4812,4,0.9879518072289156,完整可观察事件比例；不是Kaplan-Meier或无偏总体概率
ALL,ALL,20,20,240,4816,4793,0.9952242524916943,4813,4812,4,0.9958445875753168,完整可观察事件比例；不是Kaplan-Meier或无偏总体概率
ALL,ALL,20,20,1440,4816,4809,0.998546511627907,4813,4812,4,0.9991689175150633,完整可观察事件比例；不是Kaplan-Meier或无偏总体概率
ALL,ALL,20,10,5,4816,904,0.1877076411960133,4810,4812,4,0.18794178794178795,完整可观察事件比例；不是Kaplan-Meier或无偏总体概率
ALL,ALL,20,10,15,4816,1643,0.34115448504983387,4809,4812,4,0.34165107090871283,完整可观察事件比例；不是Kaplan-Meier或无偏总体概率
ALL,ALL,20,10,30,4816,2219,0.46075581395348836,4805,4812,4,0.4618106139438085,完整可观察事件比例；不是Kaplan-Meier或无偏总体概率
ALL,ALL,20,10,60,4816,2849,0.5915697674418605,4800,4812,4,0.5935416666666666,完整可观察事件比例；不是Kaplan-Meier或无偏总体概率
ALL,ALL,20,10,240,4816,3965,0.823297342192691,4792,4812,4,0.8274207011686143,完整可观察事件比例；不是Kaplan-Meier或无偏总体概率
ALL,ALL,20,10,1440,4816,4613,0.9578488372093024,4779,4812,4,0.9652646997279766,完整可观察事件比例；不是Kaplan-Meier或无偏总体概率
ALL,ALL,20,0,5,4816,215,0.044642857142857144,4810,4812,4,0.0446985446985447,完整可观察事件比例；不是Kaplan-Meier或无偏总体概率
ALL,ALL,20,0,15,4816,469,0.09738372093023256,4809,4812,4,0.0975254730713246,完整可观察事件比例；不是Kaplan-Meier或无偏总体概率
ALL,ALL,20,0,30,4816,771,0.16009136212624583,4805,4812,4,0.16045785639958376,完整可观察事件比例；不是Kaplan-Meier或无偏总体概率
ALL,ALL,20,0,60,4816,1178,0.2446013289036545,4800,4812,4,0.24541666666666667,完整可观察事件比例；不是Kaplan-Meier或无偏总体概率
ALL,ALL,20,0,240,4816,2353,0.4885797342192691,4765,4812,4,0.4938090241343127,完整可观察事件比例；不是Kaplan-Meier或无偏总体概率
ALL,ALL,20,0,1440,4816,4117,0.854858803986711,4706,4812,4,0.8748406289842754,完整可观察事件比例；不是Kaplan-Meier或无偏总体概率
PAIR,binance/bitget,20,20,5,1587,1417,0.8928796471329553,1587,1587,0,0.8928796471329553,完整可观察事件比例；不是Kaplan-Meier或无偏总体概率
PAIR,binance/bitget,20,20,15,1587,1539,0.9697542533081286,1587,1587,0,0.9697542533081286,完整可观察事件比例；不是Kaplan-Meier或无偏总体概率
PAIR,binance/bitget,20,20,30,1587,1566,0.9867674858223062,1587,1587,0,0.9867674858223062,完整可观察事件比例；不是Kaplan-Meier或无偏总体概率
PAIR,binance/bitget,20,20,60,1587,1575,0.9924385633270322,1587,1587,0,0.9924385633270322,完整可观察事件比例；不是Kaplan-Meier或无偏总体概率
PAIR,binance/bitget,20,20,240,1587,1584,0.998109640831758,1587,1587,0,0.998109640831758,完整可观察事件比例；不是Kaplan-Meier或无偏总体概率
PAIR,binance/bitget,20,20,1440,1587,1586,0.9993698802772527,1587,1587,0,0.9993698802772527,完整可观察事件比例；不是Kaplan-Meier或无偏总体概率
PAIR,binance/bitget,20,10,5,1587,228,0.14366729678638943,1587,1587,0,0.14366729678638943,完整可观察事件比例；不是Kaplan-Meier或无偏总体概率
PAIR,binance/bitget,20,10,15,1587,432,0.2722117202268431,1587,1587,0,0.2722117202268431,完整可观察事件比例；不是Kaplan-Meier或无偏总体概率
PAIR,binance/bitget,20,10,30,1587,613,0.38626339004410837,1587,1587,0,0.38626339004410837,完整可观察事件比例；不是Kaplan-Meier或无偏总体概率
PAIR,binance/bitget,20,10,60,1587,815,0.5135475740390675,1587,1587,0,0.5135475740390675,完整可观察事件比例；不是Kaplan-Meier或无偏总体概率
PAIR,binance/bitget,20,10,240,1587,1251,0.7882797731568998,1587,1587,0,0.7882797731568998,完整可观察事件比例；不是Kaplan-Meier或无偏总体概率
PAIR,binance/bitget,20,10,1440,1587,1483,0.9344675488342785,1587,1587,0,0.9344675488342785,完整可观察事件比例；不是Kaplan-Meier或无偏总体概率
PAIR,binance/bitget,20,0,5,1587,51,0.03213610586011342,1587,1587,0,0.03213610586011342,完整可观察事件比例；不是Kaplan-Meier或无偏总体概率
PAIR,binance/bitget,20,0,15,1587,98,0.06175173282923756,1587,1587,0,0.06175173282923756,完整可观察事件比例；不是Kaplan-Meier或无偏总体概率
PAIR,binance/bitget,20,0,30,1587,159,0.1001890359168242,1587,1587,0,0.1001890359168242,完整可观察事件比例；不是Kaplan-Meier或无偏总体概率
PAIR,binance/bitget,20,0,60,1587,244,0.15374921235034655,1587,1587,0,0.15374921235034655,完整可观察事件比例；不是Kaplan-Meier或无偏总体概率
PAIR,binance/bitget,20,0,240,1587,598,0.37681159420289856,1587,1587,0,0.37681159420289856,完整可观察事件比例；不是Kaplan-Meier或无偏总体概率
PAIR,binance/bitget,20,0,1440,1587,1281,0.8071833648393195,1587,1587,0,0.8071833648393195,完整可观察事件比例；不是Kaplan-Meier或无偏总体概率
PAIR,binance/gate,20,20,5,126,115,0.9126984126984127,126,126,0,0.9126984126984127,完整可观察事件比例；不是Kaplan-Meier或无偏总体概率
PAIR,binance/gate,20,20,15,126,124,0.9841269841269841,126,126,0,0.9841269841269841,完整可观察事件比例；不是Kaplan-Meier或无偏总体概率
PAIR,binance/gate,20,20,30,126,125,0.9920634920634921,126,126,0,0.9920634920634921,完整可观察事件比例；不是Kaplan-Meier或无偏总体概率
PAIR,binance/gate,20,20,60,126,125,0.9920634920634921,126,126,0,0.9920634920634921,完整可观察事件比例；不是Kaplan-Meier或无偏总体概率
PAIR,binance/gate,20,20,240,126,125,0.9920634920634921,126,126,0,0.9920634920634921,完整可观察事件比例；不是Kaplan-Meier或无偏总体概率
PAIR,binance/gate,20,20,1440,126,125,0.9920634920634921,126,126,0,0.9920634920634921,完整可观察事件比例；不是Kaplan-Meier或无偏总体概率
PAIR,binance/gate,20,10,5,126,36,0.2857142857142857,126,126,0,0.2857142857142857,完整可观察事件比例；不是Kaplan-Meier或无偏总体概率
PAIR,binance/gate,20,10,15,126,51,0.40476190476190477,126,126,0,0.40476190476190477,完整可观察事件比例；不是Kaplan-Meier或无偏总体概率
PAIR,binance/gate,20,10,30,126,58,0.4603174603174603,126,126,0,0.4603174603174603,完整可观察事件比例；不是Kaplan-Meier或无偏总体概率
PAIR,binance/gate,20,10,60,126,72,0.5714285714285714,126,126,0,0.5714285714285714,完整可观察事件比例；不是Kaplan-Meier或无偏总体概率
PAIR,binance/gate,20,10,240,126,102,0.8095238095238095,126,126,0,0.8095238095238095,完整可观察事件比例；不是Kaplan-Meier或无偏总体概率
PAIR,binance/gate,20,10,1440,126,124,0.9841269841269841,126,126,0,0.9841269841269841,完整可观察事件比例；不是Kaplan-Meier或无偏总体概率
PAIR,binance/gate,20,0,5,126,11,0.0873015873015873,126,126,0,0.0873015873015873,完整可观察事件比例；不是Kaplan-Meier或无偏总体概率
PAIR,binance/gate,20,0,15,126,20,0.15873015873015872,126,126,0,0.15873015873015872,完整可观察事件比例；不是Kaplan-Meier或无偏总体概率
PAIR,binance/gate,20,0,30,126,31,0.24603174603174602,126,126,0,0.24603174603174602,完整可观察事件比例；不是Kaplan-Meier或无偏总体概率
PAIR,binance/gate,20,0,60,126,50,0.3968253968253968,126,126,0,0.3968253968253968,完整可观察事件比例；不是Kaplan-Meier或无偏总体概率
PAIR,binance/gate,20,0,240,126,85,0.6746031746031746,126,126,0,0.6746031746031746,完整可观察事件比例；不是Kaplan-Meier或无偏总体概率
PAIR,binance/gate,20,0,1440,126,124,0.9841269841269841,126,126,0,0.9841269841269841,完整可观察事件比例；不是Kaplan-Meier或无偏总体概率
PAIR,binance/hyperliquid,20,20,5,150,133,0.8866666666666667,150,149,1,0.8866666666666667,完整可观察事件比例；不是Kaplan-Meier或无偏总体概率
PAIR,binance/hyperliquid,20,20,15,150,141,0.94,150,149,1,0.94,完整可观察事件比例；不是Kaplan-Meier或无偏总体概率
PAIR,binance/hyperliquid,20,20,30,150,146,0.9733333333333334,150,149,1,0.9733333333333334,完整可观察事件比例；不是Kaplan-Meier或无偏总体概率
PAIR,binance/hyperliquid,20,20,60,150,147,0.98,150,149,1,0.98,完整可观察事件比例；不是Kaplan-Meier或无偏总体概率
PAIR,binance/hyperliquid,20,20,240,150,149,0.9933333333333333,150,149,1,0.9933333333333333,完整可观察事件比例；不是Kaplan-Meier或无偏总体概率
PAIR,binance/hyperliquid,20,20,1440,150,150,1.0,150,149,1,1.0,完整可观察事件比例；不是Kaplan-Meier或无偏总体概率
PAIR,binance/hyperliquid,20,10,5,150,40,0.26666666666666666,149,149,1,0.2684563758389262,完整可观察事件比例；不是Kaplan-Meier或无偏总体概率
PAIR,binance/hyperliquid,20,10,15,150,65,0.43333333333333335,148,149,1,0.4391891891891892,完整可观察事件比例；不是Kaplan-Meier或无偏总体概率
PAIR,binance/hyperliquid,20,10,30,150,83,0.5533333333333333,147,149,1,0.564625850340136,完整可观察事件比例；不是Kaplan-Meier或无偏总体概率
PAIR,binance/hyperliquid,20,10,60,150,106,0.7066666666666667,147,149,1,0.7210884353741497,完整可观察事件比例；不是Kaplan-Meier或无偏总体概率
PAIR,binance/hyperliquid,20,10,240,150,124,0.8266666666666667,145,149,1,0.8551724137931035,完整可观察事件比例；不是Kaplan-Meier或无偏总体概率
PAIR,binance/hyperliquid,20,10,1440,150,137,0.9133333333333333,137,149,1,1.0,完整可观察事件比例；不是Kaplan-Meier或无偏总体概率
PAIR,binance/hyperliquid,20,0,5,150,6,0.04,149,149,1,0.040268456375838924,完整可观察事件比例；不是Kaplan-Meier或无偏总体概率
PAIR,binance/hyperliquid,20,0,15,150,16,0.10666666666666667,148,149,1,0.10810810810810811,完整可观察事件比例；不是Kaplan-Meier或无偏总体概率
PAIR,binance/hyperliquid,20,0,30,150,28,0.18666666666666668,147,149,1,0.19047619047619047,完整可观察事件比例；不是Kaplan-Meier或无偏总体概率
PAIR,binance/hyperliquid,20,0,60,150,46,0.30666666666666664,147,149,1,0.3129251700680272,完整可观察事件比例；不是Kaplan-Meier或无偏总体概率
PAIR,binance/hyperliquid,20,0,240,150,98,0.6533333333333333,145,149,1,0.6758620689655173,完整可观察事件比例；不是Kaplan-Meier或无偏总体概率
PAIR,binance/hyperliquid,20,0,1440,150,130,0.8666666666666667,130,149,1,1.0,完整可观察事件比例；不是Kaplan-Meier或无偏总体概率
PAIR,binance/okx,20,20,5,1332,1156,0.8678678678678678,1332,1332,0,0.8678678678678678,完整可观察事件比例；不是Kaplan-Meier或无偏总体概率
PAIR,binance/okx,20,20,15,1332,1273,0.9557057057057057,1332,1332,0,0.9557057057057057,完整可观察事件比例；不是Kaplan-Meier或无偏总体概率
PAIR,binance/okx,20,20,30,1332,1305,0.9797297297297297,1332,1332,0,0.9797297297297297,完整可观察事件比例；不是Kaplan-Meier或无偏总体概率
PAIR,binance/okx,20,20,60,1332,1319,0.9902402402402403,1332,1332,0,0.9902402402402403,完整可观察事件比例；不是Kaplan-Meier或无偏总体概率
PAIR,binance/okx,20,20,240,1332,1329,0.9977477477477478,1332,1332,0,0.9977477477477478,完整可观察事件比例；不是Kaplan-Meier或无偏总体概率
PAIR,binance/okx,20,20,1440,1332,1332,1.0,1332,1332,0,1.0,完整可观察事件比例；不是Kaplan-Meier或无偏总体概率
PAIR,binance/okx,20,10,5,1332,360,0.2702702702702703,1331,1332,0,0.270473328324568,完整可观察事件比例；不是Kaplan-Meier或无偏总体概率
PAIR,binance/okx,20,10,15,1332,618,0.46396396396396394,1331,1332,0,0.46431254695717505,完整可观察事件比例；不是Kaplan-Meier或无偏总体概率
PAIR,binance/okx,20,10,30,1332,783,0.5878378378378378,1331,1332,0,0.5882794891059354,完整可观察事件比例；不是Kaplan-Meier或无偏总体概率
PAIR,binance/okx,20,10,60,1332,947,0.710960960960961,1331,1332,0,0.7114951164537942,完整可观察事件比例；不是Kaplan-Meier或无偏总体概率
PAIR,binance/okx,20,10,240,1332,1202,0.9024024024024024,1331,1332,0,0.9030803906836965,完整可观察事件比例；不是Kaplan-Meier或无偏总体概率
PAIR,binance/okx,20,10,1440,1332,1330,0.9984984984984985,1331,1332,0,0.9992486851990984,完整可观察事件比例；不是Kaplan-Meier或无偏总体概率
PAIR,binance/okx,20,0,5,1332,88,0.06606606606606606,1331,1332,0,0.06611570247933884,完整可观察事件比例；不是Kaplan-Meier或无偏总体概率
PAIR,binance/okx,20,0,15,1332,207,0.1554054054054054,1331,1332,0,0.1555221637866266,完整可观察事件比例；不是Kaplan-Meier或无偏总体概率
PAIR,binance/okx,20,0,30,1332,333,0.25,1331,1332,0,0.2501878287002254,完整可观察事件比例；不是Kaplan-Meier或无偏总体概率
PAIR,binance/okx,20,0,60,1332,510,0.38288288288288286,1331,1332,0,0.38317054845980464,完整可观察事件比例；不是Kaplan-Meier或无偏总体概率
PAIR,binance/okx,20,0,240,1332,873,0.6554054054054054,1320,1332,0,0.6613636363636364,完整可观察事件比例；不是Kaplan-Meier或无偏总体概率
PAIR,binance/okx,20,0,1440,1332,1246,0.9354354354354354,1320,1332,0,0.943939393939394,完整可观察事件比例；不是Kaplan-Meier或无偏总体概率
PAIR,bitget/gate,20,20,5,153,137,0.8954248366013072,153,153,0,0.8954248366013072,完整可观察事件比例；不是Kaplan-Meier或无偏总体概率
PAIR,bitget/gate,20,20,15,153,147,0.9607843137254902,153,153,0,0.9607843137254902,完整可观察事件比例；不是Kaplan-Meier或无偏总体概率
PAIR,bitget/gate,20,20,30,153,151,0.9869281045751634,153,153,0,0.9869281045751634,完整可观察事件比例；不是Kaplan-Meier或无偏总体概率
PAIR,bitget/gate,20,20,60,153,152,0.9934640522875817,153,153,0,0.9934640522875817,完整可观察事件比例；不是Kaplan-Meier或无偏总体概率
PAIR,bitget/gate,20,20,240,153,152,0.9934640522875817,153,153,0,0.9934640522875817,完整可观察事件比例；不是Kaplan-Meier或无偏总体概率
PAIR,bitget/gate,20,20,1440,153,152,0.9934640522875817,153,153,0,0.9934640522875817,完整可观察事件比例；不是Kaplan-Meier或无偏总体概率
PAIR,bitget/gate,20,10,5,153,36,0.23529411764705882,153,153,0,0.23529411764705882,完整可观察事件比例；不是Kaplan-Meier或无偏总体概率
PAIR,bitget/gate,20,10,15,153,51,0.3333333333333333,153,153,0,0.3333333333333333,完整可观察事件比例；不是Kaplan-Meier或无偏总体概率
PAIR,bitget/gate,20,10,30,153,62,0.40522875816993464,153,153,0,0.40522875816993464,完整可观察事件比例；不是Kaplan-Meier或无偏总体概率
PAIR,bitget/gate,20,10,60,153,88,0.5751633986928104,153,153,0,0.5751633986928104,完整可观察事件比例；不是Kaplan-Meier或无偏总体概率
PAIR,bitget/gate,20,10,240,153,120,0.7843137254901961,153,153,0,0.7843137254901961,完整可观察事件比例；不是Kaplan-Meier或无偏总体概率
PAIR,bitget/gate,20,10,1440,153,152,0.9934640522875817,153,153,0,0.9934640522875817,完整可观察事件比例；不是Kaplan-Meier或无偏总体概率
PAIR,bitget/gate,20,0,5,153,10,0.06535947712418301,153,153,0,0.06535947712418301,完整可观察事件比例；不是Kaplan-Meier或无偏总体概率
PAIR,bitget/gate,20,0,15,153,19,0.12418300653594772,153,153,0,0.12418300653594772,完整可观察事件比例；不是Kaplan-Meier或无偏总体概率
PAIR,bitget/gate,20,0,30,153,22,0.1437908496732026,153,153,0,0.1437908496732026,完整可观察事件比例；不是Kaplan-Meier或无偏总体概率
PAIR,bitget/gate,20,0,60,153,29,0.1895424836601307,153,153,0,0.1895424836601307,完整可观察事件比例；不是Kaplan-Meier或无偏总体概率
PAIR,bitget/gate,20,0,240,153,68,0.4444444444444444,153,153,0,0.4444444444444444,完整可观察事件比例；不是Kaplan-Meier或无偏总体概率
PAIR,bitget/gate,20,0,1440,153,152,0.9934640522875817,153,153,0,0.9934640522875817,完整可观察事件比例；不是Kaplan-Meier或无偏总体概率
PAIR,bitget/hyperliquid,20,20,5,58,43,0.7413793103448276,58,57,1,0.7413793103448276,完整可观察事件比例；不是Kaplan-Meier或无偏总体概率
PAIR,bitget/hyperliquid,20,20,15,58,49,0.8448275862068966,58,57,1,0.8448275862068966,完整可观察事件比例；不是Kaplan-Meier或无偏总体概率
PAIR,bitget/hyperliquid,20,20,30,58,52,0.896551724137931,58,57,1,0.896551724137931,完整可观察事件比例；不是Kaplan-Meier或无偏总体概率
PAIR,bitget/hyperliquid,20,20,60,58,54,0.9310344827586207,58,57,1,0.9310344827586207,完整可观察事件比例；不是Kaplan-Meier或无偏总体概率
PAIR,bitget/hyperliquid,20,20,240,58,54,0.9310344827586207,57,57,1,0.9473684210526315,完整可观察事件比例；不是Kaplan-Meier或无偏总体概率
PAIR,bitget/hyperliquid,20,20,1440,58,57,0.9827586206896551,57,57,1,1.0,完整可观察事件比例；不是Kaplan-Meier或无偏总体概率
PAIR,bitget/hyperliquid,20,10,5,58,10,0.1724137931034483,58,57,1,0.1724137931034483,完整可观察事件比例；不是Kaplan-Meier或无偏总体概率
PAIR,bitget/hyperliquid,20,10,15,58,19,0.3275862068965517,58,57,1,0.3275862068965517,完整可观察事件比例；不是Kaplan-Meier或无偏总体概率
PAIR,bitget/hyperliquid,20,10,30,58,29,0.5,58,57,1,0.5,完整可观察事件比例；不是Kaplan-Meier或无偏总体概率
PAIR,bitget/hyperliquid,20,10,60,58,35,0.603448275862069,58,57,1,0.603448275862069,完整可观察事件比例；不是Kaplan-Meier或无偏总体概率
PAIR,bitget/hyperliquid,20,10,240,58,49,0.8448275862068966,57,57,1,0.8596491228070176,完整可观察事件比例；不是Kaplan-Meier或无偏总体概率
PAIR,bitget/hyperliquid,20,10,1440,58,57,0.9827586206896551,57,57,1,1.0,完整可观察事件比例；不是Kaplan-Meier或无偏总体概率
PAIR,bitget/hyperliquid,20,0,5,58,3,0.05172413793103448,58,57,1,0.05172413793103448,完整可观察事件比例；不是Kaplan-Meier或无偏总体概率
PAIR,bitget/hyperliquid,20,0,15,58,6,0.10344827586206896,58,57,1,0.10344827586206896,完整可观察事件比例；不是Kaplan-Meier或无偏总体概率
PAIR,bitget/hyperliquid,20,0,30,58,8,0.13793103448275862,58,57,1,0.13793103448275862,完整可观察事件比例；不是Kaplan-Meier或无偏总体概率
PAIR,bitget/hyperliquid,20,0,60,58,9,0.15517241379310345,58,57,1,0.15517241379310345,完整可观察事件比例；不是Kaplan-Meier或无偏总体概率
PAIR,bitget/hyperliquid,20,0,240,58,20,0.3448275862068966,57,57,1,0.3508771929824561,完整可观察事件比例；不是Kaplan-Meier或无偏总体概率
PAIR,bitget/hyperliquid,20,0,1440,58,54,0.9310344827586207,57,57,1,0.9473684210526315,完整可观察事件比例；不是Kaplan-Meier或无偏总体概率
PAIR,bitget/okx,20,20,5,982,832,0.8472505091649695,981,981,1,0.8481141692150866,完整可观察事件比例；不是Kaplan-Meier或无偏总体概率
PAIR,bitget/okx,20,20,15,982,922,0.9389002036659878,981,981,1,0.9398572884811417,完整可观察事件比例；不是Kaplan-Meier或无偏总体概率
PAIR,bitget/okx,20,20,30,982,949,0.9663951120162932,981,981,1,0.9673802242609582,完整可观察事件比例；不是Kaplan-Meier或无偏总体概率
PAIR,bitget/okx,20,20,60,982,970,0.9877800407331976,981,981,1,0.9887869520897044,完整可观察事件比例；不是Kaplan-Meier或无偏总体概率
PAIR,bitget/okx,20,20,240,982,975,0.9928716904276986,981,981,1,0.9938837920489296,完整可观察事件比例；不是Kaplan-Meier或无偏总体概率
PAIR,bitget/okx,20,20,1440,982,981,0.9989816700610998,981,981,1,1.0,完整可观察事件比例；不是Kaplan-Meier或无偏总体概率
PAIR,bitget/okx,20,10,5,982,147,0.14969450101832993,981,981,1,0.14984709480122324,完整可观察事件比例；不是Kaplan-Meier或无偏总体概率
PAIR,bitget/okx,20,10,15,982,301,0.3065173116089613,981,981,1,0.3068297655453619,完整可观察事件比例；不是Kaplan-Meier或无偏总体概率
PAIR,bitget/okx,20,10,30,982,411,0.4185336048879837,980,981,1,0.4193877551020408,完整可观察事件比例；不是Kaplan-Meier或无偏总体概率
PAIR,bitget/okx,20,10,60,982,522,0.5315682281059063,975,981,1,0.5353846153846153,完整可观察事件比例；不是Kaplan-Meier或无偏总体概率
PAIR,bitget/okx,20,10,240,982,741,0.754582484725051,973,981,1,0.7615621788283659,完整可观察事件比例；不是Kaplan-Meier或无偏总体概率
PAIR,bitget/okx,20,10,1440,982,916,0.9327902240325866,973,981,1,0.9414182939362795,完整可观察事件比例；不是Kaplan-Meier或无偏总体概率
PAIR,bitget/okx,20,0,5,982,41,0.04175152749490835,981,981,1,0.0417940876656473,完整可观察事件比例；不是Kaplan-Meier或无偏总体概率
PAIR,bitget/okx,20,0,15,982,97,0.09877800407331976,981,981,1,0.09887869520897044,完整可观察事件比例；不是Kaplan-Meier或无偏总体概率
PAIR,bitget/okx,20,0,30,982,166,0.1690427698574338,980,981,1,0.16938775510204082,完整可观察事件比例；不是Kaplan-Meier或无偏总体概率
PAIR,bitget/okx,20,0,60,982,235,0.23930753564154786,975,981,1,0.24102564102564103,完整可观察事件比例；不是Kaplan-Meier或无偏总体概率
PAIR,bitget/okx,20,0,240,982,438,0.4460285132382892,964,981,1,0.45435684647302904,完整可观察事件比例；不是Kaplan-Meier或无偏总体概率
PAIR,bitget/okx,20,0,1440,982,782,0.7963340122199593,954,981,1,0.8197064989517819,完整可观察事件比例；不是Kaplan-Meier或无偏总体概率
PAIR,gate/hyperliquid,20,20,5,118,82,0.6949152542372882,117,117,1,0.7008547008547008,完整可观察事件比例；不是Kaplan-Meier或无偏总体概率
PAIR,gate/hyperliquid,20,20,15,118,102,0.864406779661017,117,117,1,0.8717948717948718,完整可观察事件比例；不是Kaplan-Meier或无偏总体概率
PAIR,gate/hyperliquid,20,20,30,118,105,0.8898305084745762,117,117,1,0.8974358974358975,完整可观察事件比例；不是Kaplan-Meier或无偏总体概率
PAIR,gate/hyperliquid,20,20,60,118,108,0.9152542372881356,117,117,1,0.9230769230769231,完整可观察事件比例；不是Kaplan-Meier或无偏总体概率
PAIR,gate/hyperliquid,20,20,240,118,116,0.9830508474576272,117,117,1,0.9914529914529915,完整可观察事件比例；不是Kaplan-Meier或无偏总体概率
PAIR,gate/hyperliquid,20,20,1440,118,117,0.9915254237288136,117,117,1,1.0,完整可观察事件比例；不是Kaplan-Meier或无偏总体概率
PAIR,gate/hyperliquid,20,10,5,118,9,0.07627118644067797,116,117,1,0.07758620689655173,完整可观察事件比例；不是Kaplan-Meier或无偏总体概率
PAIR,gate/hyperliquid,20,10,15,118,24,0.2033898305084746,116,117,1,0.20689655172413793,完整可观察事件比例；不是Kaplan-Meier或无偏总体概率
PAIR,gate/hyperliquid,20,10,30,118,42,0.3559322033898305,115,117,1,0.3652173913043478,完整可观察事件比例；不是Kaplan-Meier或无偏总体概率
PAIR,gate/hyperliquid,20,10,60,118,59,0.5,115,117,1,0.5130434782608696,完整可观察事件比例；不是Kaplan-Meier或无偏总体概率
PAIR,gate/hyperliquid,20,10,240,118,82,0.6949152542372882,112,117,1,0.7321428571428571,完整可观察事件比例；不是Kaplan-Meier或无偏总体概率
PAIR,gate/hyperliquid,20,10,1440,118,107,0.9067796610169492,107,117,1,1.0,完整可观察事件比例；不是Kaplan-Meier或无偏总体概率
PAIR,gate/hyperliquid,20,0,5,118,0,0.0,116,117,1,0.0,完整可观察事件比例；不是Kaplan-Meier或无偏总体概率
PAIR,gate/hyperliquid,20,0,15,118,0,0.0,116,117,1,0.0,完整可观察事件比例；不是Kaplan-Meier或无偏总体概率
PAIR,gate/hyperliquid,20,0,30,118,1,0.00847457627118644,115,117,1,0.008695652173913044,完整可观察事件比例；不是Kaplan-Meier或无偏总体概率
PAIR,gate/hyperliquid,20,0,60,118,9,0.07627118644067797,115,117,1,0.0782608695652174,完整可观察事件比例；不是Kaplan-Meier或无偏总体概率
PAIR,gate/hyperliquid,20,0,240,118,38,0.3220338983050847,112,117,1,0.3392857142857143,完整可观察事件比例；不是Kaplan-Meier或无偏总体概率
PAIR,gate/hyperliquid,20,0,1440,118,77,0.652542372881356,99,117,1,0.7777777777777778,完整可观察事件比例；不是Kaplan-Meier或无偏总体概率
PAIR,gate/okx,20,20,5,200,169,0.845,200,200,0,0.845,完整可观察事件比例；不是Kaplan-Meier或无偏总体概率
PAIR,gate/okx,20,20,15,200,184,0.92,200,200,0,0.92,完整可观察事件比例；不是Kaplan-Meier或无偏总体概率
PAIR,gate/okx,20,20,30,200,193,0.965,200,200,0,0.965,完整可观察事件比例；不是Kaplan-Meier或无偏总体概率
PAIR,gate/okx,20,20,60,200,196,0.98,200,200,0,0.98,完整可观察事件比例；不是Kaplan-Meier或无偏总体概率
PAIR,gate/okx,20,20,240,200,199,0.995,200,200,0,0.995,完整可观察事件比例；不是Kaplan-Meier或无偏总体概率
PAIR,gate/okx,20,20,1440,200,199,0.995,200,200,0,0.995,完整可观察事件比例；不是Kaplan-Meier或无偏总体概率
PAIR,gate/okx,20,10,5,200,20,0.1,199,200,0,0.10050251256281408,完整可观察事件比例；不是Kaplan-Meier或无偏总体概率
PAIR,gate/okx,20,10,15,200,50,0.25,199,200,0,0.25125628140703515,完整可观察事件比例；不是Kaplan-Meier或无偏总体概率
PAIR,gate/okx,20,10,30,200,84,0.42,198,200,0,0.42424242424242425,完整可观察事件比例；不是Kaplan-Meier或无偏总体概率
PAIR,gate/okx,20,10,60,200,127,0.635,198,200,0,0.6414141414141414,完整可观察事件比例；不是Kaplan-Meier或无偏总体概率
PAIR,gate/okx,20,10,240,200,186,0.93,198,200,0,0.9393939393939394,完整可观察事件比例；不是Kaplan-Meier或无偏总体概率
PAIR,gate/okx,20,10,1440,200,197,0.985,198,200,0,0.9949494949494949,完整可观察事件比例；不是Kaplan-Meier或无偏总体概率
PAIR,gate/okx,20,0,5,200,2,0.01,199,200,0,0.010050251256281407,完整可观察事件比例；不是Kaplan-Meier或无偏总体概率
PAIR,gate/okx,20,0,15,200,3,0.015,199,200,0,0.01507537688442211,完整可观察事件比例；不是Kaplan-Meier或无偏总体概率
PAIR,gate/okx,20,0,30,200,9,0.045,198,200,0,0.045454545454545456,完整可观察事件比例；不是Kaplan-Meier或无偏总体概率
PAIR,gate/okx,20,0,60,200,19,0.095,198,200,0,0.09595959595959595,完整可观察事件比例；不是Kaplan-Meier或无偏总体概率
PAIR,gate/okx,20,0,240,200,61,0.305,193,200,0,0.3160621761658031,完整可观察事件比例；不是Kaplan-Meier或无偏总体概率
PAIR,gate/okx,20,0,1440,200,163,0.815,172,200,0,0.9476744186046512,完整可观察事件比例；不是Kaplan-Meier或无偏总体概率
PAIR,hyperliquid/okx,20,20,5,110,95,0.8636363636363636,110,110,0,0.8636363636363636,完整可观察事件比例；不是Kaplan-Meier或无偏总体概率
PAIR,hyperliquid/okx,20,20,15,110,105,0.9545454545454546,110,110,0,0.9545454545454546,完整可观察事件比例；不是Kaplan-Meier或无偏总体概率
PAIR,hyperliquid/okx,20,20,30,110,108,0.9818181818181818,110,110,0,0.9818181818181818,完整可观察事件比例；不是Kaplan-Meier或无偏总体概率
PAIR,hyperliquid/okx,20,20,60,110,110,1.0,110,110,0,1.0,完整可观察事件比例；不是Kaplan-Meier或无偏总体概率
PAIR,hyperliquid/okx,20,20,240,110,110,1.0,110,110,0,1.0,完整可观察事件比例；不是Kaplan-Meier或无偏总体概率
PAIR,hyperliquid/okx,20,20,1440,110,110,1.0,110,110,0,1.0,完整可观察事件比例；不是Kaplan-Meier或无偏总体概率
PAIR,hyperliquid/okx,20,10,5,110,18,0.16363636363636364,110,110,0,0.16363636363636364,完整可观察事件比例；不是Kaplan-Meier或无偏总体概率
PAIR,hyperliquid/okx,20,10,15,110,32,0.2909090909090909,110,110,0,0.2909090909090909,完整可观察事件比例；不是Kaplan-Meier或无偏总体概率
PAIR,hyperliquid/okx,20,10,30,110,54,0.4909090909090909,110,110,0,0.4909090909090909,完整可观察事件比例；不是Kaplan-Meier或无偏总体概率
PAIR,hyperliquid/okx,20,10,60,110,78,0.7090909090909091,110,110,0,0.7090909090909091,完整可观察事件比例；不是Kaplan-Meier或无偏总体概率
PAIR,hyperliquid/okx,20,10,240,110,108,0.9818181818181818,110,110,0,0.9818181818181818,完整可观察事件比例；不是Kaplan-Meier或无偏总体概率
PAIR,hyperliquid/okx,20,10,1440,110,110,1.0,110,110,0,1.0,完整可观察事件比例；不是Kaplan-Meier或无偏总体概率
PAIR,hyperliquid/okx,20,0,5,110,3,0.02727272727272727,110,110,0,0.02727272727272727,完整可观察事件比例；不是Kaplan-Meier或无偏总体概率
PAIR,hyperliquid/okx,20,0,15,110,3,0.02727272727272727,110,110,0,0.02727272727272727,完整可观察事件比例；不是Kaplan-Meier或无偏总体概率
PAIR,hyperliquid/okx,20,0,30,110,14,0.12727272727272726,110,110,0,0.12727272727272726,完整可观察事件比例；不是Kaplan-Meier或无偏总体概率
PAIR,hyperliquid/okx,20,0,60,110,27,0.24545454545454545,110,110,0,0.24545454545454545,完整可观察事件比例；不是Kaplan-Meier或无偏总体概率
PAIR,hyperliquid/okx,20,0,240,110,74,0.6727272727272727,108,110,0,0.6851851851851852,完整可观察事件比例；不是Kaplan-Meier或无偏总体概率
PAIR,hyperliquid/okx,20,0,1440,110,108,0.9818181818181818,108,110,0,1.0,完整可观察事件比例；不是Kaplan-Meier或无偏总体概率
START_SESSION,BOTH_PRIMARY_MARKETS_CLOSED,20,20,5,228,189,0.8289473684210527,228,228,0,0.8289473684210527,完整可观察事件比例；不是Kaplan-Meier或无偏总体概率
START_SESSION,BOTH_PRIMARY_MARKETS_CLOSED,20,20,15,228,221,0.9692982456140351,228,228,0,0.9692982456140351,完整可观察事件比例；不是Kaplan-Meier或无偏总体概率
START_SESSION,BOTH_PRIMARY_MARKETS_CLOSED,20,20,30,228,223,0.9780701754385965,228,228,0,0.9780701754385965,完整可观察事件比例；不是Kaplan-Meier或无偏总体概率
START_SESSION,BOTH_PRIMARY_MARKETS_CLOSED,20,20,60,228,224,0.9824561403508771,228,228,0,0.9824561403508771,完整可观察事件比例；不是Kaplan-Meier或无偏总体概率
START_SESSION,BOTH_PRIMARY_MARKETS_CLOSED,20,20,240,228,224,0.9824561403508771,228,228,0,0.9824561403508771,完整可观察事件比例；不是Kaplan-Meier或无偏总体概率
START_SESSION,BOTH_PRIMARY_MARKETS_CLOSED,20,20,1440,228,228,1.0,228,228,0,1.0,完整可观察事件比例；不是Kaplan-Meier或无偏总体概率
START_SESSION,BOTH_PRIMARY_MARKETS_CLOSED,20,10,5,228,23,0.10087719298245613,228,228,0,0.10087719298245613,完整可观察事件比例；不是Kaplan-Meier或无偏总体概率
START_SESSION,BOTH_PRIMARY_MARKETS_CLOSED,20,10,15,228,54,0.23684210526315788,228,228,0,0.23684210526315788,完整可观察事件比例；不是Kaplan-Meier或无偏总体概率
START_SESSION,BOTH_PRIMARY_MARKETS_CLOSED,20,10,30,228,85,0.37280701754385964,228,228,0,0.37280701754385964,完整可观察事件比例；不是Kaplan-Meier或无偏总体概率
START_SESSION,BOTH_PRIMARY_MARKETS_CLOSED,20,10,60,228,125,0.5482456140350878,228,228,0,0.5482456140350878,完整可观察事件比例；不是Kaplan-Meier或无偏总体概率
START_SESSION,BOTH_PRIMARY_MARKETS_CLOSED,20,10,240,228,195,0.8552631578947368,228,228,0,0.8552631578947368,完整可观察事件比例；不是Kaplan-Meier或无偏总体概率
START_SESSION,BOTH_PRIMARY_MARKETS_CLOSED,20,10,1440,228,225,0.9868421052631579,228,228,0,0.9868421052631579,完整可观察事件比例；不是Kaplan-Meier或无偏总体概率
START_SESSION,BOTH_PRIMARY_MARKETS_CLOSED,20,0,5,228,5,0.021929824561403508,228,228,0,0.021929824561403508,完整可观察事件比例；不是Kaplan-Meier或无偏总体概率
START_SESSION,BOTH_PRIMARY_MARKETS_CLOSED,20,0,15,228,18,0.07894736842105263,228,228,0,0.07894736842105263,完整可观察事件比例；不是Kaplan-Meier或无偏总体概率
START_SESSION,BOTH_PRIMARY_MARKETS_CLOSED,20,0,30,228,35,0.15350877192982457,228,228,0,0.15350877192982457,完整可观察事件比例；不是Kaplan-Meier或无偏总体概率
START_SESSION,BOTH_PRIMARY_MARKETS_CLOSED,20,0,60,228,61,0.2675438596491228,228,228,0,0.2675438596491228,完整可观察事件比例；不是Kaplan-Meier或无偏总体概率
START_SESSION,BOTH_PRIMARY_MARKETS_CLOSED,20,0,240,228,148,0.6491228070175439,228,228,0,0.6491228070175439,完整可观察事件比例；不是Kaplan-Meier或无偏总体概率
START_SESSION,BOTH_PRIMARY_MARKETS_CLOSED,20,0,1440,228,228,1.0,228,228,0,1.0,完整可观察事件比例；不是Kaplan-Meier或无偏总体概率
START_SESSION,KRX_CLOSE_TRANSITION,20,20,5,33,31,0.9393939393939394,33,33,0,0.9393939393939394,完整可观察事件比例；不是Kaplan-Meier或无偏总体概率
START_SESSION,KRX_CLOSE_TRANSITION,20,20,15,33,33,1.0,33,33,0,1.0,完整可观察事件比例；不是Kaplan-Meier或无偏总体概率
START_SESSION,KRX_CLOSE_TRANSITION,20,20,30,33,33,1.0,33,33,0,1.0,完整可观察事件比例；不是Kaplan-Meier或无偏总体概率
START_SESSION,KRX_CLOSE_TRANSITION,20,20,60,33,33,1.0,33,33,0,1.0,完整可观察事件比例；不是Kaplan-Meier或无偏总体概率
START_SESSION,KRX_CLOSE_TRANSITION,20,20,240,33,33,1.0,33,33,0,1.0,完整可观察事件比例；不是Kaplan-Meier或无偏总体概率
START_SESSION,KRX_CLOSE_TRANSITION,20,20,1440,33,33,1.0,33,33,0,1.0,完整可观察事件比例；不是Kaplan-Meier或无偏总体概率
START_SESSION,KRX_CLOSE_TRANSITION,20,10,5,33,6,0.18181818181818182,33,33,0,0.18181818181818182,完整可观察事件比例；不是Kaplan-Meier或无偏总体概率
START_SESSION,KRX_CLOSE_TRANSITION,20,10,15,33,15,0.45454545454545453,33,33,0,0.45454545454545453,完整可观察事件比例；不是Kaplan-Meier或无偏总体概率
START_SESSION,KRX_CLOSE_TRANSITION,20,10,30,33,19,0.5757575757575758,33,33,0,0.5757575757575758,完整可观察事件比例；不是Kaplan-Meier或无偏总体概率
START_SESSION,KRX_CLOSE_TRANSITION,20,10,60,33,21,0.6363636363636364,31,33,0,0.6774193548387096,完整可观察事件比例；不是Kaplan-Meier或无偏总体概率
START_SESSION,KRX_CLOSE_TRANSITION,20,10,240,33,28,0.8484848484848485,30,33,0,0.9333333333333333,完整可观察事件比例；不是Kaplan-Meier或无偏总体概率
START_SESSION,KRX_CLOSE_TRANSITION,20,10,1440,33,30,0.9090909090909091,30,33,0,1.0,完整可观察事件比例；不是Kaplan-Meier或无偏总体概率
START_SESSION,KRX_CLOSE_TRANSITION,20,0,5,33,4,0.12121212121212122,33,33,0,0.12121212121212122,完整可观察事件比例；不是Kaplan-Meier或无偏总体概率
START_SESSION,KRX_CLOSE_TRANSITION,20,0,15,33,7,0.21212121212121213,33,33,0,0.21212121212121213,完整可观察事件比例；不是Kaplan-Meier或无偏总体概率
START_SESSION,KRX_CLOSE_TRANSITION,20,0,30,33,10,0.30303030303030304,33,33,0,0.30303030303030304,完整可观察事件比例；不是Kaplan-Meier或无偏总体概率
START_SESSION,KRX_CLOSE_TRANSITION,20,0,60,33,11,0.3333333333333333,31,33,0,0.3548387096774194,完整可观察事件比例；不是Kaplan-Meier或无偏总体概率
START_SESSION,KRX_CLOSE_TRANSITION,20,0,240,33,21,0.6363636363636364,30,33,0,0.7,完整可观察事件比例；不是Kaplan-Meier或无偏总体概率
START_SESSION,KRX_CLOSE_TRANSITION,20,0,1440,33,28,0.8484848484848485,30,33,0,0.9333333333333333,完整可观察事件比例；不是Kaplan-Meier或无偏总体概率
START_SESSION,KRX_HOLIDAY_OR_WEEKEND,20,20,5,1018,866,0.8506876227897839,1018,1018,0,0.8506876227897839,完整可观察事件比例；不是Kaplan-Meier或无偏总体概率
START_SESSION,KRX_HOLIDAY_OR_WEEKEND,20,20,15,1018,965,0.9479371316306483,1018,1018,0,0.9479371316306483,完整可观察事件比例；不是Kaplan-Meier或无偏总体概率
START_SESSION,KRX_HOLIDAY_OR_WEEKEND,20,20,30,1018,999,0.981335952848723,1018,1018,0,0.981335952848723,完整可观察事件比例；不是Kaplan-Meier或无偏总体概率
START_SESSION,KRX_HOLIDAY_OR_WEEKEND,20,20,60,1018,1012,0.9941060903732809,1018,1018,0,0.9941060903732809,完整可观察事件比例；不是Kaplan-Meier或无偏总体概率
START_SESSION,KRX_HOLIDAY_OR_WEEKEND,20,20,240,1018,1017,0.9990176817288802,1018,1018,0,0.9990176817288802,完整可观察事件比例；不是Kaplan-Meier或无偏总体概率
START_SESSION,KRX_HOLIDAY_OR_WEEKEND,20,20,1440,1018,1018,1.0,1018,1018,0,1.0,完整可观察事件比例；不是Kaplan-Meier或无偏总体概率
START_SESSION,KRX_HOLIDAY_OR_WEEKEND,20,10,5,1018,74,0.07269155206286837,1018,1018,0,0.07269155206286837,完整可观察事件比例；不是Kaplan-Meier或无偏总体概率
START_SESSION,KRX_HOLIDAY_OR_WEEKEND,20,10,15,1018,156,0.15324165029469547,1018,1018,0,0.15324165029469547,完整可观察事件比例；不是Kaplan-Meier或无偏总体概率
START_SESSION,KRX_HOLIDAY_OR_WEEKEND,20,10,30,1018,215,0.2111984282907662,1018,1018,0,0.2111984282907662,完整可观察事件比例；不是Kaplan-Meier或无偏总体概率
START_SESSION,KRX_HOLIDAY_OR_WEEKEND,20,10,60,1018,311,0.3055009823182711,1018,1018,0,0.3055009823182711,完整可观察事件比例；不是Kaplan-Meier或无偏总体概率
START_SESSION,KRX_HOLIDAY_OR_WEEKEND,20,10,240,1018,571,0.5609037328094303,1018,1018,0,0.5609037328094303,完整可观察事件比例；不是Kaplan-Meier或无偏总体概率
START_SESSION,KRX_HOLIDAY_OR_WEEKEND,20,10,1440,1018,883,0.8673870333988212,1018,1018,0,0.8673870333988212,完整可观察事件比例；不是Kaplan-Meier或无偏总体概率
START_SESSION,KRX_HOLIDAY_OR_WEEKEND,20,0,5,1018,9,0.008840864440078585,1018,1018,0,0.008840864440078585,完整可观察事件比例；不是Kaplan-Meier或无偏总体概率
START_SESSION,KRX_HOLIDAY_OR_WEEKEND,20,0,15,1018,21,0.0206286836935167,1018,1018,0,0.0206286836935167,完整可观察事件比例；不是Kaplan-Meier或无偏总体概率
START_SESSION,KRX_HOLIDAY_OR_WEEKEND,20,0,30,1018,41,0.04027504911591356,1018,1018,0,0.04027504911591356,完整可观察事件比例；不是Kaplan-Meier或无偏总体概率
START_SESSION,KRX_HOLIDAY_OR_WEEKEND,20,0,60,1018,62,0.060903732809430254,1018,1018,0,0.060903732809430254,完整可观察事件比例；不是Kaplan-Meier或无偏总体概率
START_SESSION,KRX_HOLIDAY_OR_WEEKEND,20,0,240,1018,129,0.12671905697445973,1018,1018,0,0.12671905697445973,完整可观察事件比例；不是Kaplan-Meier或无偏总体概率
START_SESSION,KRX_HOLIDAY_OR_WEEKEND,20,0,1440,1018,579,0.568762278978389,1018,1018,0,0.568762278978389,完整可观察事件比例；不是Kaplan-Meier或无偏总体概率
START_SESSION,KRX_OFFICIAL_AFTER_HOURS,20,20,5,321,274,0.8535825545171339,320,320,1,0.85625,完整可观察事件比例；不是Kaplan-Meier或无偏总体概率
START_SESSION,KRX_OFFICIAL_AFTER_HOURS,20,20,15,321,298,0.9283489096573209,320,320,1,0.93125,完整可观察事件比例；不是Kaplan-Meier或无偏总体概率
START_SESSION,KRX_OFFICIAL_AFTER_HOURS,20,20,30,321,302,0.940809968847352,320,320,1,0.94375,完整可观察事件比例；不是Kaplan-Meier或无偏总体概率
START_SESSION,KRX_OFFICIAL_AFTER_HOURS,20,20,60,321,309,0.9626168224299065,320,320,1,0.965625,完整可观察事件比例；不是Kaplan-Meier或无偏总体概率
START_SESSION,KRX_OFFICIAL_AFTER_HOURS,20,20,240,321,314,0.9781931464174455,320,320,1,0.98125,完整可观察事件比例；不是Kaplan-Meier或无偏总体概率
START_SESSION,KRX_OFFICIAL_AFTER_HOURS,20,20,1440,321,320,0.9968847352024922,320,320,1,1.0,完整可观察事件比例；不是Kaplan-Meier或无偏总体概率
START_SESSION,KRX_OFFICIAL_AFTER_HOURS,20,10,5,321,73,0.22741433021806853,318,320,1,0.22955974842767296,完整可观察事件比例；不是Kaplan-Meier或无偏总体概率
START_SESSION,KRX_OFFICIAL_AFTER_HOURS,20,10,15,321,126,0.3925233644859813,318,320,1,0.39622641509433965,完整可观察事件比例；不是Kaplan-Meier或无偏总体概率
START_SESSION,KRX_OFFICIAL_AFTER_HOURS,20,10,30,321,154,0.4797507788161994,314,320,1,0.49044585987261147,完整可观察事件比例；不是Kaplan-Meier或无偏总体概率
START_SESSION,KRX_OFFICIAL_AFTER_HOURS,20,10,60,321,189,0.5887850467289719,314,320,1,0.6019108280254777,完整可观察事件比例；不是Kaplan-Meier或无偏总体概率
START_SESSION,KRX_OFFICIAL_AFTER_HOURS,20,10,240,321,241,0.7507788161993769,313,320,1,0.7699680511182109,完整可观察事件比例；不是Kaplan-Meier或无偏总体概率
START_SESSION,KRX_OFFICIAL_AFTER_HOURS,20,10,1440,321,307,0.956386292834891,313,320,1,0.9808306709265175,完整可观察事件比例；不是Kaplan-Meier或无偏总体概率
START_SESSION,KRX_OFFICIAL_AFTER_HOURS,20,0,5,321,13,0.040498442367601244,318,320,1,0.040880503144654086,完整可观察事件比例；不是Kaplan-Meier或无偏总体概率
START_SESSION,KRX_OFFICIAL_AFTER_HOURS,20,0,15,321,32,0.09968847352024922,318,320,1,0.10062893081761007,完整可观察事件比例；不是Kaplan-Meier或无偏总体概率
START_SESSION,KRX_OFFICIAL_AFTER_HOURS,20,0,30,321,55,0.17133956386292834,314,320,1,0.1751592356687898,完整可观察事件比例；不是Kaplan-Meier或无偏总体概率
START_SESSION,KRX_OFFICIAL_AFTER_HOURS,20,0,60,321,77,0.2398753894080997,314,320,1,0.24522292993630573,完整可观察事件比例；不是Kaplan-Meier或无偏总体概率
START_SESSION,KRX_OFFICIAL_AFTER_HOURS,20,0,240,321,123,0.38317757009345793,313,320,1,0.3929712460063898,完整可观察事件比例；不是Kaplan-Meier或无偏总体概率
START_SESSION,KRX_OFFICIAL_AFTER_HOURS,20,0,1440,321,281,0.8753894080996885,313,320,1,0.8977635782747604,完整可观察事件比例；不是Kaplan-Meier或无偏总体概率
START_SESSION,KRX_REGULAR_EARLIER,20,20,5,1122,1003,0.8939393939393939,1122,1121,1,0.8939393939393939,完整可观察事件比例；不是Kaplan-Meier或无偏总体概率
START_SESSION,KRX_REGULAR_EARLIER,20,20,15,1122,1084,0.966131907308378,1122,1121,1,0.966131907308378,完整可观察事件比例；不是Kaplan-Meier或无偏总体概率
START_SESSION,KRX_REGULAR_EARLIER,20,20,30,1122,1103,0.9830659536541889,1122,1121,1,0.9830659536541889,完整可观察事件比例；不是Kaplan-Meier或无偏总体概率
START_SESSION,KRX_REGULAR_EARLIER,20,20,60,1122,1113,0.9919786096256684,1122,1121,1,0.9919786096256684,完整可观察事件比例；不是Kaplan-Meier或无偏总体概率
START_SESSION,KRX_REGULAR_EARLIER,20,20,240,1122,1119,0.9973262032085561,1121,1121,1,0.9982158786797503,完整可观察事件比例；不是Kaplan-Meier或无偏总体概率
START_SESSION,KRX_REGULAR_EARLIER,20,20,1440,1122,1121,0.9991087344028521,1121,1121,1,1.0,完整可观察事件比例；不是Kaplan-Meier或无偏总体概率
START_SESSION,KRX_REGULAR_EARLIER,20,10,5,1122,358,0.31907308377896615,1122,1121,1,0.31907308377896615,完整可观察事件比例；不是Kaplan-Meier或无偏总体概率
START_SESSION,KRX_REGULAR_EARLIER,20,10,15,1122,586,0.5222816399286988,1122,1121,1,0.5222816399286988,完整可观察事件比例；不是Kaplan-Meier或无偏总体概率
START_SESSION,KRX_REGULAR_EARLIER,20,10,30,1122,724,0.6452762923351159,1122,1121,1,0.6452762923351159,完整可观察事件比例；不是Kaplan-Meier或无偏总体概率
START_SESSION,KRX_REGULAR_EARLIER,20,10,60,1122,838,0.7468805704099821,1122,1121,1,0.7468805704099821,完整可观察事件比例；不是Kaplan-Meier或无偏总体概率
START_SESSION,KRX_REGULAR_EARLIER,20,10,240,1122,1024,0.9126559714795008,1117,1121,1,0.9167412712623098,完整可观察事件比例；不是Kaplan-Meier或无偏总体概率
START_SESSION,KRX_REGULAR_EARLIER,20,10,1440,1122,1100,0.9803921568627451,1104,1121,1,0.9963768115942029,完整可观察事件比例；不是Kaplan-Meier或无偏总体概率
START_SESSION,KRX_REGULAR_EARLIER,20,0,5,1122,99,0.08823529411764706,1122,1121,1,0.08823529411764706,完整可观察事件比例；不是Kaplan-Meier或无偏总体概率
START_SESSION,KRX_REGULAR_EARLIER,20,0,15,1122,206,0.1836007130124777,1122,1121,1,0.1836007130124777,完整可观察事件比例；不是Kaplan-Meier或无偏总体概率
START_SESSION,KRX_REGULAR_EARLIER,20,0,30,1122,322,0.28698752228163993,1122,1121,1,0.28698752228163993,完整可观察事件比例；不是Kaplan-Meier或无偏总体概率
START_SESSION,KRX_REGULAR_EARLIER,20,0,60,1122,462,0.4117647058823529,1122,1121,1,0.4117647058823529,完整可观察事件比例；不是Kaplan-Meier或无偏总体概率
START_SESSION,KRX_REGULAR_EARLIER,20,0,240,1122,753,0.6711229946524064,1091,1121,1,0.69019248395967,完整可观察事件比例；不是Kaplan-Meier或无偏总体概率
START_SESSION,KRX_REGULAR_EARLIER,20,0,1440,1122,1015,0.9046345811051694,1047,1121,1,0.9694364851957975,完整可观察事件比例；不是Kaplan-Meier或无偏总体概率
START_SESSION,PRE_CLOSE_BASELINE,20,20,5,124,106,0.8548387096774194,124,124,0,0.8548387096774194,完整可观察事件比例；不是Kaplan-Meier或无偏总体概率
START_SESSION,PRE_CLOSE_BASELINE,20,20,15,124,118,0.9516129032258065,124,124,0,0.9516129032258065,完整可观察事件比例；不是Kaplan-Meier或无偏总体概率
START_SESSION,PRE_CLOSE_BASELINE,20,20,30,124,120,0.967741935483871,124,124,0,0.967741935483871,完整可观察事件比例；不是Kaplan-Meier或无偏总体概率
START_SESSION,PRE_CLOSE_BASELINE,20,20,60,124,122,0.9838709677419355,124,124,0,0.9838709677419355,完整可观察事件比例；不是Kaplan-Meier或无偏总体概率
START_SESSION,PRE_CLOSE_BASELINE,20,20,240,124,124,1.0,124,124,0,1.0,完整可观察事件比例；不是Kaplan-Meier或无偏总体概率
START_SESSION,PRE_CLOSE_BASELINE,20,20,1440,124,124,1.0,124,124,0,1.0,完整可观察事件比例；不是Kaplan-Meier或无偏总体概率
START_SESSION,PRE_CLOSE_BASELINE,20,10,5,124,41,0.33064516129032256,124,124,0,0.33064516129032256,完整可观察事件比例；不是Kaplan-Meier或无偏总体概率
START_SESSION,PRE_CLOSE_BASELINE,20,10,15,124,67,0.5403225806451613,124,124,0,0.5403225806451613,完整可观察事件比例；不是Kaplan-Meier或无偏总体概率
START_SESSION,PRE_CLOSE_BASELINE,20,10,30,124,85,0.6854838709677419,124,124,0,0.6854838709677419,完整可观察事件比例；不是Kaplan-Meier或无偏总体概率
START_SESSION,PRE_CLOSE_BASELINE,20,10,60,124,96,0.7741935483870968,121,124,0,0.7933884297520661,完整可观察事件比例；不是Kaplan-Meier或无偏总体概率
START_SESSION,PRE_CLOSE_BASELINE,20,10,240,124,107,0.8629032258064516,120,124,0,0.8916666666666667,完整可观察事件比例；不是Kaplan-Meier或无偏总体概率
START_SESSION,PRE_CLOSE_BASELINE,20,10,1440,124,118,0.9516129032258065,120,124,0,0.9833333333333333,完整可观察事件比例；不是Kaplan-Meier或无偏总体概率
START_SESSION,PRE_CLOSE_BASELINE,20,0,5,124,13,0.10483870967741936,124,124,0,0.10483870967741936,完整可观察事件比例；不是Kaplan-Meier或无偏总体概率
START_SESSION,PRE_CLOSE_BASELINE,20,0,15,124,28,0.22580645161290322,124,124,0,0.22580645161290322,完整可观察事件比例；不是Kaplan-Meier或无偏总体概率
START_SESSION,PRE_CLOSE_BASELINE,20,0,30,124,42,0.3387096774193548,124,124,0,0.3387096774193548,完整可观察事件比例；不是Kaplan-Meier或无偏总体概率
START_SESSION,PRE_CLOSE_BASELINE,20,0,60,124,48,0.3870967741935484,121,124,0,0.39669421487603307,完整可观察事件比例；不是Kaplan-Meier或无偏总体概率
START_SESSION,PRE_CLOSE_BASELINE,20,0,240,124,71,0.5725806451612904,119,124,0,0.5966386554621849,完整可观察事件比例；不是Kaplan-Meier或无偏总体概率
START_SESSION,PRE_CLOSE_BASELINE,20,0,1440,124,111,0.8951612903225806,119,124,0,0.9327731092436975,完整可观察事件比例；不是Kaplan-Meier或无偏总体概率
START_SESSION,US_AFTER_HOURS,20,20,5,522,464,0.8888888888888888,522,522,0,0.8888888888888888,完整可观察事件比例；不是Kaplan-Meier或无偏总体概率
START_SESSION,US_AFTER_HOURS,20,20,15,522,497,0.9521072796934866,522,522,0,0.9521072796934866,完整可观察事件比例；不是Kaplan-Meier或无偏总体概率
START_SESSION,US_AFTER_HOURS,20,20,30,522,512,0.9808429118773946,522,522,0,0.9808429118773946,完整可观察事件比例；不是Kaplan-Meier或无偏总体概率
START_SESSION,US_AFTER_HOURS,20,20,60,522,518,0.9923371647509579,522,522,0,0.9923371647509579,完整可观察事件比例；不是Kaplan-Meier或无偏总体概率
START_SESSION,US_AFTER_HOURS,20,20,240,522,522,1.0,522,522,0,1.0,完整可观察事件比例；不是Kaplan-Meier或无偏总体概率
START_SESSION,US_AFTER_HOURS,20,20,1440,522,522,1.0,522,522,0,1.0,完整可观察事件比例；不是Kaplan-Meier或无偏总体概率
START_SESSION,US_AFTER_HOURS,20,10,5,522,83,0.15900383141762453,522,522,0,0.15900383141762453,完整可观察事件比例；不是Kaplan-Meier或无偏总体概率
START_SESSION,US_AFTER_HOURS,20,10,15,522,177,0.3390804597701149,522,522,0,0.3390804597701149,完整可观察事件比例；不是Kaplan-Meier或无偏总体概率
START_SESSION,US_AFTER_HOURS,20,10,30,522,250,0.4789272030651341,522,522,0,0.4789272030651341,完整可观察事件比例；不是Kaplan-Meier或无偏总体概率
START_SESSION,US_AFTER_HOURS,20,10,60,522,357,0.6839080459770115,522,522,0,0.6839080459770115,完整可观察事件比例；不是Kaplan-Meier或无偏总体概率
START_SESSION,US_AFTER_HOURS,20,10,240,522,511,0.9789272030651341,522,522,0,0.9789272030651341,完整可观察事件比例；不是Kaplan-Meier或无偏总体概率
START_SESSION,US_AFTER_HOURS,20,10,1440,522,518,0.9923371647509579,522,522,0,0.9923371647509579,完整可观察事件比例；不是Kaplan-Meier或无偏总体概率
START_SESSION,US_AFTER_HOURS,20,0,5,522,19,0.03639846743295019,522,522,0,0.03639846743295019,完整可观察事件比例；不是Kaplan-Meier或无偏总体概率
START_SESSION,US_AFTER_HOURS,20,0,15,522,45,0.08620689655172414,522,522,0,0.08620689655172414,完整可观察事件比例；不是Kaplan-Meier或无偏总体概率
START_SESSION,US_AFTER_HOURS,20,0,30,522,78,0.14942528735632185,522,522,0,0.14942528735632185,完整可观察事件比例；不是Kaplan-Meier或无偏总体概率
START_SESSION,US_AFTER_HOURS,20,0,60,522,138,0.26436781609195403,522,522,0,0.26436781609195403,完整可观察事件比例；不是Kaplan-Meier或无偏总体概率
START_SESSION,US_AFTER_HOURS,20,0,240,522,350,0.6704980842911877,522,522,0,0.6704980842911877,完整可观察事件比例；不是Kaplan-Meier或无偏总体概率
START_SESSION,US_AFTER_HOURS,20,0,1440,522,500,0.9578544061302682,507,522,0,0.9861932938856016,完整可观察事件比例；不是Kaplan-Meier或无偏总体概率
START_SESSION,US_PREMARKET,20,20,5,546,467,0.8553113553113553,545,544,2,0.8568807339449541,完整可观察事件比例；不是Kaplan-Meier或无偏总体概率
START_SESSION,US_PREMARKET,20,20,15,546,520,0.9523809523809523,545,544,2,0.9541284403669725,完整可观察事件比例；不是Kaplan-Meier或无偏总体概率
START_SESSION,US_PREMARKET,20,20,30,546,531,0.9725274725274725,545,544,2,0.9743119266055046,完整可观察事件比例；不是Kaplan-Meier或无偏总体概率
START_SESSION,US_PREMARKET,20,20,60,546,537,0.9835164835164835,545,544,2,0.9853211009174312,完整可观察事件比例；不是Kaplan-Meier或无偏总体概率
START_SESSION,US_PREMARKET,20,20,240,546,544,0.9963369963369964,545,544,2,0.998165137614679,完整可观察事件比例；不是Kaplan-Meier或无偏总体概率
START_SESSION,US_PREMARKET,20,20,1440,546,545,0.9981684981684982,545,544,2,1.0,完整可观察事件比例；不是Kaplan-Meier或无偏总体概率
START_SESSION,US_PREMARKET,20,10,5,546,61,0.11172161172161173,543,544,2,0.11233885819521179,完整可观察事件比例；不是Kaplan-Meier或无偏总体概率
START_SESSION,US_PREMARKET,20,10,15,546,128,0.23443223443223443,542,544,2,0.23616236162361623,完整可观察事件比例；不是Kaplan-Meier或无偏总体概率
START_SESSION,US_PREMARKET,20,10,30,546,221,0.40476190476190477,542,544,2,0.4077490774907749,完整可观察事件比例；不是Kaplan-Meier或无偏总体概率
START_SESSION,US_PREMARKET,20,10,60,546,315,0.5769230769230769,542,544,2,0.5811808118081181,完整可观察事件比例；不是Kaplan-Meier或无偏总体概率
START_SESSION,US_PREMARKET,20,10,240,546,478,0.8754578754578755,542,544,2,0.8819188191881919,完整可观察事件比例；不是Kaplan-Meier或无偏总体概率
START_SESSION,US_PREMARKET,20,10,1440,546,537,0.9835164835164835,542,544,2,0.9907749077490775,完整可观察事件比例；不是Kaplan-Meier或无偏总体概率
START_SESSION,US_PREMARKET,20,0,5,546,15,0.027472527472527472,543,544,2,0.027624309392265192,完整可观察事件比例；不是Kaplan-Meier或无偏总体概率
START_SESSION,US_PREMARKET,20,0,15,546,32,0.05860805860805861,542,544,2,0.05904059040590406,完整可观察事件比例；不是Kaplan-Meier或无偏总体概率
START_SESSION,US_PREMARKET,20,0,30,546,54,0.0989010989010989,542,544,2,0.0996309963099631,完整可观察事件比例；不是Kaplan-Meier或无偏总体概率
START_SESSION,US_PREMARKET,20,0,60,546,108,0.1978021978021978,542,544,2,0.1992619926199262,完整可观察事件比例；不是Kaplan-Meier或无偏总体概率
START_SESSION,US_PREMARKET,20,0,240,546,324,0.5934065934065934,542,544,2,0.5977859778597786,完整可观察事件比例；不是Kaplan-Meier或无偏总体概率
START_SESSION,US_PREMARKET,20,0,1440,546,512,0.9377289377289377,542,544,2,0.9446494464944649,完整可观察事件比例；不是Kaplan-Meier或无偏总体概率
START_SESSION,US_REGULAR,20,20,5,902,779,0.8636363636363636,902,902,0,0.8636363636363636,完整可观察事件比例；不是Kaplan-Meier或无偏总体概率
START_SESSION,US_REGULAR,20,20,15,902,850,0.9423503325942351,902,902,0,0.9423503325942351,完整可观察事件比例；不是Kaplan-Meier或无偏总体概率
START_SESSION,US_REGULAR,20,20,30,902,877,0.9722838137472284,902,902,0,0.9722838137472284,完整可观察事件比例；不是Kaplan-Meier或无偏总体概率
START_SESSION,US_REGULAR,20,20,60,902,888,0.9844789356984479,902,902,0,0.9844789356984479,完整可观察事件比例；不是Kaplan-Meier或无偏总体概率
START_SESSION,US_REGULAR,20,20,240,902,896,0.9933481152993349,902,902,0,0.9933481152993349,完整可观察事件比例；不是Kaplan-Meier或无偏总体概率
START_SESSION,US_REGULAR,20,20,1440,902,898,0.9955654101995566,902,902,0,0.9955654101995566,完整可观察事件比例；不是Kaplan-Meier或无偏总体概率
START_SESSION,US_REGULAR,20,10,5,902,185,0.20509977827050999,902,902,0,0.20509977827050999,完整可观察事件比例；不是Kaplan-Meier或无偏总体概率
START_SESSION,US_REGULAR,20,10,15,902,334,0.37028824833702884,902,902,0,0.37028824833702884,完整可观察事件比例；不是Kaplan-Meier或无偏总体概率
START_SESSION,US_REGULAR,20,10,30,902,466,0.516629711751663,902,902,0,0.516629711751663,完整可观察事件比例；不是Kaplan-Meier或无偏总体概率
START_SESSION,US_REGULAR,20,10,60,902,597,0.6618625277161863,902,902,0,0.6618625277161863,完整可观察事件比例；不是Kaplan-Meier或无偏总体概率
START_SESSION,US_REGULAR,20,10,240,902,810,0.8980044345898004,902,902,0,0.8980044345898004,完整可观察事件比例；不是Kaplan-Meier或无偏总体概率
START_SESSION,US_REGULAR,20,10,1440,902,895,0.9922394678492239,902,902,0,0.9922394678492239,完整可观察事件比例；不是Kaplan-Meier或无偏总体概率
START_SESSION,US_REGULAR,20,0,5,902,38,0.04212860310421286,902,902,0,0.04212860310421286,完整可观察事件比例；不是Kaplan-Meier或无偏总体概率
START_SESSION,US_REGULAR,20,0,15,902,80,0.08869179600886919,902,902,0,0.08869179600886919,完整可观察事件比例；不是Kaplan-Meier或无偏总体概率
START_SESSION,US_REGULAR,20,0,30,902,134,0.14855875831485588,902,902,0,0.14855875831485588,完整可观察事件比例；不是Kaplan-Meier或无偏总体概率
START_SESSION,US_REGULAR,20,0,60,902,211,0.23392461197339245,902,902,0,0.23392461197339245,完整可观察事件比例；不是Kaplan-Meier或无偏总体概率
START_SESSION,US_REGULAR,20,0,240,902,434,0.4811529933481153,902,902,0,0.4811529933481153,完整可观察事件比例；不是Kaplan-Meier或无偏总体概率
START_SESSION,US_REGULAR,20,0,1440,902,863,0.9567627494456763,902,902,0,0.9567627494456763,完整可观察事件比例；不是Kaplan-Meier或无偏总体概率
START_REGIME,GATE_REGIME_20260716_19,20,20,5,423,349,0.8250591016548463,423,423,0,0.8250591016548463,完整可观察事件比例；不是Kaplan-Meier或无偏总体概率
START_REGIME,GATE_REGIME_20260716_19,20,20,15,423,389,0.9196217494089834,423,423,0,0.9196217494089834,完整可观察事件比例；不是Kaplan-Meier或无偏总体概率
START_REGIME,GATE_REGIME_20260716_19,20,20,30,423,404,0.9550827423167849,423,423,0,0.9550827423167849,完整可观察事件比例；不是Kaplan-Meier或无偏总体概率
START_REGIME,GATE_REGIME_20260716_19,20,20,60,423,413,0.9763593380614657,423,423,0,0.9763593380614657,完整可观察事件比例；不是Kaplan-Meier或无偏总体概率
START_REGIME,GATE_REGIME_20260716_19,20,20,240,423,416,0.983451536643026,423,423,0,0.983451536643026,完整可观察事件比例；不是Kaplan-Meier或无偏总体概率
START_REGIME,GATE_REGIME_20260716_19,20,20,1440,423,420,0.9929078014184397,423,423,0,0.9929078014184397,完整可观察事件比例；不是Kaplan-Meier或无偏总体概率
START_REGIME,GATE_REGIME_20260716_19,20,10,5,423,67,0.15839243498817968,423,423,0,0.15839243498817968,完整可观察事件比例；不是Kaplan-Meier或无偏总体概率
START_REGIME,GATE_REGIME_20260716_19,20,10,15,423,113,0.26713947990543735,423,423,0,0.26713947990543735,完整可观察事件比例；不是Kaplan-Meier或无偏总体概率
START_REGIME,GATE_REGIME_20260716_19,20,10,30,423,146,0.34515366430260047,423,423,0,0.34515366430260047,完整可观察事件比例；不是Kaplan-Meier或无偏总体概率
START_REGIME,GATE_REGIME_20260716_19,20,10,60,423,187,0.44208037825059104,423,423,0,0.44208037825059104,完整可观察事件比例；不是Kaplan-Meier或无偏总体概率
START_REGIME,GATE_REGIME_20260716_19,20,10,240,423,301,0.7115839243498818,423,423,0,0.7115839243498818,完整可观察事件比例；不是Kaplan-Meier或无偏总体概率
START_REGIME,GATE_REGIME_20260716_19,20,10,1440,423,389,0.9196217494089834,423,423,0,0.9196217494089834,完整可观察事件比例；不是Kaplan-Meier或无偏总体概率
START_REGIME,GATE_REGIME_20260716_19,20,0,5,423,12,0.028368794326241134,423,423,0,0.028368794326241134,完整可观察事件比例；不是Kaplan-Meier或无偏总体概率
START_REGIME,GATE_REGIME_20260716_19,20,0,15,423,31,0.07328605200945626,423,423,0,0.07328605200945626,完整可观察事件比例；不是Kaplan-Meier或无偏总体概率
START_REGIME,GATE_REGIME_20260716_19,20,0,30,423,51,0.12056737588652482,423,423,0,0.12056737588652482,完整可观察事件比例；不是Kaplan-Meier或无偏总体概率
START_REGIME,GATE_REGIME_20260716_19,20,0,60,423,82,0.1938534278959811,423,423,0,0.1938534278959811,完整可观察事件比例；不是Kaplan-Meier或无偏总体概率
START_REGIME,GATE_REGIME_20260716_19,20,0,240,423,175,0.41371158392434987,423,423,0,0.41371158392434987,完整可观察事件比例；不是Kaplan-Meier或无偏总体概率
START_REGIME,GATE_REGIME_20260716_19,20,0,1440,423,337,0.7966903073286052,423,423,0,0.7966903073286052,完整可观察事件比例；不是Kaplan-Meier或无偏总体概率
START_REGIME,POST_GATE_REGIME,20,20,5,1145,1019,0.8899563318777293,1143,1141,4,0.8915135608048994,完整可观察事件比例；不是Kaplan-Meier或无偏总体概率
START_REGIME,POST_GATE_REGIME,20,20,15,1145,1094,0.9554585152838428,1143,1141,4,0.9571303587051618,完整可观察事件比例；不是Kaplan-Meier或无偏总体概率
START_REGIME,POST_GATE_REGIME,20,20,30,1145,1119,0.977292576419214,1143,1141,4,0.979002624671916,完整可观察事件比例；不是Kaplan-Meier或无偏总体概率
START_REGIME,POST_GATE_REGIME,20,20,60,1145,1128,0.9851528384279477,1143,1141,4,0.9868766404199475,完整可观察事件比例；不是Kaplan-Meier或无偏总体概率
START_REGIME,POST_GATE_REGIME,20,20,240,1145,1139,0.994759825327511,1142,1141,4,0.9973730297723292,完整可观察事件比例；不是Kaplan-Meier或无偏总体概率
START_REGIME,POST_GATE_REGIME,20,20,1440,1145,1142,0.9973799126637555,1142,1141,4,1.0,完整可观察事件比例；不是Kaplan-Meier或无偏总体概率
START_REGIME,POST_GATE_REGIME,20,10,5,1145,224,0.19563318777292577,1139,1141,4,0.19666374012291485,完整可观察事件比例；不是Kaplan-Meier或无偏总体概率
START_REGIME,POST_GATE_REGIME,20,10,15,1145,392,0.3423580786026201,1138,1141,4,0.3444639718804921,完整可观察事件比例；不是Kaplan-Meier或无偏总体概率
START_REGIME,POST_GATE_REGIME,20,10,30,1145,550,0.48034934497816595,1134,1141,4,0.48500881834215165,完整可观察事件比例；不是Kaplan-Meier或无偏总体概率
START_REGIME,POST_GATE_REGIME,20,10,60,1145,732,0.6393013100436681,1129,1141,4,0.6483613817537643,完整可观察事件比例；不是Kaplan-Meier或无偏总体概率
START_REGIME,POST_GATE_REGIME,20,10,240,1145,1012,0.8838427947598253,1121,1141,4,0.9027653880463872,完整可观察事件比例；不是Kaplan-Meier或无偏总体概率
START_REGIME,POST_GATE_REGIME,20,10,1440,1145,1108,0.9676855895196507,1108,1141,4,1.0,完整可观察事件比例；不是Kaplan-Meier或无偏总体概率
START_REGIME,POST_GATE_REGIME,20,0,5,1145,51,0.0445414847161572,1139,1141,4,0.04477611940298507,完整可观察事件比例；不是Kaplan-Meier或无偏总体概率
START_REGIME,POST_GATE_REGIME,20,0,15,1145,93,0.08122270742358079,1138,1141,4,0.08172231985940245,完整可观察事件比例；不是Kaplan-Meier或无偏总体概率
START_REGIME,POST_GATE_REGIME,20,0,30,1145,154,0.13449781659388646,1134,1141,4,0.13580246913580246,完整可观察事件比例；不是Kaplan-Meier或无偏总体概率
START_REGIME,POST_GATE_REGIME,20,0,60,1145,238,0.20786026200873362,1129,1141,4,0.2108060230292294,完整可观察事件比例；不是Kaplan-Meier或无偏总体概率
START_REGIME,POST_GATE_REGIME,20,0,240,1145,554,0.48384279475982533,1094,1141,4,0.506398537477148,完整可观察事件比例；不是Kaplan-Meier或无偏总体概率
START_REGIME,POST_GATE_REGIME,20,0,1440,1145,1006,0.8786026200873363,1035,1141,4,0.9719806763285024,完整可观察事件比例；不是Kaplan-Meier或无偏总体概率
START_REGIME,PRE_GATE_REGIME,20,20,5,3248,2811,0.8654556650246306,3248,3248,0,0.8654556650246306,完整可观察事件比例；不是Kaplan-Meier或无偏总体概率
START_REGIME,PRE_GATE_REGIME,20,20,15,3248,3103,0.9553571428571429,3248,3248,0,0.9553571428571429,完整可观察事件比例；不是Kaplan-Meier或无偏总体概率
START_REGIME,PRE_GATE_REGIME,20,20,30,3248,3177,0.9781403940886699,3248,3248,0,0.9781403940886699,完整可观察事件比例；不是Kaplan-Meier或无偏总体概率
START_REGIME,PRE_GATE_REGIME,20,20,60,3248,3215,0.9898399014778325,3248,3248,0,0.9898399014778325,完整可观察事件比例；不是Kaplan-Meier或无偏总体概率
START_REGIME,PRE_GATE_REGIME,20,20,240,3248,3238,0.9969211822660099,3248,3248,0,0.9969211822660099,完整可观察事件比例；不是Kaplan-Meier或无偏总体概率
START_REGIME,PRE_GATE_REGIME,20,20,1440,3248,3247,0.999692118226601,3248,3248,0,0.999692118226601,完整可观察事件比例；不是Kaplan-Meier或无偏总体概率
START_REGIME,PRE_GATE_REGIME,20,10,5,3248,613,0.18873152709359606,3248,3248,0,0.18873152709359606,完整可观察事件比例；不是Kaplan-Meier或无偏总体概率
START_REGIME,PRE_GATE_REGIME,20,10,15,3248,1138,0.3503694581280788,3248,3248,0,0.3503694581280788,完整可观察事件比例；不是Kaplan-Meier或无偏总体概率
START_REGIME,PRE_GATE_REGIME,20,10,30,3248,1523,0.4689039408866995,3248,3248,0,0.4689039408866995,完整可观察事件比例；不是Kaplan-Meier或无偏总体概率
START_REGIME,PRE_GATE_REGIME,20,10,60,3248,1930,0.5942118226600985,3248,3248,0,0.5942118226600985,完整可观察事件比例；不是Kaplan-Meier或无偏总体概率
START_REGIME,PRE_GATE_REGIME,20,10,240,3248,2652,0.8165024630541872,3248,3248,0,0.8165024630541872,完整可观察事件比例；不是Kaplan-Meier或无偏总体概率
START_REGIME,PRE_GATE_REGIME,20,10,1440,3248,3116,0.9593596059113301,3248,3248,0,0.9593596059113301,完整可观察事件比例；不是Kaplan-Meier或无偏总体概率
START_REGIME,PRE_GATE_REGIME,20,0,5,3248,152,0.046798029556650245,3248,3248,0,0.046798029556650245,完整可观察事件比例；不是Kaplan-Meier或无偏总体概率
START_REGIME,PRE_GATE_REGIME,20,0,15,3248,345,0.1062192118226601,3248,3248,0,0.1062192118226601,完整可观察事件比例；不是Kaplan-Meier或无偏总体概率
START_REGIME,PRE_GATE_REGIME,20,0,30,3248,566,0.17426108374384236,3248,3248,0,0.17426108374384236,完整可观察事件比例；不是Kaplan-Meier或无偏总体概率
START_REGIME,PRE_GATE_REGIME,20,0,60,3248,858,0.2641625615763547,3248,3248,0,0.2641625615763547,完整可观察事件比例；不是Kaplan-Meier或无偏总体概率
START_REGIME,PRE_GATE_REGIME,20,0,240,3248,1624,0.5,3248,3248,0,0.5,完整可观察事件比例；不是Kaplan-Meier或无偏总体概率
START_REGIME,PRE_GATE_REGIME,20,0,1440,3248,2774,0.854064039408867,3248,3248,0,0.854064039408867,完整可观察事件比例；不是Kaplan-Meier或无偏总体概率
