pair,long_exchange,short_exchange,funding_time,long_rate,short_rate,net_rate,net_cashflow_10000,cumulative_cashflow,long_interval_hours,short_interval_hours,session,regime,date,week
long binance / short okx,binance,okx,2026-07-13 08:00:00+00:00,0.0,0.01,0.01,100.0,549.2551639868782,,8.0,KRX_OFFICIAL_AFTER_HOURS,PRE_GATE_REGIME,2026-07-13 00:00:00+00:00,2026-07-13/2026-07-19
long okx / short binance,okx,binance,2026-07-13 08:00:00+00:00,0.01,0.0,-0.01,-100.0,-549.2551639868782,8.0,,KRX_OFFICIAL_AFTER_HOURS,PRE_GATE_REGIME,2026-07-13 00:00:00+00:00,2026-07-13/2026-07-19
long binance / short bitget,binance,bitget,2026-07-07 08:00:00.001000+00:00,0.00661515,0.0,-0.00661515,-66.1515,-70.22409999999999,8.0,,KRX_OFFICIAL_AFTER_HOURS,PRE_GATE_REGIME,2026-07-07 00:00:00+00:00,2026-07-06/2026-07-12
long binance / short okx,binance,okx,2026-07-07 08:00:00.001000+00:00,0.00661515,0.0,-0.00661515,-66.1515,378.5362032674621,8.0,,KRX_OFFICIAL_AFTER_HOURS,PRE_GATE_REGIME,2026-07-07 00:00:00+00:00,2026-07-06/2026-07-12
long okx / short binance,okx,binance,2026-07-07 08:00:00.001000+00:00,0.0,0.00661515,0.00661515,66.1515,-378.5362032674621,,8.0,KRX_OFFICIAL_AFTER_HOURS,PRE_GATE_REGIME,2026-07-07 00:00:00+00:00,2026-07-06/2026-07-12
long bitget / short binance,bitget,binance,2026-07-07 08:00:00.001000+00:00,0.0,0.00661515,0.00661515,66.1515,70.22409999999999,,8.0,KRX_OFFICIAL_AFTER_HOURS,PRE_GATE_REGIME,2026-07-07 00:00:00+00:00,2026-07-06/2026-07-12
long okx / short binance,okx,binance,2026-07-02 08:00:00+00:00,0.0066093233823821,0.0,-0.0066093233823821,-66.09323382382101,-405.70572916612196,8.0,,KRX_OFFICIAL_AFTER_HOURS,PRE_GATE_REGIME,2026-07-02 00:00:00+00:00,2026-06-29/2026-07-05
long binance / short okx,binance,okx,2026-07-02 08:00:00+00:00,0.0,0.0066093233823821,0.0066093233823821,66.09323382382101,405.70572916612196,,8.0,KRX_OFFICIAL_AFTER_HOURS,PRE_GATE_REGIME,2026-07-02 00:00:00+00:00,2026-06-29/2026-07-05
long okx / short binance,okx,binance,2026-06-25 00:00:00.002000+00:00,0.0,0.00603242,0.00603242,60.324200000000005,-240.66679754021197,,8.0,KRX_REGULAR_EARLIER,PRE_GATE_REGIME,2026-06-25 00:00:00+00:00,2026-06-22/2026-06-28
long bitget / short binance,bitget,binance,2026-06-25 00:00:00.002000+00:00,0.0,0.00603242,0.00603242,60.324200000000005,225.00710000000004,,8.0,KRX_REGULAR_EARLIER,PRE_GATE_REGIME,2026-06-25 00:00:00+00:00,2026-06-22/2026-06-28
long binance / short okx,binance,okx,2026-06-25 00:00:00.002000+00:00,0.00603242,0.0,-0.00603242,-60.324200000000005,240.66679754021197,8.0,,KRX_REGULAR_EARLIER,PRE_GATE_REGIME,2026-06-25 00:00:00+00:00,2026-06-22/2026-06-28
long binance / short bitget,binance,bitget,2026-06-25 00:00:00.002000+00:00,0.00603242,0.0,-0.00603242,-60.324200000000005,-225.00710000000004,8.0,,KRX_REGULAR_EARLIER,PRE_GATE_REGIME,2026-06-25 00:00:00+00:00,2026-06-22/2026-06-28
long binance / short okx,binance,okx,2026-06-23 08:00:00.002000+00:00,0.00580329,0.0,-0.00580329,-58.0329,234.89708063925798,8.0,,KRX_OFFICIAL_AFTER_HOURS,PRE_GATE_REGIME,2026-06-23 00:00:00+00:00,2026-06-22/2026-06-28
long bitget / short binance,bitget,binance,2026-06-23 08:00:00.002000+00:00,0.0,0.00580329,0.00580329,58.0329,205.4672,,8.0,KRX_OFFICIAL_AFTER_HOURS,PRE_GATE_REGIME,2026-06-23 00:00:00+00:00,2026-06-22/2026-06-28
long okx / short binance,okx,binance,2026-06-23 08:00:00.002000+00:00,0.0,0.00580329,0.00580329,58.0329,-234.89708063925798,,8.0,KRX_OFFICIAL_AFTER_HOURS,PRE_GATE_REGIME,2026-06-23 00:00:00+00:00,2026-06-22/2026-06-28
long binance / short bitget,binance,bitget,2026-06-23 08:00:00.002000+00:00,0.00580329,0.0,-0.00580329,-58.0329,-205.4672,8.0,,KRX_OFFICIAL_AFTER_HOURS,PRE_GATE_REGIME,2026-06-23 00:00:00+00:00,2026-06-22/2026-06-28
long binance / short okx,binance,okx,2026-07-02 08:00:00.001000+00:00,0.00534933,0.0,-0.00534933,-53.493300000000005,352.212429166122,8.0,,KRX_OFFICIAL_AFTER_HOURS,PRE_GATE_REGIME,2026-07-02 00:00:00+00:00,2026-06-29/2026-07-05
long okx / short binance,okx,binance,2026-07-02 08:00:00.001000+00:00,0.0,0.00534933,0.00534933,53.493300000000005,-352.212429166122,,8.0,KRX_OFFICIAL_AFTER_HOURS,PRE_GATE_REGIME,2026-07-02 00:00:00+00:00,2026-06-29/2026-07-05
long binance / short bitget,binance,bitget,2026-07-02 08:00:00.001000+00:00,0.00534933,0.0,-0.00534933,-53.493300000000005,-87.0527,8.0,,KRX_OFFICIAL_AFTER_HOURS,PRE_GATE_REGIME,2026-07-02 00:00:00+00:00,2026-06-29/2026-07-05
long bitget / short binance,bitget,binance,2026-07-02 08:00:00.001000+00:00,0.0,0.00534933,0.00534933,53.493300000000005,87.0527,,8.0,KRX_OFFICIAL_AFTER_HOURS,PRE_GATE_REGIME,2026-07-02 00:00:00+00:00,2026-06-29/2026-07-05
long okx / short binance,okx,binance,2026-07-14 04:00:00+00:00,0.0051280565781914,0.0,-0.0051280565781914,-51.280565781914,-607.2909780291062,4.0,,KRX_REGULAR_EARLIER,PRE_GATE_REGIME,2026-07-14 00:00:00+00:00,2026-07-13/2026-07-19
long okx / short bitget,okx,bitget,2026-07-14 04:00:00+00:00,0.0051280565781914,0.0,-0.0051280565781914,-51.280565781914,-636.0802188373981,4.0,,KRX_REGULAR_EARLIER,PRE_GATE_REGIME,2026-07-14 00:00:00+00:00,2026-07-13/2026-07-19
long bitget / short okx,bitget,okx,2026-07-14 04:00:00+00:00,0.0,0.0051280565781914,0.0051280565781914,51.280565781914,636.0802188373981,,4.0,KRX_REGULAR_EARLIER,PRE_GATE_REGIME,2026-07-14 00:00:00+00:00,2026-07-13/2026-07-19
long binance / short okx,binance,okx,2026-07-14 04:00:00+00:00,0.0,0.0051280565781914,0.0051280565781914,51.280565781914,607.2909780291062,,4.0,KRX_REGULAR_EARLIER,PRE_GATE_REGIME,2026-07-14 00:00:00+00:00,2026-07-13/2026-07-19
long binance / short okx,binance,okx,2026-06-25 00:00:00+00:00,0.0,0.0050871457699901,0.0050871457699901,50.871457699901,300.990997540212,,8.0,KRX_REGULAR_EARLIER,PRE_GATE_REGIME,2026-06-25 00:00:00+00:00,2026-06-22/2026-06-28
long okx / short binance,okx,binance,2026-06-25 00:00:00+00:00,0.0050871457699901,0.0,-0.0050871457699901,-50.871457699901,-300.990997540212,8.0,,KRX_REGULAR_EARLIER,PRE_GATE_REGIME,2026-06-25 00:00:00+00:00,2026-06-22/2026-06-28
long binance / short okx,binance,okx,2026-07-07 08:00:00+00:00,0.0,0.0050692334577689,0.0050692334577689,50.692334577689,444.6877032674621,,8.0,KRX_OFFICIAL_AFTER_HOURS,PRE_GATE_REGIME,2026-07-07 00:00:00+00:00,2026-07-06/2026-07-12
long okx / short binance,okx,binance,2026-07-07 08:00:00+00:00,0.0050692334577689,0.0,-0.0050692334577689,-50.692334577689,-444.6877032674621,8.0,,KRX_OFFICIAL_AFTER_HOURS,PRE_GATE_REGIME,2026-07-07 00:00:00+00:00,2026-07-06/2026-07-12
long okx / short binance,okx,binance,2026-07-14 08:00:00.001000+00:00,0.0,0.005,0.005,50.0,-558.3506508061802,,8.0,KRX_OFFICIAL_AFTER_HOURS,PRE_GATE_REGIME,2026-07-14 00:00:00+00:00,2026-07-13/2026-07-19
long binance / short bitget,binance,bitget,2026-07-14 08:00:00+00:00,0.0,0.005,0.005,50.0,13.748899999999978,,8.0,KRX_OFFICIAL_AFTER_HOURS,PRE_GATE_REGIME,2026-07-14 00:00:00+00:00,2026-07-13/2026-07-19
long binance / short bitget,binance,bitget,2026-07-13 08:00:00.001000+00:00,0.005,0.0,-0.005,-50.0,-47.07120000000002,8.0,,KRX_OFFICIAL_AFTER_HOURS,PRE_GATE_REGIME,2026-07-13 00:00:00+00:00,2026-07-13/2026-07-19
long binance / short bitget,binance,bitget,2026-07-13 08:00:00+00:00,0.0,0.005,0.005,50.0,2.928799999999981,,8.0,KRX_OFFICIAL_AFTER_HOURS,PRE_GATE_REGIME,2026-07-13 00:00:00+00:00,2026-07-13/2026-07-19
long okx / short binance,okx,binance,2026-07-13 08:00:00.001000+00:00,0.0,0.005,0.005,50.0,-499.2551639868782,,8.0,KRX_OFFICIAL_AFTER_HOURS,PRE_GATE_REGIME,2026-07-13 00:00:00+00:00,2026-07-13/2026-07-19
long bitget / short binance,bitget,binance,2026-07-07 08:00:00+00:00,0.005,0.0,-0.005,-50.0,4.072599999999994,8.0,,KRX_OFFICIAL_AFTER_HOURS,PRE_GATE_REGIME,2026-07-07 00:00:00+00:00,2026-07-06/2026-07-12
long binance / short bitget,binance,bitget,2026-07-07 08:00:00+00:00,0.0,0.005,0.005,50.0,-4.072599999999994,,8.0,KRX_OFFICIAL_AFTER_HOURS,PRE_GATE_REGIME,2026-07-07 00:00:00+00:00,2026-07-06/2026-07-12
long okx / short bitget,okx,bitget,2026-07-13 08:00:00+00:00,0.01,0.005,-0.005,-50.0,-538.8645047951701,8.0,8.0,KRX_OFFICIAL_AFTER_HOURS,PRE_GATE_REGIME,2026-07-13 00:00:00+00:00,2026-07-13/2026-07-19
long binance / short bitget,binance,bitget,2026-07-02 08:00:00+00:00,0.0,0.005,0.005,50.0,-33.5594,,8.0,KRX_OFFICIAL_AFTER_HOURS,PRE_GATE_REGIME,2026-07-02 00:00:00+00:00,2026-06-29/2026-07-05
long binance / short bitget,binance,bitget,2026-06-29 08:00:00+00:00,0.0,0.005,0.005,50.0,-116.08590000000001,,8.0,KRX_OFFICIAL_AFTER_HOURS,PRE_GATE_REGIME,2026-06-29 00:00:00+00:00,2026-06-29/2026-07-05
long binance / short bitget,binance,bitget,2026-06-26 08:00:00+00:00,0.0,0.005,0.005,50.0,-127.70370000000003,,8.0,KRX_OFFICIAL_AFTER_HOURS,PRE_GATE_REGIME,2026-06-26 00:00:00+00:00,2026-06-22/2026-06-28
long binance / short okx,binance,okx,2026-07-13 08:00:00.001000+00:00,0.005,0.0,-0.005,-50.0,499.2551639868782,8.0,,KRX_OFFICIAL_AFTER_HOURS,PRE_GATE_REGIME,2026-07-13 00:00:00+00:00,2026-07-13/2026-07-19
long binance / short okx,binance,okx,2026-07-14 08:00:00.001000+00:00,0.005,0.0,-0.005,-50.0,558.3506508061802,8.0,,KRX_OFFICIAL_AFTER_HOURS,PRE_GATE_REGIME,2026-07-14 00:00:00+00:00,2026-07-13/2026-07-19
long binance / short bitget,binance,bitget,2026-07-14 08:00:00.001000+00:00,0.005,0.0,-0.005,-50.0,-36.25110000000002,8.0,,KRX_OFFICIAL_AFTER_HOURS,PRE_GATE_REGIME,2026-07-14 00:00:00+00:00,2026-07-13/2026-07-19
long binance / short bitget,binance,bitget,2026-06-24 08:00:00+00:00,0.0,0.005,0.005,50.0,-158.7381,,8.0,KRX_OFFICIAL_AFTER_HOURS,PRE_GATE_REGIME,2026-06-24 00:00:00+00:00,2026-06-22/2026-06-28
long bitget / short binance,bitget,binance,2026-07-13 08:00:00+00:00,0.005,0.0,-0.005,-50.0,-2.928799999999981,8.0,,KRX_OFFICIAL_AFTER_HOURS,PRE_GATE_REGIME,2026-07-13 00:00:00+00:00,2026-07-13/2026-07-19
long bitget / short binance,bitget,binance,2026-06-24 08:00:00+00:00,0.005,0.0,-0.005,-50.0,158.7381,8.0,,KRX_OFFICIAL_AFTER_HOURS,PRE_GATE_REGIME,2026-06-24 00:00:00+00:00,2026-06-22/2026-06-28
long bitget / short binance,bitget,binance,2026-06-26 08:00:00+00:00,0.005,0.0,-0.005,-50.0,127.70370000000003,8.0,,KRX_OFFICIAL_AFTER_HOURS,PRE_GATE_REGIME,2026-06-26 00:00:00+00:00,2026-06-22/2026-06-28
long bitget / short binance,bitget,binance,2026-06-29 08:00:00+00:00,0.005,0.0,-0.005,-50.0,116.08590000000001,8.0,,KRX_OFFICIAL_AFTER_HOURS,PRE_GATE_REGIME,2026-06-29 00:00:00+00:00,2026-06-29/2026-07-05
long bitget / short binance,bitget,binance,2026-07-13 08:00:00.001000+00:00,0.0,0.005,0.005,50.0,47.07120000000002,,8.0,KRX_OFFICIAL_AFTER_HOURS,PRE_GATE_REGIME,2026-07-13 00:00:00+00:00,2026-07-13/2026-07-19
long bitget / short binance,bitget,binance,2026-07-14 08:00:00+00:00,0.005,0.0,-0.005,-50.0,-13.748899999999978,8.0,,KRX_OFFICIAL_AFTER_HOURS,PRE_GATE_REGIME,2026-07-14 00:00:00+00:00,2026-07-13/2026-07-19
long bitget / short binance,bitget,binance,2026-07-14 08:00:00.001000+00:00,0.0,0.005,0.005,50.0,36.25110000000002,,8.0,KRX_OFFICIAL_AFTER_HOURS,PRE_GATE_REGIME,2026-07-14 00:00:00+00:00,2026-07-13/2026-07-19
long bitget / short okx,bitget,okx,2026-07-13 08:00:00+00:00,0.005,0.01,0.005,50.0,538.8645047951701,8.0,8.0,KRX_OFFICIAL_AFTER_HOURS,PRE_GATE_REGIME,2026-07-13 00:00:00+00:00,2026-07-13/2026-07-19
long bitget / short binance,bitget,binance,2026-07-02 08:00:00+00:00,0.005,0.0,-0.005,-50.0,33.5594,8.0,,KRX_OFFICIAL_AFTER_HOURS,PRE_GATE_REGIME,2026-07-02 00:00:00+00:00,2026-06-29/2026-07-05
long okx / short bitget,okx,bitget,2026-07-14 08:00:00+00:00,0.0001059672777074,0.005,0.0048940327222926,48.940327222926,-587.139891614472,4.0,8.0,KRX_OFFICIAL_AFTER_HOURS,PRE_GATE_REGIME,2026-07-14 00:00:00+00:00,2026-07-13/2026-07-19
long bitget / short okx,bitget,okx,2026-07-14 08:00:00+00:00,0.005,0.0001059672777074,-0.0048940327222926,-48.940327222926,587.139891614472,8.0,4.0,KRX_OFFICIAL_AFTER_HOURS,PRE_GATE_REGIME,2026-07-14 00:00:00+00:00,2026-07-13/2026-07-19
long binance / short okx,binance,okx,2026-06-23 08:00:00+00:00,0.0,0.0048822453571552,0.0048822453571552,48.822453571551996,292.92998063925796,,8.0,KRX_OFFICIAL_AFTER_HOURS,PRE_GATE_REGIME,2026-06-23 00:00:00+00:00,2026-06-22/2026-06-28
long okx / short binance,okx,binance,2026-06-23 08:00:00+00:00,0.0048822453571552,0.0,-0.0048822453571552,-48.822453571551996,-292.92998063925796,8.0,,KRX_OFFICIAL_AFTER_HOURS,PRE_GATE_REGIME,2026-06-23 00:00:00+00:00,2026-06-22/2026-06-28
long binance / short bitget,binance,bitget,2026-07-10 08:00:00+00:00,0.0,0.004771,0.004771,47.71,-38.236700000000006,,8.0,KRX_OFFICIAL_AFTER_HOURS,PRE_GATE_REGIME,2026-07-10 00:00:00+00:00,2026-07-06/2026-07-12
long bitget / short binance,bitget,binance,2026-07-10 08:00:00+00:00,0.004771,0.0,-0.004771,-47.71,38.236700000000006,8.0,,KRX_OFFICIAL_AFTER_HOURS,PRE_GATE_REGIME,2026-07-10 00:00:00+00:00,2026-07-06/2026-07-12
long binance / short okx,binance,okx,2026-07-09 08:00:00.001000+00:00,0.00473872,0.0,-0.00473872,-47.3872,388.2734311093051,8.0,,KRX_OFFICIAL_AFTER_HOURS,PRE_GATE_REGIME,2026-07-09 00:00:00+00:00,2026-07-06/2026-07-12
long okx / short binance,okx,binance,2026-07-09 08:00:00.001000+00:00,0.0,0.00473872,0.00473872,47.3872,-388.2734311093051,,8.0,KRX_OFFICIAL_AFTER_HOURS,PRE_GATE_REGIME,2026-07-09 00:00:00+00:00,2026-07-06/2026-07-12
long bitget / short binance,bitget,binance,2026-07-09 08:00:00.001000+00:00,0.0,0.00473872,0.00473872,47.3872,74.7381,,8.0,KRX_OFFICIAL_AFTER_HOURS,PRE_GATE_REGIME,2026-07-09 00:00:00+00:00,2026-07-06/2026-07-12
long binance / short bitget,binance,bitget,2026-07-09 08:00:00.001000+00:00,0.00473872,0.0,-0.00473872,-47.3872,-74.7381,8.0,,KRX_OFFICIAL_AFTER_HOURS,PRE_GATE_REGIME,2026-07-09 00:00:00+00:00,2026-07-06/2026-07-12
long okx / short binance,okx,binance,2026-06-10 08:00:00.001000+00:00,0.0,0.00463966,0.00463966,46.39660000000001,46.39660000000001,,8.0,KRX_OFFICIAL_AFTER_HOURS,PRE_GATE_REGIME,2026-06-10 00:00:00+00:00,2026-06-08/2026-06-14
long bitget / short binance,bitget,binance,2026-06-10 08:00:00.001000+00:00,0.0,0.00463966,0.00463966,46.39660000000001,46.39660000000001,,8.0,KRX_OFFICIAL_AFTER_HOURS,PRE_GATE_REGIME,2026-06-10 00:00:00+00:00,2026-06-08/2026-06-14
long binance / short okx,binance,okx,2026-06-10 08:00:00.001000+00:00,0.00463966,0.0,-0.00463966,-46.39660000000001,-46.39660000000001,8.0,,KRX_OFFICIAL_AFTER_HOURS,PRE_GATE_REGIME,2026-06-10 00:00:00+00:00,2026-06-08/2026-06-14
long binance / short bitget,binance,bitget,2026-06-10 08:00:00.001000+00:00,0.00463966,0.0,-0.00463966,-46.39660000000001,-46.39660000000001,8.0,,KRX_OFFICIAL_AFTER_HOURS,PRE_GATE_REGIME,2026-06-10 00:00:00+00:00,2026-06-08/2026-06-14
long binance / short bitget,binance,bitget,2026-06-26 08:00:00.002000+00:00,0.00458019,0.0,-0.00458019,-45.801899999999996,-173.50560000000002,8.0,,KRX_OFFICIAL_AFTER_HOURS,PRE_GATE_REGIME,2026-06-26 00:00:00+00:00,2026-06-22/2026-06-28
long okx / short binance,okx,binance,2026-06-26 08:00:00.002000+00:00,0.0,0.00458019,0.00458019,45.801899999999996,-220.261195236939,,8.0,KRX_OFFICIAL_AFTER_HOURS,PRE_GATE_REGIME,2026-06-26 00:00:00+00:00,2026-06-22/2026-06-28
long bitget / short binance,bitget,binance,2026-06-26 08:00:00.002000+00:00,0.0,0.00458019,0.00458019,45.801899999999996,173.50560000000002,,8.0,KRX_OFFICIAL_AFTER_HOURS,PRE_GATE_REGIME,2026-06-26 00:00:00+00:00,2026-06-22/2026-06-28
long binance / short okx,binance,okx,2026-06-26 08:00:00.002000+00:00,0.00458019,0.0,-0.00458019,-45.801899999999996,220.261195236939,8.0,,KRX_OFFICIAL_AFTER_HOURS,PRE_GATE_REGIME,2026-06-26 00:00:00+00:00,2026-06-22/2026-06-28
long okx / short bitget,okx,bitget,2026-06-25 00:00:00+00:00,0.0050871457699901,0.000707,-0.0043801457699901,-43.80145769990099,-458.21203834850405,8.0,8.0,KRX_REGULAR_EARLIER,PRE_GATE_REGIME,2026-06-25 00:00:00+00:00,2026-06-22/2026-06-28
long bitget / short okx,bitget,okx,2026-06-25 00:00:00+00:00,0.000707,0.0050871457699901,0.0043801457699901,43.80145769990099,458.21203834850405,8.0,8.0,KRX_REGULAR_EARLIER,PRE_GATE_REGIME,2026-06-25 00:00:00+00:00,2026-06-22/2026-06-28
long bitget / short binance,bitget,binance,2026-07-09 08:00:00+00:00,0.00409,0.0,-0.00409,-40.9,27.350900000000003,8.0,,KRX_OFFICIAL_AFTER_HOURS,PRE_GATE_REGIME,2026-07-09 00:00:00+00:00,2026-07-06/2026-07-12
long binance / short bitget,binance,bitget,2026-07-09 08:00:00+00:00,0.0,0.00409,0.00409,40.9,-27.350900000000003,,8.0,KRX_OFFICIAL_AFTER_HOURS,PRE_GATE_REGIME,2026-07-09 00:00:00+00:00,2026-07-06/2026-07-12
long bitget / short binance,bitget,binance,2026-06-22 08:00:00.001000+00:00,0.0,0.00402973,0.00402973,40.29729999999999,157.43429999999998,,8.0,KRX_OFFICIAL_AFTER_HOURS,PRE_GATE_REGIME,2026-06-22 00:00:00+00:00,2026-06-22/2026-06-28
long binance / short bitget,binance,bitget,2026-06-22 08:00:00.001000+00:00,0.00402973,0.0,-0.00402973,-40.29729999999999,-157.43429999999998,8.0,,KRX_OFFICIAL_AFTER_HOURS,PRE_GATE_REGIME,2026-06-22 00:00:00+00:00,2026-06-22/2026-06-28
long binance / short okx,binance,okx,2026-06-22 08:00:00.001000+00:00,0.00402973,0.0,-0.00402973,-40.29729999999999,233.290165848038,8.0,,KRX_OFFICIAL_AFTER_HOURS,PRE_GATE_REGIME,2026-06-22 00:00:00+00:00,2026-06-22/2026-06-28
long okx / short binance,okx,binance,2026-06-22 08:00:00.001000+00:00,0.0,0.00402973,0.00402973,40.29729999999999,-233.290165848038,,8.0,KRX_OFFICIAL_AFTER_HOURS,PRE_GATE_REGIME,2026-06-22 00:00:00+00:00,2026-06-22/2026-06-28
long bitget / short okx,bitget,okx,2026-06-15 00:00:00+00:00,0.0,0.0039529757881667,0.0039529757881667,39.529757881667,152.10718010210098,8.0,8.0,KRX_REGULAR_EARLIER,PRE_GATE_REGIME,2026-06-15 00:00:00+00:00,2026-06-15/2026-06-21
long okx / short bitget,okx,bitget,2026-06-15 00:00:00+00:00,0.0039529757881667,0.0,-0.0039529757881667,-39.529757881667,-152.10718010210098,8.0,8.0,KRX_REGULAR_EARLIER,PRE_GATE_REGIME,2026-06-15 00:00:00+00:00,2026-06-15/2026-06-21
long binance / short okx,binance,okx,2026-06-15 00:00:00+00:00,0.0,0.0039529757881667,0.0039529757881667,39.529757881667,79.856839293809,,8.0,KRX_REGULAR_EARLIER,PRE_GATE_REGIME,2026-06-15 00:00:00+00:00,2026-06-15/2026-06-21
long okx / short binance,okx,binance,2026-06-15 00:00:00+00:00,0.0039529757881667,0.0,-0.0039529757881667,-39.529757881667,-79.856839293809,8.0,,KRX_REGULAR_EARLIER,PRE_GATE_REGIME,2026-06-15 00:00:00+00:00,2026-06-15/2026-06-21
long bitget / short okx,bitget,okx,2026-06-23 08:00:00+00:00,0.001,0.0048822453571552,0.0038822453571552,38.822453571551996,432.90242144755,8.0,8.0,KRX_OFFICIAL_AFTER_HOURS,PRE_GATE_REGIME,2026-06-23 00:00:00+00:00,2026-06-22/2026-06-28
long okx / short bitget,okx,bitget,2026-06-23 08:00:00+00:00,0.0048822453571552,0.001,-0.0038822453571552,-38.822453571551996,-432.90242144755,8.0,8.0,KRX_OFFICIAL_AFTER_HOURS,PRE_GATE_REGIME,2026-06-23 00:00:00+00:00,2026-06-22/2026-06-28
long binance / short okx,binance,okx,2026-07-08 08:00:00.001000+00:00,0.00386943,0.0,-0.00386943,-38.6943,404.7357223852261,8.0,,KRX_OFFICIAL_AFTER_HOURS,PRE_GATE_REGIME,2026-07-08 00:00:00+00:00,2026-07-06/2026-07-12
long okx / short binance,okx,binance,2026-07-08 08:00:00.001000+00:00,0.0,0.00386943,0.00386943,38.6943,-404.7357223852261,,8.0,KRX_OFFICIAL_AFTER_HOURS,PRE_GATE_REGIME,2026-07-08 00:00:00+00:00,2026-07-06/2026-07-12
long binance / short bitget,binance,bitget,2026-07-08 08:00:00.001000+00:00,0.00386943,0.0,-0.00386943,-38.6943,-44.0611,8.0,,KRX_OFFICIAL_AFTER_HOURS,PRE_GATE_REGIME,2026-07-08 00:00:00+00:00,2026-07-06/2026-07-12
long bitget / short binance,bitget,binance,2026-07-08 08:00:00.001000+00:00,0.0,0.00386943,0.00386943,38.6943,44.0611,,8.0,KRX_OFFICIAL_AFTER_HOURS,PRE_GATE_REGIME,2026-07-08 00:00:00+00:00,2026-07-06/2026-07-12
long binance / short okx,binance,okx,2026-07-08 08:00:00+00:00,0.0,0.0038486519117764,0.0038486519117764,38.486519117764,443.4300223852261,,8.0,KRX_OFFICIAL_AFTER_HOURS,PRE_GATE_REGIME,2026-07-08 00:00:00+00:00,2026-07-06/2026-07-12
long okx / short binance,okx,binance,2026-07-08 08:00:00+00:00,0.0038486519117764,0.0,-0.0038486519117764,-38.486519117764,-443.4300223852261,8.0,,KRX_OFFICIAL_AFTER_HOURS,PRE_GATE_REGIME,2026-07-08 00:00:00+00:00,2026-07-06/2026-07-12
long okx / short bitget,okx,bitget,2026-06-25 08:00:00+00:00,0.0,0.003784,0.003784,37.84,-420.372038348504,8.0,8.0,KRX_OFFICIAL_AFTER_HOURS,PRE_GATE_REGIME,2026-06-25 00:00:00+00:00,2026-06-22/2026-06-28
long bitget / short okx,bitget,okx,2026-06-25 08:00:00+00:00,0.003784,0.0,-0.003784,-37.84,420.372038348504,8.0,8.0,KRX_OFFICIAL_AFTER_HOURS,PRE_GATE_REGIME,2026-06-25 00:00:00+00:00,2026-06-22/2026-06-28
long bitget / short okx,bitget,okx,2026-06-12 00:00:00+00:00,0.0,0.0034807225215341,0.0034807225215341,34.807225215341,60.63489791867799,8.0,8.0,KRX_REGULAR_EARLIER,PRE_GATE_REGIME,2026-06-12 00:00:00+00:00,2026-06-08/2026-06-14
long okx / short bitget,okx,bitget,2026-06-12 00:00:00+00:00,0.0034807225215341,0.0,-0.0034807225215341,-34.807225215341,-60.63489791867799,8.0,8.0,KRX_REGULAR_EARLIER,PRE_GATE_REGIME,2026-06-12 00:00:00+00:00,2026-06-08/2026-06-14
long okx / short binance,okx,binance,2026-06-12 00:00:00+00:00,0.0034807225215341,0.0,-0.0034807225215341,-34.807225215341,-17.63415711038599,8.0,,KRX_REGULAR_EARLIER,PRE_GATE_REGIME,2026-06-12 00:00:00+00:00,2026-06-08/2026-06-14
long binance / short okx,binance,okx,2026-06-12 00:00:00+00:00,0.0,0.0034807225215341,0.0034807225215341,34.807225215341,17.63415711038599,,8.0,KRX_REGULAR_EARLIER,PRE_GATE_REGIME,2026-06-12 00:00:00+00:00,2026-06-08/2026-06-14
long gate / short bitget,gate,bitget,2026-07-17 04:00:00+00:00,0.0,-0.002897,-0.002897,-28.97,-29.97,,4.0,KRX_REGULAR_EARLIER,GATE_REGIME_20260716_19,2026-07-17 00:00:00+00:00,2026-07-13/2026-07-19
long bitget / short gate,bitget,gate,2026-07-17 04:00:00+00:00,-0.002897,0.0,0.002897,28.97,29.97,4.0,,KRX_REGULAR_EARLIER,GATE_REGIME_20260716_19,2026-07-17 00:00:00+00:00,2026-07-13/2026-07-19
long bitget / short okx,bitget,okx,2026-07-17 04:00:00+00:00,-0.002897,0.0,0.002897,28.97,573.410844100645,4.0,,KRX_REGULAR_EARLIER,GATE_REGIME_20260716_19,2026-07-17 00:00:00+00:00,2026-07-13/2026-07-19
long okx / short bitget,okx,bitget,2026-07-17 04:00:00+00:00,0.0,-0.002897,-0.002897,-28.97,-573.410844100645,,4.0,KRX_REGULAR_EARLIER,GATE_REGIME_20260716_19,2026-07-17 00:00:00+00:00,2026-07-13/2026-07-19
long bitget / short okx,bitget,okx,2026-07-13 12:00:00+00:00,0.0,0.002816412986938,0.002816412986938,28.164129869379998,567.02863466455,,4.0,US_PREMARKET,PRE_GATE_REGIME,2026-07-13 00:00:00+00:00,2026-07-13/2026-07-19
long okx / short bitget,okx,bitget,2026-07-13 12:00:00+00:00,0.002816412986938,0.0,-0.002816412986938,-28.164129869379998,-567.02863466455,4.0,,US_PREMARKET,PRE_GATE_REGIME,2026-07-13 00:00:00+00:00,2026-07-13/2026-07-19
long bitget / short okx,bitget,okx,2026-07-03 08:00:00+00:00,0.001529,-0.0012614043904869,-0.0027904043904869,-27.904043904869,417.41692996191307,8.0,8.0,KRX_OFFICIAL_AFTER_HOURS,PRE_GATE_REGIME,2026-07-03 00:00:00+00:00,2026-06-29/2026-07-05
long okx / short bitget,okx,bitget,2026-07-03 08:00:00+00:00,-0.0012614043904869,0.001529,0.0027904043904869,27.904043904869,-417.41692996191307,8.0,8.0,KRX_OFFICIAL_AFTER_HOURS,PRE_GATE_REGIME,2026-07-03 00:00:00+00:00,2026-06-29/2026-07-05
long okx / short bitget,okx,bitget,2026-06-24 08:00:00+00:00,0.0023620266144993,0.005,0.0026379733855007,26.379733855007,-420.77827982558205,8.0,8.0,KRX_OFFICIAL_AFTER_HOURS,PRE_GATE_REGIME,2026-06-24 00:00:00+00:00,2026-06-22/2026-06-28
long bitget / short okx,bitget,okx,2026-06-24 08:00:00+00:00,0.005,0.0023620266144993,-0.0026379733855007,-26.379733855007,420.77827982558205,8.0,8.0,KRX_OFFICIAL_AFTER_HOURS,PRE_GATE_REGIME,2026-06-24 00:00:00+00:00,2026-06-22/2026-06-28
long okx / short bitget,okx,bitget,2026-06-19 00:00:00+00:00,0.0026097782764719,0.0,-0.0026097782764719,-26.097782764719003,-220.837092302657,8.0,8.0,KRX_REGULAR_EARLIER,PRE_GATE_REGIME,2026-06-19 00:00:00+00:00,2026-06-15/2026-06-21
long bitget / short okx,bitget,okx,2026-06-19 00:00:00+00:00,0.0,0.0026097782764719,0.0026097782764719,26.097782764719003,220.837092302657,8.0,8.0,KRX_REGULAR_EARLIER,PRE_GATE_REGIME,2026-06-19 00:00:00+00:00,2026-06-15/2026-06-21
long okx / short bitget,okx,bitget,2026-07-17 16:00:00+00:00,0.0025749198720348,0.0,-0.0025749198720348,-25.749198720348,-589.247710966673,8.0,4.0,KRX_HOLIDAY_OR_WEEKEND,GATE_REGIME_20260716_19,2026-07-17 00:00:00+00:00,2026-07-13/2026-07-19
long bitget / short okx,bitget,okx,2026-07-17 16:00:00+00:00,0.0,0.0025749198720348,0.0025749198720348,25.749198720348,589.247710966673,4.0,8.0,KRX_HOLIDAY_OR_WEEKEND,GATE_REGIME_20260716_19,2026-07-17 00:00:00+00:00,2026-07-13/2026-07-19
long okx / short gate,okx,gate,2026-07-17 16:00:00+00:00,0.0025749198720348,0.0,-0.0025749198720348,-25.749198720348,3.2384876122149997,8.0,,KRX_HOLIDAY_OR_WEEKEND,GATE_REGIME_20260716_19,2026-07-17 00:00:00+00:00,2026-07-13/2026-07-19
long gate / short okx,gate,okx,2026-07-17 16:00:00+00:00,0.0,0.0025749198720348,0.0025749198720348,25.749198720348,-3.2384876122149997,,8.0,KRX_HOLIDAY_OR_WEEKEND,GATE_REGIME_20260716_19,2026-07-17 00:00:00+00:00,2026-07-13/2026-07-19
long okx / short bitget,okx,bitget,2026-06-16 16:00:00+00:00,-0.0025562314489719,0.0,0.0025562314489719,25.562314489719,-149.559987719681,8.0,8.0,US_REGULAR,PRE_GATE_REGIME,2026-06-16 00:00:00+00:00,2026-06-15/2026-06-21
long bitget / short okx,bitget,okx,2026-06-16 16:00:00+00:00,0.0,-0.0025562314489719,-0.0025562314489719,-25.562314489719,149.559987719681,8.0,8.0,US_REGULAR,PRE_GATE_REGIME,2026-06-16 00:00:00+00:00,2026-06-15/2026-06-21
long bitget / short okx,bitget,okx,2026-06-20 00:00:00+00:00,0.0,0.0025322950265775,0.0025322950265775,25.322950265775003,265.316492953015,8.0,8.0,KRX_HOLIDAY_OR_WEEKEND,PRE_GATE_REGIME,2026-06-20 00:00:00+00:00,2026-06-15/2026-06-21
long okx / short bitget,okx,bitget,2026-06-20 00:00:00+00:00,0.0025322950265775,0.0,-0.0025322950265775,-25.322950265775003,-265.316492953015,8.0,8.0,KRX_HOLIDAY_OR_WEEKEND,PRE_GATE_REGIME,2026-06-20 00:00:00+00:00,2026-06-15/2026-06-21
long bitget / short okx,bitget,okx,2026-06-17 16:00:00+00:00,0.0,0.0024421929317287,0.0024421929317287,24.421929317287,164.488780030544,8.0,8.0,US_REGULAR,PRE_GATE_REGIME,2026-06-17 00:00:00+00:00,2026-06-15/2026-06-21
long okx / short bitget,okx,bitget,2026-06-17 16:00:00+00:00,0.0024421929317287,0.0,-0.0024421929317287,-24.421929317287,-164.488780030544,8.0,8.0,US_REGULAR,PRE_GATE_REGIME,2026-06-17 00:00:00+00:00,2026-06-15/2026-06-21
long okx / short bitget,okx,bitget,2026-07-15 16:00:00+00:00,-0.002398100578228,0.0,0.002398100578228,23.98100578228,-564.254057075997,8.0,4.0,US_REGULAR,PRE_GATE_REGIME,2026-07-15 00:00:00+00:00,2026-07-13/2026-07-19
long bitget / short okx,bitget,okx,2026-07-15 16:00:00+00:00,0.0,-0.002398100578228,-0.002398100578228,-23.98100578228,564.254057075997,4.0,8.0,US_REGULAR,PRE_GATE_REGIME,2026-07-15 00:00:00+00:00,2026-07-13/2026-07-19
long okx / short bitget,okx,bitget,2026-06-22 08:00:00+00:00,0.0032551564150289,0.001,-0.0022551564150289,-22.551564150289,-383.26260665633,8.0,8.0,KRX_OFFICIAL_AFTER_HOURS,PRE_GATE_REGIME,2026-06-22 00:00:00+00:00,2026-06-22/2026-06-28
long bitget / short okx,bitget,okx,2026-06-22 08:00:00+00:00,0.001,0.0032551564150289,0.0022551564150289,22.551564150289,383.26260665633,8.0,8.0,KRX_OFFICIAL_AFTER_HOURS,PRE_GATE_REGIME,2026-06-22 00:00:00+00:00,2026-06-22/2026-06-28
long bitget / short gate,bitget,gate,2026-07-20 04:00:00+00:00,0.002053,0.0,-0.002053,-20.53,94.85,4.0,,KRX_REGULAR_EARLIER,POST_GATE_REGIME,2026-07-20 00:00:00+00:00,2026-07-20/2026-07-26
long bitget / short okx,bitget,okx,2026-07-20 04:00:00+00:00,0.002053,0.0,-0.002053,-20.53,573.689433029024,4.0,,KRX_REGULAR_EARLIER,POST_GATE_REGIME,2026-07-20 00:00:00+00:00,2026-07-20/2026-07-26
long okx / short bitget,okx,bitget,2026-07-20 04:00:00+00:00,0.0,0.002053,0.002053,20.53,-573.689433029024,,4.0,KRX_REGULAR_EARLIER,POST_GATE_REGIME,2026-07-20 00:00:00+00:00,2026-07-20/2026-07-26
long bitget / short hyperliquid,bitget,hyperliquid,2026-07-20 04:00:00+00:00,0.002053,0.0,-0.002053,-20.53,-13.819158,4.0,,KRX_REGULAR_EARLIER,POST_GATE_REGIME,2026-07-20 00:00:00+00:00,2026-07-20/2026-07-26
long hyperliquid / short bitget,hyperliquid,bitget,2026-07-20 04:00:00+00:00,0.0,0.002053,0.002053,20.53,13.819158,,4.0,KRX_REGULAR_EARLIER,POST_GATE_REGIME,2026-07-20 00:00:00+00:00,2026-07-20/2026-07-26
long gate / short bitget,gate,bitget,2026-07-20 04:00:00+00:00,0.0,0.002053,0.002053,20.53,-94.85,,4.0,KRX_REGULAR_EARLIER,POST_GATE_REGIME,2026-07-20 00:00:00+00:00,2026-07-20/2026-07-26
long hyperliquid / short bitget,hyperliquid,bitget,2026-07-21 04:00:00+00:00,0.0,0.001675,0.001675,16.75,39.883639,,4.0,KRX_REGULAR_EARLIER,POST_GATE_REGIME,2026-07-21 00:00:00+00:00,2026-07-20/2026-07-26
long bitget / short hyperliquid,bitget,hyperliquid,2026-07-21 04:00:00+00:00,0.001675,0.0,-0.001675,-16.75,-39.883639,4.0,,KRX_REGULAR_EARLIER,POST_GATE_REGIME,2026-07-21 00:00:00+00:00,2026-07-20/2026-07-26
long gate / short bitget,gate,bitget,2026-07-21 04:00:00+00:00,0.0,0.001675,0.001675,16.75,-90.16999999999999,,4.0,KRX_REGULAR_EARLIER,POST_GATE_REGIME,2026-07-21 00:00:00+00:00,2026-07-20/2026-07-26
long bitget / short gate,bitget,gate,2026-07-21 04:00:00+00:00,0.001675,0.0,-0.001675,-16.75,90.16999999999999,4.0,,KRX_REGULAR_EARLIER,POST_GATE_REGIME,2026-07-21 00:00:00+00:00,2026-07-20/2026-07-26
long gate / short binance,gate,binance,2026-07-20 04:00:00.001000+00:00,0.0,0.00166537,0.00166537,16.6537,-94.9046,,4.0,KRX_REGULAR_EARLIER,POST_GATE_REGIME,2026-07-20 00:00:00+00:00,2026-07-20/2026-07-26
long binance / short hyperliquid,binance,hyperliquid,2026-07-20 04:00:00.001000+00:00,0.00166537,0.0,-0.00166537,-16.6537,-8.853758,4.0,,KRX_REGULAR_EARLIER,POST_GATE_REGIME,2026-07-20 00:00:00+00:00,2026-07-20/2026-07-26
long binance / short gate,binance,gate,2026-07-20 04:00:00.001000+00:00,0.00166537,0.0,-0.00166537,-16.6537,94.9046,4.0,,KRX_REGULAR_EARLIER,POST_GATE_REGIME,2026-07-20 00:00:00+00:00,2026-07-20/2026-07-26
long hyperliquid / short binance,hyperliquid,binance,2026-07-20 04:00:00.001000+00:00,0.0,0.00166537,0.00166537,16.6537,8.853758,,4.0,KRX_REGULAR_EARLIER,POST_GATE_REGIME,2026-07-20 00:00:00+00:00,2026-07-20/2026-07-26
long gate / short binance,gate,binance,2026-07-17 16:00:00.001000+00:00,0.0,0.00150611,0.00150611,15.0611,-29.4763,,4.0,KRX_HOLIDAY_OR_WEEKEND,GATE_REGIME_20260716_19,2026-07-17 00:00:00+00:00,2026-07-13/2026-07-19
long binance / short gate,binance,gate,2026-07-17 16:00:00.001000+00:00,0.00150611,0.0,-0.00150611,-15.0611,29.4763,4.0,,KRX_HOLIDAY_OR_WEEKEND,GATE_REGIME_20260716_19,2026-07-17 00:00:00+00:00,2026-07-13/2026-07-19
long gate / short binance,gate,binance,2026-07-17 08:00:00.001000+00:00,0.0,-0.00143406,-0.00143406,-14.3406,-38.6425,,4.0,KRX_OFFICIAL_AFTER_HOURS,GATE_REGIME_20260716_19,2026-07-17 00:00:00+00:00,2026-07-13/2026-07-19
long binance / short gate,binance,gate,2026-07-17 08:00:00.001000+00:00,-0.00143406,0.0,0.00143406,14.3406,38.6425,4.0,,KRX_OFFICIAL_AFTER_HOURS,GATE_REGIME_20260716_19,2026-07-17 00:00:00+00:00,2026-07-13/2026-07-19
long okx / short hyperliquid,okx,hyperliquid,2026-07-22 16:00:00+00:00,0.001347564728786,0.0,-0.001347564728786,-13.47564728786,-22.010124922314006,8.0,,US_REGULAR,POST_GATE_REGIME,2026-07-22 00:00:00+00:00,2026-07-20/2026-07-26
long okx / short gate,okx,gate,2026-07-22 16:00:00+00:00,0.001347564728786,0.0,-0.001347564728786,-13.47564728786,55.500902093704994,8.0,,US_REGULAR,POST_GATE_REGIME,2026-07-22 00:00:00+00:00,2026-07-20/2026-07-26
long gate / short okx,gate,okx,2026-07-22 16:00:00+00:00,0.0,0.001347564728786,0.001347564728786,13.47564728786,-55.500902093704994,,8.0,US_REGULAR,POST_GATE_REGIME,2026-07-22 00:00:00+00:00,2026-07-20/2026-07-26
long hyperliquid / short okx,hyperliquid,okx,2026-07-22 16:00:00+00:00,0.0,0.001347564728786,0.001347564728786,13.47564728786,22.010124922314006,,8.0,US_REGULAR,POST_GATE_REGIME,2026-07-22 00:00:00+00:00,2026-07-20/2026-07-26
long gate / short binance,gate,binance,2026-07-21 04:00:00.002000+00:00,0.0,0.00119891,0.00119891,11.9891,-93.15389999999996,,4.0,KRX_REGULAR_EARLIER,POST_GATE_REGIME,2026-07-21 00:00:00+00:00,2026-07-20/2026-07-26
long binance / short gate,binance,gate,2026-07-21 04:00:00.002000+00:00,0.00119891,0.0,-0.00119891,-11.9891,93.15389999999996,4.0,,KRX_REGULAR_EARLIER,POST_GATE_REGIME,2026-07-21 00:00:00+00:00,2026-07-20/2026-07-26
long binance / short hyperliquid,binance,hyperliquid,2026-07-21 04:00:00.002000+00:00,0.00119891,0.0,-0.00119891,-11.9891,-31.421369,4.0,,KRX_REGULAR_EARLIER,POST_GATE_REGIME,2026-07-21 00:00:00+00:00,2026-07-20/2026-07-26
long hyperliquid / short binance,hyperliquid,binance,2026-07-21 04:00:00.002000+00:00,0.0,0.00119891,0.00119891,11.9891,31.421369,,4.0,KRX_REGULAR_EARLIER,POST_GATE_REGIME,2026-07-21 00:00:00+00:00,2026-07-20/2026-07-26
long gate / short okx,gate,okx,2026-07-21 16:00:00+00:00,0.0,0.0011616131276546,0.0011616131276546,11.616131276546,-73.923720853465,,8.0,US_REGULAR,POST_GATE_REGIME,2026-07-21 00:00:00+00:00,2026-07-20/2026-07-26
long okx / short hyperliquid,okx,hyperliquid,2026-07-21 16:00:00+00:00,0.0011616131276546,0.0,-0.0011616131276546,-11.616131276546,-18.070434162554005,8.0,,US_REGULAR,POST_GATE_REGIME,2026-07-21 00:00:00+00:00,2026-07-20/2026-07-26
long okx / short gate,okx,gate,2026-07-21 16:00:00+00:00,0.0011616131276546,0.0,-0.0011616131276546,-11.616131276546,73.923720853465,8.0,,US_REGULAR,POST_GATE_REGIME,2026-07-21 00:00:00+00:00,2026-07-20/2026-07-26
long hyperliquid / short okx,hyperliquid,okx,2026-07-21 16:00:00+00:00,0.0,0.0011616131276546,0.0011616131276546,11.616131276546,18.070434162554005,,8.0,US_REGULAR,POST_GATE_REGIME,2026-07-21 00:00:00+00:00,2026-07-20/2026-07-26
long okx / short gate,okx,gate,2026-07-20 00:00:00+00:00,0.0010995922466155,0.0,-0.0010995922466155,-10.995922466155001,63.676765549863994,8.0,,KRX_REGULAR_EARLIER,POST_GATE_REGIME,2026-07-20 00:00:00+00:00,2026-07-20/2026-07-26
long gate / short okx,gate,okx,2026-07-20 00:00:00+00:00,0.0,0.0010995922466155,0.0010995922466155,10.995922466155001,-63.676765549863994,,8.0,KRX_REGULAR_EARLIER,POST_GATE_REGIME,2026-07-20 00:00:00+00:00,2026-07-20/2026-07-26
long okx / short hyperliquid,okx,hyperliquid,2026-07-20 00:00:00+00:00,0.0010995922466155,0.0,-0.0010995922466155,-10.995922466155001,-8.376073466155,8.0,,KRX_REGULAR_EARLIER,POST_GATE_REGIME,2026-07-20 00:00:00+00:00,2026-07-20/2026-07-26
long hyperliquid / short okx,hyperliquid,okx,2026-07-20 00:00:00+00:00,0.0,0.0010995922466155,0.0010995922466155,10.995922466155001,8.376073466155,,8.0,KRX_REGULAR_EARLIER,POST_GATE_REGIME,2026-07-20 00:00:00+00:00,2026-07-20/2026-07-26
long gate / short okx,gate,okx,2026-07-18 00:00:00+00:00,0.0,-0.0010755220213551,-0.0010755220213551,-10.755220213551,-23.993707825766002,,8.0,KRX_HOLIDAY_OR_WEEKEND,GATE_REGIME_20260716_19,2026-07-18 00:00:00+00:00,2026-07-13/2026-07-19
long okx / short gate,okx,gate,2026-07-18 00:00:00+00:00,-0.0010755220213551,0.0,0.0010755220213551,10.755220213551,23.993707825766002,8.0,,KRX_HOLIDAY_OR_WEEKEND,GATE_REGIME_20260716_19,2026-07-18 00:00:00+00:00,2026-07-13/2026-07-19
long gate / short okx,gate,okx,2026-07-17 08:00:00+00:00,0.0,-0.000991233185432,-0.000991233185432,-9.91233185432,-18.987686332563,,8.0,KRX_OFFICIAL_AFTER_HOURS,GATE_REGIME_20260716_19,2026-07-17 00:00:00+00:00,2026-07-13/2026-07-19
long okx / short gate,okx,gate,2026-07-17 08:00:00+00:00,-0.000991233185432,0.0,0.000991233185432,9.91233185432,18.987686332563,8.0,,KRX_OFFICIAL_AFTER_HOURS,GATE_REGIME_20260716_19,2026-07-17 00:00:00+00:00,2026-07-13/2026-07-19
long gate / short bitget,gate,bitget,2026-07-22 04:00:00+00:00,0.0,0.000984,0.000984,9.84,-91.20999999999997,,4.0,KRX_REGULAR_EARLIER,POST_GATE_REGIME,2026-07-22 00:00:00+00:00,2026-07-20/2026-07-26
long hyperliquid / short bitget,hyperliquid,bitget,2026-07-22 04:00:00+00:00,0.0,0.000984,0.000984,9.84,30.10123399999999,,4.0,KRX_REGULAR_EARLIER,POST_GATE_REGIME,2026-07-22 00:00:00+00:00,2026-07-20/2026-07-26
long bitget / short gate,bitget,gate,2026-07-22 04:00:00+00:00,0.000984,0.0,-0.000984,-9.84,91.20999999999997,4.0,,KRX_REGULAR_EARLIER,POST_GATE_REGIME,2026-07-22 00:00:00+00:00,2026-07-20/2026-07-26
long bitget / short hyperliquid,bitget,hyperliquid,2026-07-22 04:00:00+00:00,0.000984,0.0,-0.000984,-9.84,-30.10123399999999,4.0,,KRX_REGULAR_EARLIER,POST_GATE_REGIME,2026-07-22 00:00:00+00:00,2026-07-20/2026-07-26
long gate / short binance,gate,binance,2026-07-16 20:00:00.001000+00:00,0.0,-0.0009732,-0.0009732,-9.732,-9.732,,4.0,US_AFTER_HOURS,GATE_REGIME_20260716_19,2026-07-16 00:00:00+00:00,2026-07-13/2026-07-19
long binance / short gate,binance,gate,2026-07-16 20:00:00.001000+00:00,-0.0009732,0.0,0.0009732,9.732,9.732,4.0,,US_AFTER_HOURS,GATE_REGIME_20260716_19,2026-07-16 00:00:00+00:00,2026-07-13/2026-07-19
long binance / short gate,binance,gate,2026-07-17 20:00:00.001000+00:00,-0.00094887,0.0,0.00094887,9.4887,43.964999999999996,4.0,,KRX_HOLIDAY_OR_WEEKEND,GATE_REGIME_20260716_19,2026-07-17 00:00:00+00:00,2026-07-13/2026-07-19
long gate / short binance,gate,binance,2026-07-17 20:00:00.001000+00:00,0.0,-0.00094887,-0.00094887,-9.4887,-43.964999999999996,,4.0,KRX_HOLIDAY_OR_WEEKEND,GATE_REGIME_20260716_19,2026-07-17 00:00:00+00:00,2026-07-13/2026-07-19
long okx / short hyperliquid,okx,hyperliquid,2026-07-20 16:00:00+00:00,-0.0009406810658833,0.0,0.0009406810658833,9.406810658832999,-6.318095388147004,8.0,,US_REGULAR,POST_GATE_REGIME,2026-07-20 00:00:00+00:00,2026-07-20/2026-07-26
long okx / short gate,okx,gate,2026-07-20 16:00:00+00:00,-0.0009406810658833,0.0,0.0009406810658833,9.406810658832999,81.787569627872,8.0,,US_REGULAR,POST_GATE_REGIME,2026-07-20 00:00:00+00:00,2026-07-20/2026-07-26
long hyperliquid / short okx,hyperliquid,okx,2026-07-20 16:00:00+00:00,0.0,-0.0009406810658833,-0.0009406810658833,-9.406810658832999,6.318095388147004,,8.0,US_REGULAR,POST_GATE_REGIME,2026-07-20 00:00:00+00:00,2026-07-20/2026-07-26
long gate / short okx,gate,okx,2026-07-20 16:00:00+00:00,0.0,-0.0009406810658833,-0.0009406810658833,-9.406810658832999,-81.787569627872,,8.0,US_REGULAR,POST_GATE_REGIME,2026-07-20 00:00:00+00:00,2026-07-20/2026-07-26
long okx / short hyperliquid,okx,hyperliquid,2026-07-22 08:00:00+00:00,0.0009239274241871,0.0,-0.0009239274241871,-9.239274241871,-17.207370634454005,8.0,,KRX_OFFICIAL_AFTER_HOURS,POST_GATE_REGIME,2026-07-22 00:00:00+00:00,2026-07-20/2026-07-26
long hyperliquid / short okx,hyperliquid,okx,2026-07-22 08:00:00+00:00,0.0,0.0009239274241871,0.0009239274241871,9.239274241871,17.207370634454005,,8.0,KRX_OFFICIAL_AFTER_HOURS,POST_GATE_REGIME,2026-07-22 00:00:00+00:00,2026-07-20/2026-07-26
long gate / short okx,gate,okx,2026-07-22 08:00:00+00:00,0.0,0.0009239274241871,0.0009239274241871,9.239274241871,-66.886549381565,,8.0,KRX_OFFICIAL_AFTER_HOURS,POST_GATE_REGIME,2026-07-22 00:00:00+00:00,2026-07-20/2026-07-26
long okx / short gate,okx,gate,2026-07-22 08:00:00+00:00,0.0009239274241871,0.0,-0.0009239274241871,-9.239274241871,66.886549381565,8.0,,KRX_OFFICIAL_AFTER_HOURS,POST_GATE_REGIME,2026-07-22 00:00:00+00:00,2026-07-20/2026-07-26
long binance / short gate,binance,gate,2026-07-17 00:00:00.001000+00:00,-0.00092102,0.0,0.00092102,9.2102,19.4422,4.0,,KRX_REGULAR_EARLIER,GATE_REGIME_20260716_19,2026-07-17 00:00:00+00:00,2026-07-13/2026-07-19
long gate / short binance,gate,binance,2026-07-17 00:00:00.001000+00:00,0.0,-0.00092102,-0.00092102,-9.2102,-19.4422,,4.0,KRX_REGULAR_EARLIER,GATE_REGIME_20260716_19,2026-07-17 00:00:00+00:00,2026-07-13/2026-07-19
long okx / short hyperliquid,okx,hyperliquid,2026-07-21 08:00:00+00:00,0.0008897717497861,0.0,-0.0008897717497861,-8.897717497861,-14.723812886008005,8.0,,KRX_OFFICIAL_AFTER_HOURS,POST_GATE_REGIME,2026-07-21 00:00:00+00:00,2026-07-20/2026-07-26
long gate / short okx,gate,okx,2026-07-21 08:00:00+00:00,0.0,0.0008897717497861,0.0008897717497861,8.897717497861,-80.129852130011,,8.0,KRX_OFFICIAL_AFTER_HOURS,POST_GATE_REGIME,2026-07-21 00:00:00+00:00,2026-07-20/2026-07-26
long hyperliquid / short okx,hyperliquid,okx,2026-07-21 08:00:00+00:00,0.0,0.0008897717497861,0.0008897717497861,8.897717497861,14.723812886008005,,8.0,KRX_OFFICIAL_AFTER_HOURS,POST_GATE_REGIME,2026-07-21 00:00:00+00:00,2026-07-20/2026-07-26
long okx / short gate,okx,gate,2026-07-21 08:00:00+00:00,0.0008897717497861,0.0,-0.0008897717497861,-8.897717497861,80.129852130011,8.0,,KRX_OFFICIAL_AFTER_HOURS,POST_GATE_REGIME,2026-07-21 00:00:00+00:00,2026-07-20/2026-07-26
long binance / short hyperliquid,binance,hyperliquid,2026-07-22 16:00:00+00:00,0.0007125,0.0,-0.0007125,-7.125,-23.869938999999995,4.0,,US_REGULAR,POST_GATE_REGIME,2026-07-22 00:00:00+00:00,2026-07-20/2026-07-26
long hyperliquid / short binance,hyperliquid,binance,2026-07-22 16:00:00+00:00,0.0,0.0007125,0.0007125,7.125,23.869938999999995,,4.0,US_REGULAR,POST_GATE_REGIME,2026-07-22 00:00:00+00:00,2026-07-20/2026-07-26
long binance / short gate,binance,gate,2026-07-22 16:00:00+00:00,0.0007125,0.0,-0.0007125,-7.125,84.43759999999995,4.0,,US_REGULAR,POST_GATE_REGIME,2026-07-22 00:00:00+00:00,2026-07-20/2026-07-26
long gate / short binance,gate,binance,2026-07-22 16:00:00+00:00,0.0,0.0007125,0.0007125,7.125,-84.43759999999995,,4.0,US_REGULAR,POST_GATE_REGIME,2026-07-22 00:00:00+00:00,2026-07-20/2026-07-26
long hyperliquid / short bitget,hyperliquid,bitget,2026-07-22 08:00:00+00:00,0.0,0.000694,0.000694,6.9399999999999995,35.03123199999999,,4.0,KRX_OFFICIAL_AFTER_HOURS,POST_GATE_REGIME,2026-07-22 00:00:00+00:00,2026-07-20/2026-07-26
long bitget / short hyperliquid,bitget,hyperliquid,2026-07-22 08:00:00+00:00,0.000694,0.0,-0.000694,-6.9399999999999995,-35.03123199999999,4.0,,KRX_OFFICIAL_AFTER_HOURS,POST_GATE_REGIME,2026-07-22 00:00:00+00:00,2026-07-20/2026-07-26
long gate / short bitget,gate,bitget,2026-07-22 08:00:00+00:00,0.0,0.000694,0.000694,6.9399999999999995,-84.76999999999997,,4.0,KRX_OFFICIAL_AFTER_HOURS,POST_GATE_REGIME,2026-07-22 00:00:00+00:00,2026-07-20/2026-07-26
long bitget / short gate,bitget,gate,2026-07-22 08:00:00+00:00,0.000694,0.0,-0.000694,-6.9399999999999995,84.76999999999997,4.0,,KRX_OFFICIAL_AFTER_HOURS,POST_GATE_REGIME,2026-07-22 00:00:00+00:00,2026-07-20/2026-07-26
long binance / short hyperliquid,binance,hyperliquid,2026-07-21 16:00:00+00:00,0.00068707,0.0,-0.00068707,-6.8707,-31.597267,4.0,,US_REGULAR,POST_GATE_REGIME,2026-07-21 00:00:00+00:00,2026-07-20/2026-07-26
long gate / short binance,gate,binance,2026-07-21 16:00:00+00:00,0.0,0.00068707,0.00068707,6.8707,-91.19339999999997,,4.0,US_REGULAR,POST_GATE_REGIME,2026-07-21 00:00:00+00:00,2026-07-20/2026-07-26
long binance / short gate,binance,gate,2026-07-21 16:00:00+00:00,0.00068707,0.0,-0.00068707,-6.8707,91.19339999999997,4.0,,US_REGULAR,POST_GATE_REGIME,2026-07-21 00:00:00+00:00,2026-07-20/2026-07-26
long hyperliquid / short binance,hyperliquid,binance,2026-07-21 16:00:00+00:00,0.0,0.00068707,0.00068707,6.8707,31.597267,,4.0,US_REGULAR,POST_GATE_REGIME,2026-07-21 00:00:00+00:00,2026-07-20/2026-07-26
long binance / short hyperliquid,binance,hyperliquid,2026-07-22 08:00:00.001000+00:00,0.00068087,0.0,-0.00068087,-6.8087,-27.751531999999997,4.0,,KRX_OFFICIAL_AFTER_HOURS,POST_GATE_REGIME,2026-07-22 00:00:00+00:00,2026-07-20/2026-07-26
long gate / short binance,gate,binance,2026-07-22 08:00:00.001000+00:00,0.0,0.00068087,0.00068087,6.8087,-87.13889999999996,,4.0,KRX_OFFICIAL_AFTER_HOURS,POST_GATE_REGIME,2026-07-22 00:00:00+00:00,2026-07-20/2026-07-26
long hyperliquid / short binance,hyperliquid,binance,2026-07-22 08:00:00.001000+00:00,0.0,0.00068087,0.00068087,6.8087,27.751531999999997,,4.0,KRX_OFFICIAL_AFTER_HOURS,POST_GATE_REGIME,2026-07-22 00:00:00+00:00,2026-07-20/2026-07-26
long binance / short gate,binance,gate,2026-07-22 08:00:00.001000+00:00,0.00068087,0.0,-0.00068087,-6.8087,87.13889999999996,4.0,,KRX_OFFICIAL_AFTER_HOURS,POST_GATE_REGIME,2026-07-22 00:00:00+00:00,2026-07-20/2026-07-26
long hyperliquid / short okx,hyperliquid,okx,2026-07-20 08:00:00+00:00,0.0,0.0006796006580825,0.0006796006580825,6.796006580825,8.82454904698,,8.0,KRX_OFFICIAL_AFTER_HOURS,POST_GATE_REGIME,2026-07-20 00:00:00+00:00,2026-07-20/2026-07-26
long okx / short gate,okx,gate,2026-07-20 08:00:00+00:00,0.0006796006580825,0.0,-0.0006796006580825,-6.796006580825,66.88075896903901,8.0,,KRX_OFFICIAL_AFTER_HOURS,POST_GATE_REGIME,2026-07-20 00:00:00+00:00,2026-07-20/2026-07-26
long gate / short okx,gate,okx,2026-07-20 08:00:00+00:00,0.0,0.0006796006580825,0.0006796006580825,6.796006580825,-66.88075896903901,,8.0,KRX_OFFICIAL_AFTER_HOURS,POST_GATE_REGIME,2026-07-20 00:00:00+00:00,2026-07-20/2026-07-26
long okx / short hyperliquid,okx,hyperliquid,2026-07-20 08:00:00+00:00,0.0006796006580825,0.0,-0.0006796006580825,-6.796006580825,-8.82454904698,8.0,,KRX_OFFICIAL_AFTER_HOURS,POST_GATE_REGIME,2026-07-20 00:00:00+00:00,2026-07-20/2026-07-26
long gate / short binance,gate,binance,2026-07-23 04:00:00.001000+00:00,0.0,0.00063342,0.00063342,6.3342,-82.28659999999995,,4.0,KRX_REGULAR_EARLIER,POST_GATE_REGIME,2026-07-23 00:00:00+00:00,2026-07-20/2026-07-26
long hyperliquid / short binance,hyperliquid,binance,2026-07-23 04:00:00.001000+00:00,0.0,0.00063342,0.00063342,6.3342,19.746803999999997,,4.0,KRX_REGULAR_EARLIER,POST_GATE_REGIME,2026-07-23 00:00:00+00:00,2026-07-20/2026-07-26
long binance / short gate,binance,gate,2026-07-23 04:00:00.001000+00:00,0.00063342,0.0,-0.00063342,-6.3342,82.28659999999995,4.0,,KRX_REGULAR_EARLIER,POST_GATE_REGIME,2026-07-23 00:00:00+00:00,2026-07-20/2026-07-26
long binance / short hyperliquid,binance,hyperliquid,2026-07-23 04:00:00.001000+00:00,0.00063342,0.0,-0.00063342,-6.3342,-19.746803999999997,4.0,,KRX_REGULAR_EARLIER,POST_GATE_REGIME,2026-07-23 00:00:00+00:00,2026-07-20/2026-07-26
long binance / short gate,binance,gate,2026-07-20 12:00:00.001000+00:00,0.00060173,0.0,-0.00060173,-6.0173,93.6056,4.0,,US_PREMARKET,POST_GATE_REGIME,2026-07-20 00:00:00+00:00,2026-07-20/2026-07-26
long hyperliquid / short binance,hyperliquid,binance,2026-07-20 12:00:00.001000+00:00,0.0,0.00060173,0.00060173,6.0173,18.241615,,4.0,US_PREMARKET,POST_GATE_REGIME,2026-07-20 00:00:00+00:00,2026-07-20/2026-07-26
long binance / short hyperliquid,binance,hyperliquid,2026-07-20 12:00:00.001000+00:00,0.00060173,0.0,-0.00060173,-6.0173,-18.241615,4.0,,US_PREMARKET,POST_GATE_REGIME,2026-07-20 00:00:00+00:00,2026-07-20/2026-07-26
long gate / short binance,gate,binance,2026-07-20 12:00:00.001000+00:00,0.0,0.00060173,0.00060173,6.0173,-93.6056,,4.0,US_PREMARKET,POST_GATE_REGIME,2026-07-20 00:00:00+00:00,2026-07-20/2026-07-26
long gate / short okx,gate,okx,2026-07-19 08:00:00+00:00,0.0,0.0005695173844014,0.0005695173844014,5.695173844014,-58.692688016019,,8.0,KRX_HOLIDAY_OR_WEEKEND,GATE_REGIME_20260716_19,2026-07-19 00:00:00+00:00,2026-07-13/2026-07-19
long okx / short gate,okx,gate,2026-07-19 08:00:00+00:00,0.0005695173844014,0.0,-0.0005695173844014,-5.695173844014,58.692688016019,8.0,,KRX_HOLIDAY_OR_WEEKEND,GATE_REGIME_20260716_19,2026-07-19 00:00:00+00:00,2026-07-13/2026-07-19
long binance / short hyperliquid,binance,hyperliquid,2026-07-20 20:00:00.001000+00:00,-0.00055024,0.0,0.00055024,5.5024,-19.436158,4.0,,US_AFTER_HOURS,POST_GATE_REGIME,2026-07-20 00:00:00+00:00,2026-07-20/2026-07-26
long hyperliquid / short binance,hyperliquid,binance,2026-07-20 20:00:00.001000+00:00,0.0,-0.00055024,-0.00055024,-5.5024,19.436158,,4.0,US_AFTER_HOURS,POST_GATE_REGIME,2026-07-20 00:00:00+00:00,2026-07-20/2026-07-26
long gate / short binance,gate,binance,2026-07-20 20:00:00.001000+00:00,0.0,-0.00055024,-0.00055024,-5.5024,-101.72039999999998,,4.0,US_AFTER_HOURS,POST_GATE_REGIME,2026-07-20 00:00:00+00:00,2026-07-20/2026-07-26
long binance / short gate,binance,gate,2026-07-20 20:00:00.001000+00:00,-0.00055024,0.0,0.00055024,5.5024,101.72039999999998,4.0,,US_AFTER_HOURS,POST_GATE_REGIME,2026-07-20 00:00:00+00:00,2026-07-20/2026-07-26
long hyperliquid / short binance,hyperliquid,binance,2026-07-20 08:00:00.001000+00:00,0.0,0.00052817,0.00052817,5.2817,11.87892,,4.0,KRX_OFFICIAL_AFTER_HOURS,POST_GATE_REGIME,2026-07-20 00:00:00+00:00,2026-07-20/2026-07-26
long binance / short gate,binance,gate,2026-07-20 08:00:00.001000+00:00,0.00052817,0.0,-0.00052817,-5.2817,94.6229,4.0,,KRX_OFFICIAL_AFTER_HOURS,POST_GATE_REGIME,2026-07-20 00:00:00+00:00,2026-07-20/2026-07-26
long gate / short binance,gate,binance,2026-07-20 08:00:00.001000+00:00,0.0,0.00052817,0.00052817,5.2817,-94.6229,,4.0,KRX_OFFICIAL_AFTER_HOURS,POST_GATE_REGIME,2026-07-20 00:00:00+00:00,2026-07-20/2026-07-26
long binance / short hyperliquid,binance,hyperliquid,2026-07-20 08:00:00.001000+00:00,0.00052817,0.0,-0.00052817,-5.2817,-11.87892,4.0,,KRX_OFFICIAL_AFTER_HOURS,POST_GATE_REGIME,2026-07-20 00:00:00+00:00,2026-07-20/2026-07-26
long hyperliquid / short binance,hyperliquid,binance,2026-07-20 15:00:00.053000+00:00,-0.0005133502,0.0,0.0005133502,5.133502000000001,24.796577,1.0,,US_REGULAR,POST_GATE_REGIME,2026-07-20 00:00:00+00:00,2026-07-20/2026-07-26
long hyperliquid / short gate,hyperliquid,gate,2026-07-20 15:00:00.053000+00:00,-0.0005133502,0.0,0.0005133502,5.133502000000001,18.432977,1.0,,US_REGULAR,POST_GATE_REGIME,2026-07-20 00:00:00+00:00,2026-07-20/2026-07-26
long binance / short hyperliquid,binance,hyperliquid,2026-07-20 15:00:00.053000+00:00,0.0,-0.0005133502,-0.0005133502,-5.133502000000001,-24.796577,,1.0,US_REGULAR,POST_GATE_REGIME,2026-07-20 00:00:00+00:00,2026-07-20/2026-07-26
long bitget / short hyperliquid,bitget,hyperliquid,2026-07-20 15:00:00.053000+00:00,0.0,-0.0005133502,-0.0005133502,-5.133502000000001,-22.382977,,1.0,US_REGULAR,POST_GATE_REGIME,2026-07-20 00:00:00+00:00,2026-07-20/2026-07-26
long hyperliquid / short okx,hyperliquid,okx,2026-07-20 15:00:00.053000+00:00,-0.0005133502,0.0,0.0005133502,5.133502000000001,15.724906046980003,1.0,,US_REGULAR,POST_GATE_REGIME,2026-07-20 00:00:00+00:00,2026-07-20/2026-07-26
long gate / short hyperliquid,gate,hyperliquid,2026-07-20 15:00:00.053000+00:00,0.0,-0.0005133502,-0.0005133502,-5.133502000000001,-18.432977,,1.0,US_REGULAR,POST_GATE_REGIME,2026-07-20 00:00:00+00:00,2026-07-20/2026-07-26
long hyperliquid / short bitget,hyperliquid,bitget,2026-07-20 15:00:00.053000+00:00,-0.0005133502,0.0,0.0005133502,5.133502000000001,22.382977,1.0,,US_REGULAR,POST_GATE_REGIME,2026-07-20 00:00:00+00:00,2026-07-20/2026-07-26
long okx / short hyperliquid,okx,hyperliquid,2026-07-20 15:00:00.053000+00:00,0.0,-0.0005133502,-0.0005133502,-5.133502000000001,-15.724906046980003,,1.0,US_REGULAR,POST_GATE_REGIME,2026-07-20 00:00:00+00:00,2026-07-20/2026-07-26
long hyperliquid / short okx,hyperliquid,okx,2026-07-22 00:00:00+00:00,0.0,0.0005027897230029,0.0005027897230029,5.027897230029,11.760605392583006,,8.0,KRX_REGULAR_EARLIER,POST_GATE_REGIME,2026-07-22 00:00:00+00:00,2026-07-20/2026-07-26
long okx / short gate,okx,gate,2026-07-22 00:00:00+00:00,0.0005027897230029,0.0,-0.0005027897230029,-5.027897230029,74.405823623436,8.0,,KRX_REGULAR_EARLIER,POST_GATE_REGIME,2026-07-22 00:00:00+00:00,2026-07-20/2026-07-26
long okx / short hyperliquid,okx,hyperliquid,2026-07-22 00:00:00+00:00,0.0005027897230029,0.0,-0.0005027897230029,-5.027897230029,-11.760605392583006,8.0,,KRX_REGULAR_EARLIER,POST_GATE_REGIME,2026-07-22 00:00:00+00:00,2026-07-20/2026-07-26
long gate / short okx,gate,okx,2026-07-22 00:00:00+00:00,0.0,0.0005027897230029,0.0005027897230029,5.027897230029,-74.405823623436,,8.0,KRX_REGULAR_EARLIER,POST_GATE_REGIME,2026-07-22 00:00:00+00:00,2026-07-20/2026-07-26
long okx / short gate,okx,gate,2026-07-17 16:00:03+00:00,0.0,0.0005,0.0005,5.0,8.238487612215,,4.0,KRX_HOLIDAY_OR_WEEKEND,GATE_REGIME_20260716_19,2026-07-17 00:00:00+00:00,2026-07-13/2026-07-19
long gate / short hyperliquid,gate,hyperliquid,2026-07-20 08:00:03+00:00,0.0005,0.0,-0.0005,-5.0,-10.096038,4.0,,KRX_OFFICIAL_AFTER_HOURS,POST_GATE_REGIME,2026-07-20 00:00:00+00:00,2026-07-20/2026-07-26
long gate / short bitget,gate,bitget,2026-07-20 04:00:02+00:00,0.0005,0.0,-0.0005,-5.0,-99.85,4.0,,KRX_REGULAR_EARLIER,POST_GATE_REGIME,2026-07-20 00:00:00+00:00,2026-07-20/2026-07-26
long gate / short hyperliquid,gate,hyperliquid,2026-07-20 00:00:03+00:00,0.0005,0.0,-0.0005,-5.0,-4.691341999999999,4.0,,KRX_REGULAR_EARLIER,POST_GATE_REGIME,2026-07-20 00:00:00+00:00,2026-07-20/2026-07-26
long gate / short hyperliquid,gate,hyperliquid,2026-07-19 20:00:01+00:00,0.0005,0.0,-0.0005,-5.0,-3.6253789999999997,4.0,,BOTH_PRIMARY_MARKETS_CLOSED,GATE_REGIME_20260716_19,2026-07-19 00:00:00+00:00,2026-07-13/2026-07-19
long gate / short bitget,gate,bitget,2026-07-20 08:00:03+00:00,0.0005,0.0,-0.0005,-5.0,-100.92999999999999,4.0,,KRX_OFFICIAL_AFTER_HOURS,POST_GATE_REGIME,2026-07-20 00:00:00+00:00,2026-07-20/2026-07-26
long gate / short okx,gate,okx,2026-07-17 04:00:01+00:00,0.0005,0.0,-0.0005,-5.0,-9.075354478243,4.0,,KRX_REGULAR_EARLIER,GATE_REGIME_20260716_19,2026-07-17 00:00:00+00:00,2026-07-13/2026-07-19
long gate / short hyperliquid,gate,hyperliquid,2026-07-20 04:00:02+00:00,0.0005,0.0,-0.0005,-5.0,-7.062187999999999,4.0,,KRX_REGULAR_EARLIER,POST_GATE_REGIME,2026-07-20 00:00:00+00:00,2026-07-20/2026-07-26
long gate / short okx,gate,okx,2026-07-18 00:00:03+00:00,0.0005,0.0,-0.0005,-5.0,-28.993707825766002,4.0,,KRX_HOLIDAY_OR_WEEKEND,GATE_REGIME_20260716_19,2026-07-18 00:00:00+00:00,2026-07-13/2026-07-19
long gate / short bitget,gate,bitget,2026-07-20 00:00:03+00:00,0.0005,0.0,-0.0005,-5.0,-115.38,4.0,,KRX_REGULAR_EARLIER,POST_GATE_REGIME,2026-07-20 00:00:00+00:00,2026-07-20/2026-07-26
long gate / short bitget,gate,bitget,2026-07-19 08:00:03+00:00,0.0005,0.0,-0.0005,-5.0,-99.4,4.0,,KRX_HOLIDAY_OR_WEEKEND,GATE_REGIME_20260716_19,2026-07-19 00:00:00+00:00,2026-07-13/2026-07-19
long gate / short bitget,gate,bitget,2026-07-19 00:00:02+00:00,0.0005,0.0,-0.0005,-5.0,-89.97,4.0,,KRX_HOLIDAY_OR_WEEKEND,GATE_REGIME_20260716_19,2026-07-19 00:00:00+00:00,2026-07-13/2026-07-19
long gate / short bitget,gate,bitget,2026-07-18 20:00:01+00:00,0.0005,0.0,-0.0005,-5.0,-84.97,4.0,,KRX_HOLIDAY_OR_WEEKEND,GATE_REGIME_20260716_19,2026-07-18 00:00:00+00:00,2026-07-13/2026-07-19
long gate / short bitget,gate,bitget,2026-07-18 16:00:03+00:00,0.0005,0.0,-0.0005,-5.0,-79.97,4.0,,KRX_HOLIDAY_OR_WEEKEND,GATE_REGIME_20260716_19,2026-07-18 00:00:00+00:00,2026-07-13/2026-07-19
long gate / short bitget,gate,bitget,2026-07-18 12:00:01+00:00,0.0005,0.0,-0.0005,-5.0,-74.97,4.0,,KRX_HOLIDAY_OR_WEEKEND,GATE_REGIME_20260716_19,2026-07-18 00:00:00+00:00,2026-07-13/2026-07-19
long gate / short bitget,gate,bitget,2026-07-18 08:00:02+00:00,0.0005,0.0,-0.0005,-5.0,-69.97,4.0,,KRX_HOLIDAY_OR_WEEKEND,GATE_REGIME_20260716_19,2026-07-18 00:00:00+00:00,2026-07-13/2026-07-19
long gate / short bitget,gate,bitget,2026-07-18 04:00:01+00:00,0.0005,0.0,-0.0005,-5.0,-64.97,4.0,,KRX_HOLIDAY_OR_WEEKEND,GATE_REGIME_20260716_19,2026-07-18 00:00:00+00:00,2026-07-13/2026-07-19
long gate / short bitget,gate,bitget,2026-07-18 00:00:03+00:00,0.0005,0.0,-0.0005,-5.0,-59.97,4.0,,KRX_HOLIDAY_OR_WEEKEND,GATE_REGIME_20260716_19,2026-07-18 00:00:00+00:00,2026-07-13/2026-07-19
long gate / short bitget,gate,bitget,2026-07-17 20:00:01+00:00,0.0005,0.0,-0.0005,-5.0,-54.97,4.0,,KRX_HOLIDAY_OR_WEEKEND,GATE_REGIME_20260716_19,2026-07-17 00:00:00+00:00,2026-07-13/2026-07-19
long gate / short bitget,gate,bitget,2026-07-17 16:00:03+00:00,0.0005,0.0,-0.0005,-5.0,-49.97,4.0,,KRX_HOLIDAY_OR_WEEKEND,GATE_REGIME_20260716_19,2026-07-17 00:00:00+00:00,2026-07-13/2026-07-19
long gate / short bitget,gate,bitget,2026-07-19 20:00:01+00:00,0.0005,0.0,-0.0005,-5.0,-110.38,4.0,,BOTH_PRIMARY_MARKETS_CLOSED,GATE_REGIME_20260716_19,2026-07-19 00:00:00+00:00,2026-07-13/2026-07-19
long gate / short okx,gate,okx,2026-07-17 16:00:03+00:00,0.0005,0.0,-0.0005,-5.0,-8.238487612215,4.0,,KRX_HOLIDAY_OR_WEEKEND,GATE_REGIME_20260716_19,2026-07-17 00:00:00+00:00,2026-07-13/2026-07-19
long gate / short okx,gate,okx,2026-07-17 08:00:03+00:00,0.0005,0.0,-0.0005,-5.0,-23.987686332563,4.0,,KRX_OFFICIAL_AFTER_HOURS,GATE_REGIME_20260716_19,2026-07-17 00:00:00+00:00,2026-07-13/2026-07-19
long gate / short okx,gate,okx,2026-07-19 20:00:01+00:00,0.0005,0.0,-0.0005,-5.0,-74.672688016019,4.0,,BOTH_PRIMARY_MARKETS_CLOSED,GATE_REGIME_20260716_19,2026-07-19 00:00:00+00:00,2026-07-13/2026-07-19
long binance / short gate,binance,gate,2026-07-19 20:00:01+00:00,0.0,0.0005,0.0005,5.0,103.4,,4.0,BOTH_PRIMARY_MARKETS_CLOSED,GATE_REGIME_20260716_19,2026-07-19 00:00:00+00:00,2026-07-13/2026-07-19
long binance / short gate,binance,gate,2026-07-20 00:00:03+00:00,0.0,0.0005,0.0005,5.0,111.5583,,4.0,KRX_REGULAR_EARLIER,POST_GATE_REGIME,2026-07-20 00:00:00+00:00,2026-07-20/2026-07-26
long binance / short gate,binance,gate,2026-07-20 04:00:02+00:00,0.0,0.0005,0.0005,5.0,99.9046,,4.0,KRX_REGULAR_EARLIER,POST_GATE_REGIME,2026-07-20 00:00:00+00:00,2026-07-20/2026-07-26
long okx / short gate,okx,gate,2026-07-17 04:00:01+00:00,0.0,0.0005,0.0005,5.0,9.075354478243,,4.0,KRX_REGULAR_EARLIER,GATE_REGIME_20260716_19,2026-07-17 00:00:00+00:00,2026-07-13/2026-07-19
long gate / short okx,gate,okx,2026-07-20 08:00:03+00:00,0.0005,0.0,-0.0005,-5.0,-71.88075896903901,4.0,,KRX_OFFICIAL_AFTER_HOURS,POST_GATE_REGIME,2026-07-20 00:00:00+00:00,2026-07-20/2026-07-26
long binance / short gate,binance,gate,2026-07-20 08:00:03+00:00,0.0,0.0005,0.0005,5.0,99.6229,,4.0,KRX_OFFICIAL_AFTER_HOURS,POST_GATE_REGIME,2026-07-20 00:00:00+00:00,2026-07-20/2026-07-26
long gate / short okx,gate,okx,2026-07-20 04:00:02+00:00,0.0005,0.0,-0.0005,-5.0,-73.676765549864,4.0,,KRX_REGULAR_EARLIER,POST_GATE_REGIME,2026-07-20 00:00:00+00:00,2026-07-20/2026-07-26
long gate / short okx,gate,okx,2026-07-20 00:00:03+00:00,0.0005,0.0,-0.0005,-5.0,-68.676765549864,4.0,,KRX_REGULAR_EARLIER,POST_GATE_REGIME,2026-07-20 00:00:00+00:00,2026-07-20/2026-07-26
long okx / short gate,okx,gate,2026-07-17 08:00:03+00:00,0.0,0.0005,0.0005,5.0,23.987686332563,,4.0,KRX_OFFICIAL_AFTER_HOURS,GATE_REGIME_20260716_19,2026-07-17 00:00:00+00:00,2026-07-13/2026-07-19
long okx / short gate,okx,gate,2026-07-17 12:00:01+00:00,0.0,0.0005,0.0005,5.0,28.987686332563,,4.0,US_PREMARKET,GATE_REGIME_20260716_19,2026-07-17 00:00:00+00:00,2026-07-13/2026-07-19
long gate / short bitget,gate,bitget,2026-07-17 08:00:03+00:00,0.0005,0.0,-0.0005,-5.0,-39.97,4.0,,KRX_OFFICIAL_AFTER_HOURS,GATE_REGIME_20260716_19,2026-07-17 00:00:00+00:00,2026-07-13/2026-07-19
long okx / short gate,okx,gate,2026-07-18 00:00:03+00:00,0.0,0.0005,0.0005,5.0,28.993707825766002,,4.0,KRX_HOLIDAY_OR_WEEKEND,GATE_REGIME_20260716_19,2026-07-18 00:00:00+00:00,2026-07-13/2026-07-19
long bitget / short gate,bitget,gate,2026-07-17 08:00:03+00:00,0.0,0.0005,0.0005,5.0,39.97,,4.0,KRX_OFFICIAL_AFTER_HOURS,GATE_REGIME_20260716_19,2026-07-17 00:00:00+00:00,2026-07-13/2026-07-19
long okx / short gate,okx,gate,2026-07-19 08:00:03+00:00,0.0,0.0005,0.0005,5.0,63.692688016019,,4.0,KRX_HOLIDAY_OR_WEEKEND,GATE_REGIME_20260716_19,2026-07-19 00:00:00+00:00,2026-07-13/2026-07-19
long okx / short gate,okx,gate,2026-07-19 20:00:01+00:00,0.0,0.0005,0.0005,5.0,74.672688016019,,4.0,BOTH_PRIMARY_MARKETS_CLOSED,GATE_REGIME_20260716_19,2026-07-19 00:00:00+00:00,2026-07-13/2026-07-19
long okx / short gate,okx,gate,2026-07-20 00:00:03+00:00,0.0,0.0005,0.0005,5.0,68.676765549864,,4.0,KRX_REGULAR_EARLIER,POST_GATE_REGIME,2026-07-20 00:00:00+00:00,2026-07-20/2026-07-26
long bitget / short gate,bitget,gate,2026-07-20 08:00:03+00:00,0.0,0.0005,0.0005,5.0,100.92999999999999,,4.0,KRX_OFFICIAL_AFTER_HOURS,POST_GATE_REGIME,2026-07-20 00:00:00+00:00,2026-07-20/2026-07-26
long bitget / short gate,bitget,gate,2026-07-20 04:00:02+00:00,0.0,0.0005,0.0005,5.0,99.85,,4.0,KRX_REGULAR_EARLIER,POST_GATE_REGIME,2026-07-20 00:00:00+00:00,2026-07-20/2026-07-26
long bitget / short gate,bitget,gate,2026-07-17 04:00:01+00:00,0.0,0.0005,0.0005,5.0,34.97,,4.0,KRX_REGULAR_EARLIER,GATE_REGIME_20260716_19,2026-07-17 00:00:00+00:00,2026-07-13/2026-07-19
long bitget / short gate,bitget,gate,2026-07-20 00:00:03+00:00,0.0,0.0005,0.0005,5.0,115.38,,4.0,KRX_REGULAR_EARLIER,POST_GATE_REGIME,2026-07-20 00:00:00+00:00,2026-07-20/2026-07-26
long bitget / short gate,bitget,gate,2026-07-19 20:00:01+00:00,0.0,0.0005,0.0005,5.0,110.38,,4.0,BOTH_PRIMARY_MARKETS_CLOSED,GATE_REGIME_20260716_19,2026-07-19 00:00:00+00:00,2026-07-13/2026-07-19
long bitget / short gate,bitget,gate,2026-07-17 12:00:01+00:00,0.0,0.0005,0.0005,5.0,44.97,,4.0,US_PREMARKET,GATE_REGIME_20260716_19,2026-07-17 00:00:00+00:00,2026-07-13/2026-07-19
long bitget / short gate,bitget,gate,2026-07-17 16:00:03+00:00,0.0,0.0005,0.0005,5.0,49.97,,4.0,KRX_HOLIDAY_OR_WEEKEND,GATE_REGIME_20260716_19,2026-07-17 00:00:00+00:00,2026-07-13/2026-07-19
long bitget / short gate,bitget,gate,2026-07-19 08:00:03+00:00,0.0,0.0005,0.0005,5.0,99.4,,4.0,KRX_HOLIDAY_OR_WEEKEND,GATE_REGIME_20260716_19,2026-07-19 00:00:00+00:00,2026-07-13/2026-07-19
long bitget / short gate,bitget,gate,2026-07-17 20:00:01+00:00,0.0,0.0005,0.0005,5.0,54.97,,4.0,KRX_HOLIDAY_OR_WEEKEND,GATE_REGIME_20260716_19,2026-07-17 00:00:00+00:00,2026-07-13/2026-07-19
long bitget / short gate,bitget,gate,2026-07-18 00:00:03+00:00,0.0,0.0005,0.0005,5.0,59.97,,4.0,KRX_HOLIDAY_OR_WEEKEND,GATE_REGIME_20260716_19,2026-07-18 00:00:00+00:00,2026-07-13/2026-07-19
long bitget / short gate,bitget,gate,2026-07-19 00:00:02+00:00,0.0,0.0005,0.0005,5.0,89.97,,4.0,KRX_HOLIDAY_OR_WEEKEND,GATE_REGIME_20260716_19,2026-07-19 00:00:00+00:00,2026-07-13/2026-07-19
long bitget / short gate,bitget,gate,2026-07-18 04:00:01+00:00,0.0,0.0005,0.0005,5.0,64.97,,4.0,KRX_HOLIDAY_OR_WEEKEND,GATE_REGIME_20260716_19,2026-07-18 00:00:00+00:00,2026-07-13/2026-07-19
long bitget / short gate,bitget,gate,2026-07-18 20:00:01+00:00,0.0,0.0005,0.0005,5.0,84.97,,4.0,KRX_HOLIDAY_OR_WEEKEND,GATE_REGIME_20260716_19,2026-07-18 00:00:00+00:00,2026-07-13/2026-07-19
long bitget / short gate,bitget,gate,2026-07-18 08:00:02+00:00,0.0,0.0005,0.0005,5.0,69.97,,4.0,KRX_HOLIDAY_OR_WEEKEND,GATE_REGIME_20260716_19,2026-07-18 00:00:00+00:00,2026-07-13/2026-07-19
long gate / short binance,gate,binance,2026-07-18 16:00:03+00:00,0.0005,0.0,-0.0005,-5.0,-74.3793,4.0,,KRX_HOLIDAY_OR_WEEKEND,GATE_REGIME_20260716_19,2026-07-18 00:00:00+00:00,2026-07-13/2026-07-19
long gate / short binance,gate,binance,2026-07-20 08:00:03+00:00,0.0005,0.0,-0.0005,-5.0,-99.6229,4.0,,KRX_OFFICIAL_AFTER_HOURS,POST_GATE_REGIME,2026-07-20 00:00:00+00:00,2026-07-20/2026-07-26
long gate / short binance,gate,binance,2026-07-20 04:00:02+00:00,0.0005,0.0,-0.0005,-5.0,-99.9046,4.0,,KRX_REGULAR_EARLIER,POST_GATE_REGIME,2026-07-20 00:00:00+00:00,2026-07-20/2026-07-26
long gate / short binance,gate,binance,2026-07-20 00:00:03+00:00,0.0005,0.0,-0.0005,-5.0,-111.5583,4.0,,KRX_REGULAR_EARLIER,POST_GATE_REGIME,2026-07-20 00:00:00+00:00,2026-07-20/2026-07-26
long gate / short binance,gate,binance,2026-07-19 20:00:01+00:00,0.0005,0.0,-0.0005,-5.0,-103.4,4.0,,BOTH_PRIMARY_MARKETS_CLOSED,GATE_REGIME_20260716_19,2026-07-19 00:00:00+00:00,2026-07-13/2026-07-19
long gate / short binance,gate,binance,2026-07-19 08:00:03+00:00,0.0005,0.0,-0.0005,-5.0,-92.9916,4.0,,KRX_HOLIDAY_OR_WEEKEND,GATE_REGIME_20260716_19,2026-07-19 00:00:00+00:00,2026-07-13/2026-07-19
long binance / short gate,binance,gate,2026-07-19 08:00:03+00:00,0.0,0.0005,0.0005,5.0,92.9916,,4.0,KRX_HOLIDAY_OR_WEEKEND,GATE_REGIME_20260716_19,2026-07-19 00:00:00+00:00,2026-07-13/2026-07-19
long binance / short gate,binance,gate,2026-07-18 20:00:01+00:00,0.0,0.0005,0.0005,5.0,79.3793,,4.0,KRX_HOLIDAY_OR_WEEKEND,GATE_REGIME_20260716_19,2026-07-18 00:00:00+00:00,2026-07-13/2026-07-19
long hyperliquid / short gate,hyperliquid,gate,2026-07-19 20:00:01+00:00,0.0,0.0005,0.0005,5.0,3.6253789999999997,,4.0,BOTH_PRIMARY_MARKETS_CLOSED,GATE_REGIME_20260716_19,2026-07-19 00:00:00+00:00,2026-07-13/2026-07-19
long hyperliquid / short gate,hyperliquid,gate,2026-07-20 00:00:03+00:00,0.0,0.0005,0.0005,5.0,4.691341999999999,,4.0,KRX_REGULAR_EARLIER,POST_GATE_REGIME,2026-07-20 00:00:00+00:00,2026-07-20/2026-07-26
long hyperliquid / short gate,hyperliquid,gate,2026-07-20 04:00:02+00:00,0.0,0.0005,0.0005,5.0,7.062187999999999,,4.0,KRX_REGULAR_EARLIER,POST_GATE_REGIME,2026-07-20 00:00:00+00:00,2026-07-20/2026-07-26
long hyperliquid / short gate,hyperliquid,gate,2026-07-20 08:00:03+00:00,0.0,0.0005,0.0005,5.0,10.096038,,4.0,KRX_OFFICIAL_AFTER_HOURS,POST_GATE_REGIME,2026-07-20 00:00:00+00:00,2026-07-20/2026-07-26
long hyperliquid / short gate,hyperliquid,gate,2026-07-21 16:00:03+00:00,0.0,0.000493,0.000493,4.93,24.784633,,4.0,US_REGULAR,POST_GATE_REGIME,2026-07-21 00:00:00+00:00,2026-07-20/2026-07-26
long gate / short hyperliquid,gate,hyperliquid,2026-07-21 16:00:03+00:00,0.000493,0.0,-0.000493,-4.93,-24.784633,4.0,,US_REGULAR,POST_GATE_REGIME,2026-07-21 00:00:00+00:00,2026-07-20/2026-07-26
long hyperliquid / short gate,hyperliquid,gate,2026-07-21 00:00:03+00:00,0.0,0.000449,0.000449,4.49,27.091018,,4.0,KRX_REGULAR_EARLIER,POST_GATE_REGIME,2026-07-21 00:00:00+00:00,2026-07-20/2026-07-26
long gate / short hyperliquid,gate,hyperliquid,2026-07-21 00:00:03+00:00,0.000449,0.0,-0.000449,-4.49,-27.091018,4.0,,KRX_REGULAR_EARLIER,POST_GATE_REGIME,2026-07-21 00:00:00+00:00,2026-07-20/2026-07-26
long hyperliquid / short okx,hyperliquid,okx,2026-07-22 22:00:00.043000+00:00,0.0004473368,0.0,-0.0004473368,-4.473368,12.347071922314004,1.0,,US_AFTER_HOURS,POST_GATE_REGIME,2026-07-22 00:00:00+00:00,2026-07-20/2026-07-26
long bitget / short hyperliquid,bitget,hyperliquid,2026-07-22 22:00:00.043000+00:00,0.0,0.0004473368,0.0004473368,4.473368,-16.695285999999978,,1.0,US_AFTER_HOURS,POST_GATE_REGIME,2026-07-22 00:00:00+00:00,2026-07-20/2026-07-26
long binance / short hyperliquid,binance,hyperliquid,2026-07-22 22:00:00.043000+00:00,0.0,0.0004473368,0.0004473368,4.473368,-13.643685999999995,,1.0,US_AFTER_HOURS,POST_GATE_REGIME,2026-07-22 00:00:00+00:00,2026-07-20/2026-07-26
long hyperliquid / short gate,hyperliquid,gate,2026-07-22 22:00:00.043000+00:00,0.0004473368,0.0,-0.0004473368,-4.473368,1.2952859999999964,1.0,,US_AFTER_HOURS,POST_GATE_REGIME,2026-07-22 00:00:00+00:00,2026-07-20/2026-07-26
long gate / short hyperliquid,gate,hyperliquid,2026-07-22 22:00:00.043000+00:00,0.0,0.0004473368,0.0004473368,4.473368,-1.2952859999999964,,1.0,US_AFTER_HOURS,POST_GATE_REGIME,2026-07-22 00:00:00+00:00,2026-07-20/2026-07-26
long hyperliquid / short bitget,hyperliquid,bitget,2026-07-22 22:00:00.043000+00:00,0.0004473368,0.0,-0.0004473368,-4.473368,16.695285999999978,1.0,,US_AFTER_HOURS,POST_GATE_REGIME,2026-07-22 00:00:00+00:00,2026-07-20/2026-07-26
long okx / short hyperliquid,okx,hyperliquid,2026-07-22 22:00:00.043000+00:00,0.0,0.0004473368,0.0004473368,4.473368,-12.347071922314004,,1.0,US_AFTER_HOURS,POST_GATE_REGIME,2026-07-22 00:00:00+00:00,2026-07-20/2026-07-26
long hyperliquid / short binance,hyperliquid,binance,2026-07-22 22:00:00.043000+00:00,0.0004473368,0.0,-0.0004473368,-4.473368,13.643685999999995,1.0,,US_AFTER_HOURS,POST_GATE_REGIME,2026-07-22 00:00:00+00:00,2026-07-20/2026-07-26
long hyperliquid / short gate,hyperliquid,gate,2026-07-22 14:00:00.038000+00:00,0.0004317929,0.0,-0.0004317929,-4.317929,10.300091999999996,1.0,,US_REGULAR,POST_GATE_REGIME,2026-07-22 00:00:00+00:00,2026-07-20/2026-07-26
long bitget / short hyperliquid,bitget,hyperliquid,2026-07-22 14:00:00.038000+00:00,0.0,0.0004317929,0.0004317929,4.317929,-28.82009199999998,,1.0,US_REGULAR,POST_GATE_REGIME,2026-07-22 00:00:00+00:00,2026-07-20/2026-07-26
long hyperliquid / short okx,hyperliquid,okx,2026-07-22 14:00:00.038000+00:00,0.0004317929,0.0,-0.0004317929,-4.317929,10.996230634454005,1.0,,US_REGULAR,POST_GATE_REGIME,2026-07-22 00:00:00+00:00,2026-07-20/2026-07-26
long binance / short hyperliquid,binance,hyperliquid,2026-07-22 14:00:00.038000+00:00,0.0,0.0004317929,0.0004317929,4.317929,-19.206691999999997,,1.0,US_REGULAR,POST_GATE_REGIME,2026-07-22 00:00:00+00:00,2026-07-20/2026-07-26
long hyperliquid / short binance,hyperliquid,binance,2026-07-22 14:00:00.038000+00:00,0.0004317929,0.0,-0.0004317929,-4.317929,19.206691999999997,1.0,,US_REGULAR,POST_GATE_REGIME,2026-07-22 00:00:00+00:00,2026-07-20/2026-07-26
long okx / short hyperliquid,okx,hyperliquid,2026-07-22 14:00:00.038000+00:00,0.0,0.0004317929,0.0004317929,4.317929,-10.996230634454005,,1.0,US_REGULAR,POST_GATE_REGIME,2026-07-22 00:00:00+00:00,2026-07-20/2026-07-26
long gate / short hyperliquid,gate,hyperliquid,2026-07-22 14:00:00.038000+00:00,0.0,0.0004317929,0.0004317929,4.317929,-10.300091999999996,,1.0,US_REGULAR,POST_GATE_REGIME,2026-07-22 00:00:00+00:00,2026-07-20/2026-07-26
long hyperliquid / short bitget,hyperliquid,bitget,2026-07-22 14:00:00.038000+00:00,0.0004317929,0.0,-0.0004317929,-4.317929,28.82009199999998,1.0,,US_REGULAR,POST_GATE_REGIME,2026-07-22 00:00:00+00:00,2026-07-20/2026-07-26
long gate / short hyperliquid,gate,hyperliquid,2026-07-22 21:00:00.034000+00:00,0.0,0.000416244,0.000416244,4.16244,-5.768653999999996,,1.0,US_AFTER_HOURS,POST_GATE_REGIME,2026-07-22 00:00:00+00:00,2026-07-20/2026-07-26
long hyperliquid / short gate,hyperliquid,gate,2026-07-22 21:00:00.034000+00:00,0.000416244,0.0,-0.000416244,-4.16244,5.768653999999996,1.0,,US_AFTER_HOURS,POST_GATE_REGIME,2026-07-22 00:00:00+00:00,2026-07-20/2026-07-26
long binance / short hyperliquid,binance,hyperliquid,2026-07-22 21:00:00.034000+00:00,0.0,0.000416244,0.000416244,4.16244,-18.117053999999996,,1.0,US_AFTER_HOURS,POST_GATE_REGIME,2026-07-22 00:00:00+00:00,2026-07-20/2026-07-26
long okx / short hyperliquid,okx,hyperliquid,2026-07-22 21:00:00.034000+00:00,0.0,0.000416244,0.000416244,4.16244,-16.820439922314005,,1.0,US_AFTER_HOURS,POST_GATE_REGIME,2026-07-22 00:00:00+00:00,2026-07-20/2026-07-26
long hyperliquid / short binance,hyperliquid,binance,2026-07-22 21:00:00.034000+00:00,0.000416244,0.0,-0.000416244,-4.16244,18.117053999999996,1.0,,US_AFTER_HOURS,POST_GATE_REGIME,2026-07-22 00:00:00+00:00,2026-07-20/2026-07-26
long hyperliquid / short bitget,hyperliquid,bitget,2026-07-22 21:00:00.034000+00:00,0.000416244,0.0,-0.000416244,-4.16244,21.16865399999998,1.0,,US_AFTER_HOURS,POST_GATE_REGIME,2026-07-22 00:00:00+00:00,2026-07-20/2026-07-26
long hyperliquid / short okx,hyperliquid,okx,2026-07-22 21:00:00.034000+00:00,0.000416244,0.0,-0.000416244,-4.16244,16.820439922314005,1.0,,US_AFTER_HOURS,POST_GATE_REGIME,2026-07-22 00:00:00+00:00,2026-07-20/2026-07-26
long bitget / short hyperliquid,bitget,hyperliquid,2026-07-22 21:00:00.034000+00:00,0.0,0.000416244,0.000416244,4.16244,-21.16865399999998,,1.0,US_AFTER_HOURS,POST_GATE_REGIME,2026-07-22 00:00:00+00:00,2026-07-20/2026-07-26
long hyperliquid / short bitget,hyperliquid,bitget,2026-07-20 08:00:00+00:00,0.0,0.000392,0.000392,3.92,15.48262,,4.0,KRX_OFFICIAL_AFTER_HOURS,POST_GATE_REGIME,2026-07-20 00:00:00+00:00,2026-07-20/2026-07-26
long bitget / short hyperliquid,bitget,hyperliquid,2026-07-20 08:00:00+00:00,0.000392,0.0,-0.000392,-3.92,-15.48262,4.0,,KRX_OFFICIAL_AFTER_HOURS,POST_GATE_REGIME,2026-07-20 00:00:00+00:00,2026-07-20/2026-07-26
long hyperliquid / short gate,hyperliquid,gate,2026-07-21 08:00:03+00:00,0.0,0.000363,0.000363,3.63,26.722582999999997,,4.0,KRX_OFFICIAL_AFTER_HOURS,POST_GATE_REGIME,2026-07-21 00:00:00+00:00,2026-07-20/2026-07-26
long gate / short hyperliquid,gate,hyperliquid,2026-07-21 08:00:03+00:00,0.000363,0.0,-0.000363,-3.63,-26.722582999999997,4.0,,KRX_OFFICIAL_AFTER_HOURS,POST_GATE_REGIME,2026-07-21 00:00:00+00:00,2026-07-20/2026-07-26
long hyperliquid / short binance,hyperliquid,binance,2026-07-22 04:00:00+00:00,0.0,0.00034064,0.00034064,3.4064,22.952834,,4.0,KRX_REGULAR_EARLIER,POST_GATE_REGIME,2026-07-22 00:00:00+00:00,2026-07-20/2026-07-26
long binance / short hyperliquid,binance,hyperliquid,2026-07-22 04:00:00+00:00,0.00034064,0.0,-0.00034064,-3.4064,-22.952834,4.0,,KRX_REGULAR_EARLIER,POST_GATE_REGIME,2026-07-22 00:00:00+00:00,2026-07-20/2026-07-26
long hyperliquid / short binance,hyperliquid,binance,2026-07-20 00:00:00.002000+00:00,0.0,-0.00031583,-0.00031583,-3.1583,-3.7089490000000005,,4.0,KRX_REGULAR_EARLIER,POST_GATE_REGIME,2026-07-20 00:00:00+00:00,2026-07-20/2026-07-26
long binance / short hyperliquid,binance,hyperliquid,2026-07-20 00:00:00.002000+00:00,-0.00031583,0.0,0.00031583,3.1583,3.7089490000000005,4.0,,KRX_REGULAR_EARLIER,POST_GATE_REGIME,2026-07-20 00:00:00+00:00,2026-07-20/2026-07-26
long bitget / short hyperliquid,bitget,hyperliquid,2026-07-21 08:00:00+00:00,0.000301,0.0,-0.000301,-3.01,-41.650977,4.0,,KRX_OFFICIAL_AFTER_HOURS,POST_GATE_REGIME,2026-07-21 00:00:00+00:00,2026-07-20/2026-07-26
long hyperliquid / short bitget,hyperliquid,bitget,2026-07-21 08:00:00+00:00,0.0,0.000301,0.000301,3.01,41.650977,,4.0,KRX_OFFICIAL_AFTER_HOURS,POST_GATE_REGIME,2026-07-21 00:00:00+00:00,2026-07-20/2026-07-26
long hyperliquid / short okx,hyperliquid,okx,2026-07-22 23:00:00.077000+00:00,-0.0002842418,0.0,0.0002842418,2.8424180000000003,15.189489922314005,1.0,,US_AFTER_HOURS,POST_GATE_REGIME,2026-07-22 00:00:00+00:00,2026-07-20/2026-07-26
long gate / short hyperliquid,gate,hyperliquid,2026-07-22 23:00:00.077000+00:00,0.0,-0.0002842418,-0.0002842418,-2.8424180000000003,-4.137703999999997,,1.0,US_AFTER_HOURS,POST_GATE_REGIME,2026-07-22 00:00:00+00:00,2026-07-20/2026-07-26
long hyperliquid / short binance,hyperliquid,binance,2026-07-22 23:00:00.077000+00:00,-0.0002842418,0.0,0.0002842418,2.8424180000000003,16.486103999999997,1.0,,US_AFTER_HOURS,POST_GATE_REGIME,2026-07-22 00:00:00+00:00,2026-07-20/2026-07-26
long hyperliquid / short gate,hyperliquid,gate,2026-07-22 23:00:00.077000+00:00,-0.0002842418,0.0,0.0002842418,2.8424180000000003,4.137703999999997,1.0,,US_AFTER_HOURS,POST_GATE_REGIME,2026-07-22 00:00:00+00:00,2026-07-20/2026-07-26
long hyperliquid / short bitget,hyperliquid,bitget,2026-07-22 23:00:00.077000+00:00,-0.0002842418,0.0,0.0002842418,2.8424180000000003,19.537703999999977,1.0,,US_AFTER_HOURS,POST_GATE_REGIME,2026-07-22 00:00:00+00:00,2026-07-20/2026-07-26
long bitget / short hyperliquid,bitget,hyperliquid,2026-07-22 23:00:00.077000+00:00,0.0,-0.0002842418,-0.0002842418,-2.8424180000000003,-19.537703999999977,,1.0,US_AFTER_HOURS,POST_GATE_REGIME,2026-07-22 00:00:00+00:00,2026-07-20/2026-07-26
long okx / short hyperliquid,okx,hyperliquid,2026-07-22 23:00:00.077000+00:00,0.0,-0.0002842418,-0.0002842418,-2.8424180000000003,-15.189489922314005,,1.0,US_AFTER_HOURS,POST_GATE_REGIME,2026-07-22 00:00:00+00:00,2026-07-20/2026-07-26
long binance / short hyperliquid,binance,hyperliquid,2026-07-22 23:00:00.077000+00:00,0.0,-0.0002842418,-0.0002842418,-2.8424180000000003,-16.486103999999997,,1.0,US_AFTER_HOURS,POST_GATE_REGIME,2026-07-22 00:00:00+00:00,2026-07-20/2026-07-26
long hyperliquid / short bitget,hyperliquid,bitget,2026-07-21 22:00:00.051000+00:00,0.0002811407,0.0,-0.0002811407,-2.811407,20.697315999999994,1.0,,US_AFTER_HOURS,POST_GATE_REGIME,2026-07-21 00:00:00+00:00,2026-07-20/2026-07-26
long bitget / short hyperliquid,bitget,hyperliquid,2026-07-21 22:00:00.051000+00:00,0.0,0.0002811407,0.0002811407,2.811407,-20.697315999999994,,1.0,US_AFTER_HOURS,POST_GATE_REGIME,2026-07-21 00:00:00+00:00,2026-07-20/2026-07-26
long hyperliquid / short gate,hyperliquid,gate,2026-07-21 22:00:00.051000+00:00,0.0002811407,0.0,-0.0002811407,-2.811407,15.147315999999996,1.0,,US_AFTER_HOURS,POST_GATE_REGIME,2026-07-21 00:00:00+00:00,2026-07-20/2026-07-26
long binance / short hyperliquid,binance,hyperliquid,2026-07-21 22:00:00.051000+00:00,0.0,0.0002811407,0.0002811407,2.811407,-19.982516,,1.0,US_AFTER_HOURS,POST_GATE_REGIME,2026-07-21 00:00:00+00:00,2026-07-20/2026-07-26
long okx / short hyperliquid,okx,hyperliquid,2026-07-21 22:00:00.051000+00:00,0.0,0.0002811407,0.0002811407,2.811407,-5.386283162554007,,1.0,US_AFTER_HOURS,POST_GATE_REGIME,2026-07-21 00:00:00+00:00,2026-07-20/2026-07-26
long gate / short hyperliquid,gate,hyperliquid,2026-07-21 22:00:00.051000+00:00,0.0,0.0002811407,0.0002811407,2.811407,-15.147315999999996,,1.0,US_AFTER_HOURS,POST_GATE_REGIME,2026-07-21 00:00:00+00:00,2026-07-20/2026-07-26
long hyperliquid / short okx,hyperliquid,okx,2026-07-21 22:00:00.051000+00:00,0.0002811407,0.0,-0.0002811407,-2.811407,5.386283162554007,1.0,,US_AFTER_HOURS,POST_GATE_REGIME,2026-07-21 00:00:00+00:00,2026-07-20/2026-07-26
long hyperliquid / short binance,hyperliquid,binance,2026-07-21 22:00:00.051000+00:00,0.0002811407,0.0,-0.0002811407,-2.811407,19.982516,1.0,,US_AFTER_HOURS,POST_GATE_REGIME,2026-07-21 00:00:00+00:00,2026-07-20/2026-07-26
long hyperliquid / short bitget,hyperliquid,bitget,2026-07-21 14:00:00.062000+00:00,0.0002787525,0.0,-0.0002787525,-2.787525,35.707736999999995,1.0,,US_REGULAR,POST_GATE_REGIME,2026-07-21 00:00:00+00:00,2026-07-20/2026-07-26
long binance / short hyperliquid,binance,hyperliquid,2026-07-21 14:00:00.062000+00:00,0.0,0.0002787525,0.0002787525,2.787525,-27.052837,,1.0,US_REGULAR,POST_GATE_REGIME,2026-07-21 00:00:00+00:00,2026-07-20/2026-07-26
long gate / short hyperliquid,gate,hyperliquid,2026-07-21 14:00:00.062000+00:00,0.0,0.0002787525,0.0002787525,2.787525,-24.647737,,1.0,US_REGULAR,POST_GATE_REGIME,2026-07-21 00:00:00+00:00,2026-07-20/2026-07-26
long hyperliquid / short okx,hyperliquid,okx,2026-07-21 14:00:00.062000+00:00,0.0002787525,0.0,-0.0002787525,-2.787525,8.780572886008004,1.0,,US_REGULAR,POST_GATE_REGIME,2026-07-21 00:00:00+00:00,2026-07-20/2026-07-26
long okx / short hyperliquid,okx,hyperliquid,2026-07-21 14:00:00.062000+00:00,0.0,0.0002787525,0.0002787525,2.787525,-8.780572886008004,,1.0,US_REGULAR,POST_GATE_REGIME,2026-07-21 00:00:00+00:00,2026-07-20/2026-07-26
long hyperliquid / short binance,hyperliquid,binance,2026-07-21 14:00:00.062000+00:00,0.0002787525,0.0,-0.0002787525,-2.787525,27.052837,1.0,,US_REGULAR,POST_GATE_REGIME,2026-07-21 00:00:00+00:00,2026-07-20/2026-07-26
long bitget / short hyperliquid,bitget,hyperliquid,2026-07-21 14:00:00.062000+00:00,0.0,0.0002787525,0.0002787525,2.787525,-35.707736999999995,,1.0,US_REGULAR,POST_GATE_REGIME,2026-07-21 00:00:00+00:00,2026-07-20/2026-07-26
long hyperliquid / short gate,hyperliquid,gate,2026-07-21 14:00:00.062000+00:00,0.0002787525,0.0,-0.0002787525,-2.787525,24.647737,1.0,,US_REGULAR,POST_GATE_REGIME,2026-07-21 00:00:00+00:00,2026-07-20/2026-07-26
long hyperliquid / short bitget,hyperliquid,bitget,2026-07-20 00:00:00.034000+00:00,0.0002688809,0.0,-0.0002688809,-2.6888090000000004,-5.308658000000001,1.0,,KRX_REGULAR_EARLIER,POST_GATE_REGIME,2026-07-20 00:00:00+00:00,2026-07-20/2026-07-26
long hyperliquid / short gate,hyperliquid,gate,2026-07-20 00:00:00.034000+00:00,0.0002688809,0.0,-0.0002688809,-2.6888090000000004,-0.30865800000000077,1.0,,KRX_REGULAR_EARLIER,POST_GATE_REGIME,2026-07-20 00:00:00+00:00,2026-07-20/2026-07-26
long hyperliquid / short binance,hyperliquid,binance,2026-07-20 00:00:00.034000+00:00,0.0002688809,0.0,-0.0002688809,-2.6888090000000004,-6.397758000000001,1.0,,KRX_REGULAR_EARLIER,POST_GATE_REGIME,2026-07-20 00:00:00+00:00,2026-07-20/2026-07-26
long bitget / short hyperliquid,bitget,hyperliquid,2026-07-20 00:00:00.034000+00:00,0.0,0.0002688809,0.0002688809,2.6888090000000004,5.308658000000001,,1.0,KRX_REGULAR_EARLIER,POST_GATE_REGIME,2026-07-20 00:00:00+00:00,2026-07-20/2026-07-26
long hyperliquid / short okx,hyperliquid,okx,2026-07-20 00:00:00.034000+00:00,0.0002688809,0.0,-0.0002688809,-2.6888090000000004,5.687264466155,1.0,,KRX_REGULAR_EARLIER,POST_GATE_REGIME,2026-07-20 00:00:00+00:00,2026-07-20/2026-07-26
long okx / short hyperliquid,okx,hyperliquid,2026-07-20 00:00:00.034000+00:00,0.0,0.0002688809,0.0002688809,2.6888090000000004,-5.687264466155,,1.0,KRX_REGULAR_EARLIER,POST_GATE_REGIME,2026-07-20 00:00:00+00:00,2026-07-20/2026-07-26
long binance / short hyperliquid,binance,hyperliquid,2026-07-20 00:00:00.034000+00:00,0.0,0.0002688809,0.0002688809,2.6888090000000004,6.397758000000001,,1.0,KRX_REGULAR_EARLIER,POST_GATE_REGIME,2026-07-20 00:00:00+00:00,2026-07-20/2026-07-26
long gate / short hyperliquid,gate,hyperliquid,2026-07-20 00:00:00.034000+00:00,0.0,0.0002688809,0.0002688809,2.6888090000000004,0.30865800000000077,,1.0,KRX_REGULAR_EARLIER,POST_GATE_REGIME,2026-07-20 00:00:00+00:00,2026-07-20/2026-07-26
long gate / short hyperliquid,gate,hyperliquid,2026-07-22 16:00:03+00:00,0.000262,0.0,-0.000262,-2.62,-8.740862999999997,4.0,,US_REGULAR,POST_GATE_REGIME,2026-07-22 00:00:00+00:00,2026-07-20/2026-07-26
long hyperliquid / short gate,hyperliquid,gate,2026-07-22 16:00:03+00:00,0.0,0.000262,0.000262,2.62,8.740862999999997,,4.0,US_REGULAR,POST_GATE_REGIME,2026-07-22 00:00:00+00:00,2026-07-20/2026-07-26
long binance / short hyperliquid,binance,hyperliquid,2026-07-21 17:00:00.028000+00:00,0.0,0.0002477315,0.0002477315,2.477315,-26.653118,,1.0,US_REGULAR,POST_GATE_REGIME,2026-07-21 00:00:00+00:00,2026-07-20/2026-07-26
long bitget / short hyperliquid,bitget,hyperliquid,2026-07-21 17:00:00.028000+00:00,0.0,0.0002477315,0.0002477315,2.477315,-28.437317999999994,,1.0,US_REGULAR,POST_GATE_REGIME,2026-07-21 00:00:00+00:00,2026-07-20/2026-07-26
long okx / short hyperliquid,okx,hyperliquid,2026-07-21 17:00:00.028000+00:00,0.0,0.0002477315,0.0002477315,2.477315,-13.126285162554005,,1.0,US_REGULAR,POST_GATE_REGIME,2026-07-21 00:00:00+00:00,2026-07-20/2026-07-26
long hyperliquid / short bitget,hyperliquid,bitget,2026-07-21 17:00:00.028000+00:00,0.0002477315,0.0,-0.0002477315,-2.477315,28.437317999999994,1.0,,US_REGULAR,POST_GATE_REGIME,2026-07-21 00:00:00+00:00,2026-07-20/2026-07-26
long gate / short hyperliquid,gate,hyperliquid,2026-07-21 17:00:00.028000+00:00,0.0,0.0002477315,0.0002477315,2.477315,-22.307318,,1.0,US_REGULAR,POST_GATE_REGIME,2026-07-21 00:00:00+00:00,2026-07-20/2026-07-26
long hyperliquid / short okx,hyperliquid,okx,2026-07-21 17:00:00.028000+00:00,0.0002477315,0.0,-0.0002477315,-2.477315,13.126285162554005,1.0,,US_REGULAR,POST_GATE_REGIME,2026-07-21 00:00:00+00:00,2026-07-20/2026-07-26
long hyperliquid / short gate,hyperliquid,gate,2026-07-21 17:00:00.028000+00:00,0.0002477315,0.0,-0.0002477315,-2.477315,22.307318,1.0,,US_REGULAR,POST_GATE_REGIME,2026-07-21 00:00:00+00:00,2026-07-20/2026-07-26
long hyperliquid / short binance,hyperliquid,binance,2026-07-21 17:00:00.028000+00:00,0.0002477315,0.0,-0.0002477315,-2.477315,26.653118,1.0,,US_REGULAR,POST_GATE_REGIME,2026-07-21 00:00:00+00:00,2026-07-20/2026-07-26
long hyperliquid / short bitget,hyperliquid,bitget,2026-07-21 16:00:00.022000+00:00,0.0002466834,0.0,-0.0002466834,-2.466834,30.914632999999995,1.0,,US_REGULAR,POST_GATE_REGIME,2026-07-21 00:00:00+00:00,2026-07-20/2026-07-26
long bitget / short hyperliquid,bitget,hyperliquid,2026-07-21 16:00:00.022000+00:00,0.0,0.0002466834,0.0002466834,2.466834,-30.914632999999995,,1.0,US_REGULAR,POST_GATE_REGIME,2026-07-21 00:00:00+00:00,2026-07-20/2026-07-26
long gate / short hyperliquid,gate,hyperliquid,2026-07-21 16:00:00.022000+00:00,0.0,0.0002466834,0.0002466834,2.466834,-19.854633,,1.0,US_REGULAR,POST_GATE_REGIME,2026-07-21 00:00:00+00:00,2026-07-20/2026-07-26
long okx / short hyperliquid,okx,hyperliquid,2026-07-21 16:00:00.022000+00:00,0.0,0.0002466834,0.0002466834,2.466834,-15.603600162554004,,1.0,US_REGULAR,POST_GATE_REGIME,2026-07-21 00:00:00+00:00,2026-07-20/2026-07-26
long hyperliquid / short okx,hyperliquid,okx,2026-07-21 16:00:00.022000+00:00,0.0002466834,0.0,-0.0002466834,-2.466834,15.603600162554004,1.0,,US_REGULAR,POST_GATE_REGIME,2026-07-21 00:00:00+00:00,2026-07-20/2026-07-26
long hyperliquid / short gate,hyperliquid,gate,2026-07-21 16:00:00.022000+00:00,0.0002466834,0.0,-0.0002466834,-2.466834,19.854633,1.0,,US_REGULAR,POST_GATE_REGIME,2026-07-21 00:00:00+00:00,2026-07-20/2026-07-26
long bitget / short hyperliquid,bitget,hyperliquid,2026-07-22 15:00:00.018000+00:00,0.0,0.0002461753,0.0002461753,2.461753,-26.35833899999998,,1.0,US_REGULAR,POST_GATE_REGIME,2026-07-22 00:00:00+00:00,2026-07-20/2026-07-26
long hyperliquid / short okx,hyperliquid,okx,2026-07-22 15:00:00.018000+00:00,0.0002461753,0.0,-0.0002461753,-2.461753,8.534477634454005,1.0,,US_REGULAR,POST_GATE_REGIME,2026-07-22 00:00:00+00:00,2026-07-20/2026-07-26
long okx / short hyperliquid,okx,hyperliquid,2026-07-22 15:00:00.018000+00:00,0.0,0.0002461753,0.0002461753,2.461753,-8.534477634454005,,1.0,US_REGULAR,POST_GATE_REGIME,2026-07-22 00:00:00+00:00,2026-07-20/2026-07-26
long hyperliquid / short gate,hyperliquid,gate,2026-07-22 15:00:00.018000+00:00,0.0002461753,0.0,-0.0002461753,-2.461753,7.838338999999996,1.0,,US_REGULAR,POST_GATE_REGIME,2026-07-22 00:00:00+00:00,2026-07-20/2026-07-26
long hyperliquid / short bitget,hyperliquid,bitget,2026-07-22 15:00:00.018000+00:00,0.0002461753,0.0,-0.0002461753,-2.461753,26.35833899999998,1.0,,US_REGULAR,POST_GATE_REGIME,2026-07-22 00:00:00+00:00,2026-07-20/2026-07-26
long gate / short hyperliquid,gate,hyperliquid,2026-07-22 15:00:00.018000+00:00,0.0,0.0002461753,0.0002461753,2.461753,-7.838338999999996,,1.0,US_REGULAR,POST_GATE_REGIME,2026-07-22 00:00:00+00:00,2026-07-20/2026-07-26
long bitget / short hyperliquid,bitget,hyperliquid,2026-07-21 15:00:00.021000+00:00,0.0,0.000232627,0.000232627,2.32627,-33.381466999999994,,1.0,US_REGULAR,POST_GATE_REGIME,2026-07-21 00:00:00+00:00,2026-07-20/2026-07-26
long hyperliquid / short okx,hyperliquid,okx,2026-07-21 15:00:00.021000+00:00,0.000232627,0.0,-0.000232627,-2.32627,6.454302886008004,1.0,,US_REGULAR,POST_GATE_REGIME,2026-07-21 00:00:00+00:00,2026-07-20/2026-07-26
long hyperliquid / short bitget,hyperliquid,bitget,2026-07-21 15:00:00.021000+00:00,0.000232627,0.0,-0.000232627,-2.32627,33.381466999999994,1.0,,US_REGULAR,POST_GATE_REGIME,2026-07-21 00:00:00+00:00,2026-07-20/2026-07-26
long hyperliquid / short gate,hyperliquid,gate,2026-07-21 15:00:00.021000+00:00,0.000232627,0.0,-0.000232627,-2.32627,22.321467,1.0,,US_REGULAR,POST_GATE_REGIME,2026-07-21 00:00:00+00:00,2026-07-20/2026-07-26
long okx / short hyperliquid,okx,hyperliquid,2026-07-21 15:00:00.021000+00:00,0.0,0.000232627,0.000232627,2.32627,-6.454302886008004,,1.0,US_REGULAR,POST_GATE_REGIME,2026-07-21 00:00:00+00:00,2026-07-20/2026-07-26
long gate / short hyperliquid,gate,hyperliquid,2026-07-21 15:00:00.021000+00:00,0.0,0.000232627,0.000232627,2.32627,-22.321467,,1.0,US_REGULAR,POST_GATE_REGIME,2026-07-21 00:00:00+00:00,2026-07-20/2026-07-26
long bitget / short hyperliquid,bitget,hyperliquid,2026-07-23 00:00:00.046000+00:00,0.0,0.0002302296,0.0002302296,2.302296,-17.23540799999998,,1.0,KRX_REGULAR_EARLIER,POST_GATE_REGIME,2026-07-23 00:00:00+00:00,2026-07-20/2026-07-26
long hyperliquid / short bitget,hyperliquid,bitget,2026-07-23 00:00:00.046000+00:00,0.0002302296,0.0,-0.0002302296,-2.302296,17.23540799999998,1.0,,KRX_REGULAR_EARLIER,POST_GATE_REGIME,2026-07-23 00:00:00+00:00,2026-07-20/2026-07-26
long hyperliquid / short bitget,hyperliquid,bitget,2026-07-21 18:00:00.028000+00:00,0.0002239247,0.0,-0.0002239247,-2.2392469999999998,26.198070999999995,1.0,,US_REGULAR,POST_GATE_REGIME,2026-07-21 00:00:00+00:00,2026-07-20/2026-07-26
long bitget / short hyperliquid,bitget,hyperliquid,2026-07-21 18:00:00.028000+00:00,0.0,0.0002239247,0.0002239247,2.2392469999999998,-26.198070999999995,,1.0,US_REGULAR,POST_GATE_REGIME,2026-07-21 00:00:00+00:00,2026-07-20/2026-07-26
