pair,threshold_bps,cost_bps,regime_policy,oos_kind,execution_model,pair_scope,fold_count,insufficient_train_fold_count,total_signal_count,realized_event_count,censored_event_count,censor_rate,event_count,mean_net_bps,median_net_bps,win_rate,mae_bps,mfe_bps,holding_minutes,mean_mae_bps,median_mae_bps,mean_mfe_bps,median_mfe_bps,mean_holding_minutes,median_holding_minutes,capital_occupancy_rate,same_pair_blocked_overlap_signal_count,cross_pair_overlapping_event_count,naive_event_bootstrap_ci_low,naive_event_bootstrap_ci_high,block_bootstrap_ci_low,block_bootstrap_ci_high,bootstrap_mean_ci_low_bps,bootstrap_mean_ci_high_bps,bootstrap_method_primary,bootstrap_confidence_level,bootstrap_samples
binance/bitget,100,20,NO_GATE_REGIME_FILTER,HISTORICAL_ROLLING_PSEUDO_OOS,NEXT_BAR_OPEN_PROXY,NON_GATE_PAIRS,19,19,4,4,0,0.0,4,-20.104233484300615,-22.320454069982183,0.25,4.238340079898705,27.887801817896296,41.25,4.238340079898705,5.3786610482781105,27.887801817896296,29.318642007197248,41.25,30.0,0.0029842647856755285,5,0,-35.38711085069734,-4.82135611790389,-25.58138998781475,-14.627076980786477,-25.58138998781475,-14.627076980786477,DAY_BLOCK_BOOTSTRAP,0.95,2000
binance/bitget,100,40,NO_GATE_REGIME_FILTER,HISTORICAL_ROLLING_PSEUDO_OOS,NEXT_BAR_OPEN_PROXY,NON_GATE_PAIRS,19,19,4,4,0,0.0,4,-40.104233484300615,-42.32045406998218,0.0,4.238340079898705,27.887801817896296,41.25,4.238340079898705,5.3786610482781105,27.887801817896296,29.318642007197248,41.25,30.0,0.0029842647856755285,5,0,-55.38711085069734,-24.82135611790389,-45.581389987814745,-34.62707698078648,-45.581389987814745,-34.62707698078648,DAY_BLOCK_BOOTSTRAP,0.95,2000
binance/bitget,100,80,NO_GATE_REGIME_FILTER,HISTORICAL_ROLLING_PSEUDO_OOS,NEXT_BAR_OPEN_PROXY,NON_GATE_PAIRS,19,19,4,4,0,0.0,4,-80.10423348430061,-82.32045406998219,0.0,4.238340079898705,27.887801817896296,41.25,4.238340079898705,5.3786610482781105,27.887801817896296,29.318642007197248,41.25,30.0,0.0029842647856755285,5,0,-95.38711085069734,-60.974667573306036,-85.58138998781475,-74.62707698078648,-85.58138998781475,-74.62707698078648,DAY_BLOCK_BOOTSTRAP,0.95,2000
binance/bitget,150,20,NO_GATE_REGIME_FILTER,HISTORICAL_ROLLING_PSEUDO_OOS,NEXT_BAR_OPEN_PROXY,NON_GATE_PAIRS,19,19,0,0,0,,0,,,,,,,,,,,,,0.0,0,0,,,,,,,DAY_BLOCK_BOOTSTRAP,0.95,2000
binance/bitget,150,40,NO_GATE_REGIME_FILTER,HISTORICAL_ROLLING_PSEUDO_OOS,NEXT_BAR_OPEN_PROXY,NON_GATE_PAIRS,19,19,0,0,0,,0,,,,,,,,,,,,,0.0,0,0,,,,,,,DAY_BLOCK_BOOTSTRAP,0.95,2000
binance/bitget,150,80,NO_GATE_REGIME_FILTER,HISTORICAL_ROLLING_PSEUDO_OOS,NEXT_BAR_OPEN_PROXY,NON_GATE_PAIRS,19,19,0,0,0,,0,,,,,,,,,,,,,0.0,0,0,,,,,,,DAY_BLOCK_BOOTSTRAP,0.95,2000
binance/bitget,200,20,NO_GATE_REGIME_FILTER,HISTORICAL_ROLLING_PSEUDO_OOS,NEXT_BAR_OPEN_PROXY,NON_GATE_PAIRS,19,19,0,0,0,,0,,,,,,,,,,,,,0.0,0,0,,,,,,,DAY_BLOCK_BOOTSTRAP,0.95,2000
binance/bitget,200,40,NO_GATE_REGIME_FILTER,HISTORICAL_ROLLING_PSEUDO_OOS,NEXT_BAR_OPEN_PROXY,NON_GATE_PAIRS,19,19,0,0,0,,0,,,,,,,,,,,,,0.0,0,0,,,,,,,DAY_BLOCK_BOOTSTRAP,0.95,2000
binance/bitget,200,80,NO_GATE_REGIME_FILTER,HISTORICAL_ROLLING_PSEUDO_OOS,NEXT_BAR_OPEN_PROXY,NON_GATE_PAIRS,19,19,0,0,0,,0,,,,,,,,,,,,,0.0,0,0,,,,,,,DAY_BLOCK_BOOTSTRAP,0.95,2000
binance/gate,100,20,GATE_CAUSAL_ALLOWED_NORMAL_TRANSIENT,HISTORICAL_ROLLING_PSEUDO_OOS,NEXT_BAR_OPEN_PROXY,GATE_PAIRS,19,19,36,28,8,0.2222222222222222,28,12.267834659671893,-5.174882084052461,0.35714285714285715,-5.765012949851544,30.922088577403084,347.14285714285717,-5.765012949851544,-4.295876069241311,30.922088577403084,18.506802648676768,347.14285714285717,45.0,0.1760674053061718,1550,0,-1.0919329433548428,28.457780352025775,-0.969810117707159,34.676151545536534,-0.969810117707159,34.676151545536534,DAY_BLOCK_BOOTSTRAP,0.95,2000
binance/gate,100,40,GATE_CAUSAL_ALLOWED_NORMAL_TRANSIENT,HISTORICAL_ROLLING_PSEUDO_OOS,NEXT_BAR_OPEN_PROXY,GATE_PAIRS,19,19,36,28,8,0.2222222222222222,28,-7.732165340328107,-25.174882084052463,0.2857142857142857,-5.765012949851544,30.922088577403084,347.14285714285717,-5.765012949851544,-4.295876069241311,30.922088577403084,18.506802648676768,347.14285714285717,45.0,0.1760674053061718,1550,0,-21.173629694081793,8.200548123190353,-21.180077858115375,16.800709712438056,-21.180077858115375,16.800709712438056,DAY_BLOCK_BOOTSTRAP,0.95,2000
binance/gate,100,80,GATE_CAUSAL_ALLOWED_NORMAL_TRANSIENT,HISTORICAL_ROLLING_PSEUDO_OOS,NEXT_BAR_OPEN_PROXY,GATE_PAIRS,19,19,36,28,8,0.2222222222222222,28,-47.732165340328095,-65.17488208405246,0.10714285714285714,-5.765012949851544,30.922088577403084,347.14285714285717,-5.765012949851544,-4.295876069241311,30.922088577403084,18.506802648676768,347.14285714285717,45.0,0.1760674053061718,1550,0,-61.16084557274361,-31.62073796741095,-60.77434393480825,-23.92332254020636,-60.77434393480825,-23.92332254020636,DAY_BLOCK_BOOTSTRAP,0.95,2000
binance/gate,150,20,GATE_CAUSAL_ALLOWED_NORMAL_TRANSIENT,HISTORICAL_ROLLING_PSEUDO_OOS,NEXT_BAR_OPEN_PROXY,GATE_PAIRS,19,9,90,84,6,0.06666666666666667,84,-4.399075290120019,-7.071279517991118,0.27380952380952384,-2.7429843391177777,17.61806842856859,129.28571428571428,-2.7429843391177777,-2.569613074775434,17.61806842856859,13.66766775180106,129.28571428571428,37.5,0.1966845563243079,833,0,-7.97413519502131,-0.5232006897773509,-7.821272337677742,0.4273580159945833,-7.821272337677742,0.4273580159945833,DAY_BLOCK_BOOTSTRAP,0.95,2000
binance/gate,150,40,GATE_CAUSAL_ALLOWED_NORMAL_TRANSIENT,HISTORICAL_ROLLING_PSEUDO_OOS,NEXT_BAR_OPEN_PROXY,GATE_PAIRS,19,9,90,84,6,0.06666666666666667,84,-24.39907529012002,-27.07127951799112,0.08333333333333333,-2.7429843391177777,17.61806842856859,129.28571428571428,-2.7429843391177777,-2.569613074775434,17.61806842856859,13.66766775180106,129.28571428571428,37.5,0.1966845563243079,833,0,-27.714881123606585,-20.999955774923475,-27.832947247395417,-19.221991339339926,-27.832947247395417,-19.221991339339926,DAY_BLOCK_BOOTSTRAP,0.95,2000
binance/gate,150,80,GATE_CAUSAL_ALLOWED_NORMAL_TRANSIENT,HISTORICAL_ROLLING_PSEUDO_OOS,NEXT_BAR_OPEN_PROXY,GATE_PAIRS,19,9,90,84,6,0.06666666666666667,84,-64.39907529012001,-67.07127951799112,0.011904761904761904,-2.7429843391177777,17.61806842856859,129.28571428571428,-2.7429843391177777,-2.569613074775434,17.61806842856859,13.66766775180106,129.28571428571428,37.5,0.1966845563243079,833,0,-67.82868226443135,-60.80523518440703,-67.67057490256231,-59.390614593406795,-67.67057490256231,-59.390614593406795,DAY_BLOCK_BOOTSTRAP,0.95,2000
binance/gate,200,20,GATE_CAUSAL_ALLOWED_NORMAL_TRANSIENT,HISTORICAL_ROLLING_PSEUDO_OOS,NEXT_BAR_OPEN_PROXY,GATE_PAIRS,19,11,50,49,1,0.02,49,-5.56188523597173,-9.288135563403337,0.22448979591836735,1.6518548441157404,15.441758870322596,84.18367346938776,1.6518548441157404,0.49154228077274986,15.441758870322596,9.746486143306088,84.18367346938776,30.0,0.07491024714716656,200,0,-9.911593882640553,-0.7747765465066627,-10.953118428003746,2.854176333431454,-10.953118428003746,2.854176333431454,DAY_BLOCK_BOOTSTRAP,0.95,2000
binance/gate,200,40,GATE_CAUSAL_ALLOWED_NORMAL_TRANSIENT,HISTORICAL_ROLLING_PSEUDO_OOS,NEXT_BAR_OPEN_PROXY,GATE_PAIRS,19,11,50,49,1,0.02,49,-25.561885235971733,-29.288135563403337,0.08163265306122448,1.6518548441157404,15.441758870322596,84.18367346938776,1.6518548441157404,0.49154228077274986,15.441758870322596,9.746486143306088,84.18367346938776,30.0,0.07491024714716656,200,0,-29.86798476477218,-20.652252343941445,-31.093630562869933,-17.276279031217666,-31.093630562869933,-17.276279031217666,DAY_BLOCK_BOOTSTRAP,0.95,2000
binance/gate,200,80,GATE_CAUSAL_ALLOWED_NORMAL_TRANSIENT,HISTORICAL_ROLLING_PSEUDO_OOS,NEXT_BAR_OPEN_PROXY,GATE_PAIRS,19,11,50,49,1,0.02,49,-65.56188523597173,-69.28813556340333,0.0,1.6518548441157404,15.441758870322596,84.18367346938776,1.6518548441157404,0.49154228077274986,15.441758870322596,9.746486143306088,84.18367346938776,30.0,0.07491024714716656,200,0,-69.95215014258189,-60.84121851976149,-71.32594767168862,-57.11887019811664,-71.32594767168862,-57.11887019811664,DAY_BLOCK_BOOTSTRAP,0.95,2000
binance/hyperliquid,100,20,NO_GATE_REGIME_FILTER,HISTORICAL_ROLLING_PSEUDO_OOS,NEXT_BAR_OPEN_PROXY,NON_GATE_PAIRS,19,19,16,15,1,0.0625,15,-4.143640080773519,-9.008097428030903,0.2,-11.755237351285327,24.46917419588978,92.0,-11.755237351285327,-9.76114106806536,24.46917419588978,18.445264867057443,92.0,30.0,0.024973362309143404,91,0,-11.918513613730482,5.686238165042749,-13.789010924127636,11.94511773604435,-13.789010924127636,11.94511773604435,DAY_BLOCK_BOOTSTRAP,0.95,2000
binance/hyperliquid,100,40,NO_GATE_REGIME_FILTER,HISTORICAL_ROLLING_PSEUDO_OOS,NEXT_BAR_OPEN_PROXY,NON_GATE_PAIRS,19,19,16,15,1,0.0625,15,-24.143640080773523,-29.0080974280309,0.06666666666666667,-11.755237351285327,24.46917419588978,92.0,-11.755237351285327,-9.76114106806536,24.46917419588978,18.445264867057443,92.0,30.0,0.024973362309143404,91,0,-31.717205691225164,-14.63706604485655,-33.78901092412764,-8.05488226395565,-33.78901092412764,-8.05488226395565,DAY_BLOCK_BOOTSTRAP,0.95,2000
binance/hyperliquid,100,80,NO_GATE_REGIME_FILTER,HISTORICAL_ROLLING_PSEUDO_OOS,NEXT_BAR_OPEN_PROXY,NON_GATE_PAIRS,19,19,16,15,1,0.0625,15,-64.14364008077352,-69.00809742803091,0.0,-11.755237351285327,24.46917419588978,92.0,-11.755237351285327,-9.76114106806536,24.46917419588978,18.445264867057443,92.0,30.0,0.024973362309143404,91,0,-71.75376933354447,-54.286675136529254,-73.78901092412764,-48.05488226395565,-73.78901092412764,-48.05488226395565,DAY_BLOCK_BOOTSTRAP,0.95,2000
binance/hyperliquid,150,20,NO_GATE_REGIME_FILTER,HISTORICAL_ROLLING_PSEUDO_OOS,NEXT_BAR_OPEN_PROXY,NON_GATE_PAIRS,19,19,10,9,1,0.1,9,7.973735074855067,3.4622721833721677,0.5555555555555556,-14.80748777123194,34.273728855070715,53.333333333333336,-14.80748777123194,-12.95871920599545,34.273728855070715,23.228485010624578,53.333333333333336,45.0,0.008698365753066498,19,0,-4.460528689608265,22.327510253208683,1.5955695920050958,11.162817816280048,1.5955695920050958,11.162817816280048,DAY_BLOCK_BOOTSTRAP,0.95,2000
binance/hyperliquid,150,40,NO_GATE_REGIME_FILTER,HISTORICAL_ROLLING_PSEUDO_OOS,NEXT_BAR_OPEN_PROXY,NON_GATE_PAIRS,19,19,10,9,1,0.1,9,-12.026264925144936,-16.537727816627832,0.3333333333333333,-14.80748777123194,34.273728855070715,53.333333333333336,-14.80748777123194,-12.95871920599545,34.273728855070715,23.228485010624578,53.333333333333336,45.0,0.008698365753066498,19,0,-23.578178863057172,1.8355361608673375,-18.404430407994905,-8.837182183719948,-18.404430407994905,-8.837182183719948,DAY_BLOCK_BOOTSTRAP,0.95,2000
binance/hyperliquid,150,80,NO_GATE_REGIME_FILTER,HISTORICAL_ROLLING_PSEUDO_OOS,NEXT_BAR_OPEN_PROXY,NON_GATE_PAIRS,19,19,10,9,1,0.1,9,-52.026264925144936,-56.537727816627836,0.0,-14.80748777123194,34.273728855070715,53.333333333333336,-14.80748777123194,-12.95871920599545,34.273728855070715,23.228485010624578,53.333333333333336,45.0,0.008698365753066498,19,0,-63.57222013093167,-38.96729592706644,-58.4044304079949,-48.83718218371995,-58.4044304079949,-48.83718218371995,DAY_BLOCK_BOOTSTRAP,0.95,2000
binance/hyperliquid,200,20,NO_GATE_REGIME_FILTER,HISTORICAL_ROLLING_PSEUDO_OOS,NEXT_BAR_OPEN_PROXY,NON_GATE_PAIRS,19,19,3,3,0,0.0,3,11.36542894440803,5.050588348719536,0.6666666666666666,-5.330351068471757,36.1451173732071,35.0,-5.330351068471757,-5.647811152538207,36.1451173732071,25.050588348719536,35.0,30.0,0.0019018889566740419,1,0,-25.776826901295806,54.82252538580036,-10.363119276288135,54.82252538580036,-10.363119276288135,54.82252538580036,DAY_BLOCK_BOOTSTRAP,0.95,2000
binance/hyperliquid,200,40,NO_GATE_REGIME_FILTER,HISTORICAL_ROLLING_PSEUDO_OOS,NEXT_BAR_OPEN_PROXY,NON_GATE_PAIRS,19,19,3,3,0,0.0,3,-8.63457105559197,-14.949411651280464,0.3333333333333333,-5.330351068471757,36.1451173732071,35.0,-5.330351068471757,-5.647811152538207,36.1451173732071,25.050588348719536,35.0,30.0,0.0019018889566740419,1,0,-45.776826901295806,34.82252538580036,-30.36311927628813,34.82252538580036,-30.36311927628813,34.82252538580036,DAY_BLOCK_BOOTSTRAP,0.95,2000
binance/hyperliquid,200,80,NO_GATE_REGIME_FILTER,HISTORICAL_ROLLING_PSEUDO_OOS,NEXT_BAR_OPEN_PROXY,NON_GATE_PAIRS,19,19,3,3,0,0.0,3,-48.63457105559197,-54.949411651280464,0.0,-5.330351068471757,36.1451173732071,35.0,-5.330351068471757,-5.647811152538207,36.1451173732071,25.050588348719536,35.0,30.0,0.0019018889566740419,1,0,-85.7768269012958,-5.177474614199639,-70.36311927628813,-5.177474614199639,-70.36311927628813,-5.177474614199639,DAY_BLOCK_BOOTSTRAP,0.95,2000
binance/okx,100,20,NO_GATE_REGIME_FILTER,HISTORICAL_ROLLING_PSEUDO_OOS,NEXT_BAR_OPEN_PROXY,NON_GATE_PAIRS,19,19,7,7,0,0.0,7,-17.219961404157036,-20.86531752379433,0.14285714285714285,-16.50159596925224,25.62919361503372,60.0,-16.50159596925224,-5.588967931600131,25.62919361503372,24.398235444920147,60.0,30.0,0.0076075558266961675,17,0,-27.50702440089034,-6.631066456642911,-21.73033842957893,-11.206125370261171,-21.73033842957893,-11.206125370261171,DAY_BLOCK_BOOTSTRAP,0.95,2000
binance/okx,100,40,NO_GATE_REGIME_FILTER,HISTORICAL_ROLLING_PSEUDO_OOS,NEXT_BAR_OPEN_PROXY,NON_GATE_PAIRS,19,19,7,7,0,0.0,7,-37.21996140415705,-40.86531752379433,0.0,-16.50159596925224,25.62919361503372,60.0,-16.50159596925224,-5.588967931600131,25.62919361503372,24.398235444920147,60.0,30.0,0.0076075558266961675,17,0,-46.94262648247384,-26.527075703057506,-41.73033842957893,-31.206125370261173,-41.73033842957893,-31.206125370261173,DAY_BLOCK_BOOTSTRAP,0.95,2000
binance/okx,100,80,NO_GATE_REGIME_FILTER,HISTORICAL_ROLLING_PSEUDO_OOS,NEXT_BAR_OPEN_PROXY,NON_GATE_PAIRS,19,19,7,7,0,0.0,7,-77.21996140415705,-80.86531752379433,0.0,-16.50159596925224,25.62919361503372,60.0,-16.50159596925224,-5.588967931600131,25.62919361503372,24.398235444920147,60.0,30.0,0.0076075558266961675,17,0,-87.0721172049696,-66.88714091097707,-81.73033842957892,-71.20612537026118,-81.73033842957892,-71.20612537026118,DAY_BLOCK_BOOTSTRAP,0.95,2000
binance/okx,150,20,NO_GATE_REGIME_FILTER,HISTORICAL_ROLLING_PSEUDO_OOS,NEXT_BAR_OPEN_PROXY,NON_GATE_PAIRS,19,19,2,2,0,0.0,2,-1.2803150123914442,-1.2803150123914442,0.5,3.770212972211695,45.15951758563563,37.5,3.770212972211695,3.770212972211695,45.15951758563563,45.15951758563563,37.5,37.5,0.0013564839934888768,2,0,-28.39477593056383,25.834145905780943,-1.2803150123914442,-1.2803150123914442,-1.2803150123914442,-1.2803150123914442,DAY_BLOCK_BOOTSTRAP,0.95,2000
binance/okx,150,40,NO_GATE_REGIME_FILTER,HISTORICAL_ROLLING_PSEUDO_OOS,NEXT_BAR_OPEN_PROXY,NON_GATE_PAIRS,19,19,2,2,0,0.0,2,-21.280315012391444,-21.280315012391444,0.5,3.770212972211695,45.15951758563563,37.5,3.770212972211695,3.770212972211695,45.15951758563563,45.15951758563563,37.5,37.5,0.0013564839934888768,2,0,-48.39477593056383,5.834145905780943,-21.280315012391444,-21.280315012391444,-21.280315012391444,-21.280315012391444,DAY_BLOCK_BOOTSTRAP,0.95,2000
binance/okx,150,80,NO_GATE_REGIME_FILTER,HISTORICAL_ROLLING_PSEUDO_OOS,NEXT_BAR_OPEN_PROXY,NON_GATE_PAIRS,19,19,2,2,0,0.0,2,-61.28031501239145,-61.28031501239145,0.0,3.770212972211695,45.15951758563563,37.5,3.770212972211695,3.770212972211695,45.15951758563563,45.15951758563563,37.5,37.5,0.0013564839934888768,2,0,-88.39477593056384,-34.16585409421906,-61.28031501239145,-61.28031501239145,-61.28031501239145,-61.28031501239145,DAY_BLOCK_BOOTSTRAP,0.95,2000
binance/okx,200,20,NO_GATE_REGIME_FILTER,HISTORICAL_ROLLING_PSEUDO_OOS,NEXT_BAR_OPEN_PROXY,NON_GATE_PAIRS,19,19,1,1,0,0.0,1,10.399381464612837,10.399381464612837,1.0,6.128390071133971,82.70086760622908,45.0,6.128390071133971,6.128390071133971,82.70086760622908,82.70086760622908,45.0,45.0,0.0008138903960933262,1,0,10.399381464612837,10.399381464612837,10.399381464612837,10.399381464612837,10.399381464612837,10.399381464612837,DAY_BLOCK_BOOTSTRAP,0.95,2000
binance/okx,200,40,NO_GATE_REGIME_FILTER,HISTORICAL_ROLLING_PSEUDO_OOS,NEXT_BAR_OPEN_PROXY,NON_GATE_PAIRS,19,19,1,1,0,0.0,1,-9.600618535387163,-9.600618535387163,0.0,6.128390071133971,82.70086760622908,45.0,6.128390071133971,6.128390071133971,82.70086760622908,82.70086760622908,45.0,45.0,0.0008138903960933262,1,0,-9.600618535387163,-9.600618535387163,-9.600618535387163,-9.600618535387163,-9.600618535387163,-9.600618535387163,DAY_BLOCK_BOOTSTRAP,0.95,2000
binance/okx,200,80,NO_GATE_REGIME_FILTER,HISTORICAL_ROLLING_PSEUDO_OOS,NEXT_BAR_OPEN_PROXY,NON_GATE_PAIRS,19,19,1,1,0,0.0,1,-49.60061853538716,-49.60061853538716,0.0,6.128390071133971,82.70086760622908,45.0,6.128390071133971,6.128390071133971,82.70086760622908,82.70086760622908,45.0,45.0,0.0008138903960933262,1,0,-49.60061853538716,-49.60061853538716,-49.60061853538716,-49.60061853538716,-49.60061853538716,-49.60061853538716,DAY_BLOCK_BOOTSTRAP,0.95,2000
bitget/gate,100,20,GATE_CAUSAL_ALLOWED_NORMAL_TRANSIENT,HISTORICAL_ROLLING_PSEUDO_OOS,NEXT_BAR_OPEN_PROXY,GATE_PAIRS,19,8,85,65,20,0.23529411764705882,65,4.116251858065298,-2.001010247427697,0.4307692307692308,0.05135195553991505,25.25851358810666,121.38461538461539,0.05135195553991505,-0.7284889101488723,25.25851358810666,19.29174945215495,121.38461538461539,45.0,0.14282722189266767,1208,0,-1.4564163379178305,10.722333870938769,-2.2392021934257373,13.935579272719753,-2.2392021934257373,13.935579272719753,DAY_BLOCK_BOOTSTRAP,0.95,2000
bitget/gate,100,40,GATE_CAUSAL_ALLOWED_NORMAL_TRANSIENT,HISTORICAL_ROLLING_PSEUDO_OOS,NEXT_BAR_OPEN_PROXY,GATE_PAIRS,19,8,85,65,20,0.23529411764705882,65,-15.883748141934705,-22.001010247427697,0.16923076923076924,0.05135195553991505,25.25851358810666,121.38461538461539,0.05135195553991505,-0.7284889101488723,25.25851358810666,19.29174945215495,121.38461538461539,45.0,0.14282722189266767,1208,0,-21.72995400510819,-9.343222199890342,-22.431567977810538,-6.146445733315161,-22.431567977810538,-6.146445733315161,DAY_BLOCK_BOOTSTRAP,0.95,2000
bitget/gate,100,80,GATE_CAUSAL_ALLOWED_NORMAL_TRANSIENT,HISTORICAL_ROLLING_PSEUDO_OOS,NEXT_BAR_OPEN_PROXY,GATE_PAIRS,19,8,85,65,20,0.23529411764705882,65,-55.8837481419347,-62.0010102474277,0.046153846153846156,0.05135195553991505,25.25851358810666,121.38461538461539,0.05135195553991505,-0.7284889101488723,25.25851358810666,19.29174945215495,121.38461538461539,45.0,0.14282722189266767,1208,0,-61.5355135355329,-49.39022370237495,-62.5269200225433,-47.02962802104371,-62.5269200225433,-47.02962802104371,DAY_BLOCK_BOOTSTRAP,0.95,2000
bitget/gate,150,20,GATE_CAUSAL_ALLOWED_NORMAL_TRANSIENT,HISTORICAL_ROLLING_PSEUDO_OOS,NEXT_BAR_OPEN_PROXY,GATE_PAIRS,19,11,46,40,6,0.13043478260869565,40,-0.7138835230401952,-6.11259834549958,0.375,2.343457635957779,20.749006703056434,112.875,2.343457635957779,0.7440103985534297,20.749006703056434,16.600606918379945,112.875,30.0,0.08182761267251241,521,0,-6.065687031417189,5.159672807977583,-5.36936789206073,8.726650684149696,-5.36936789206073,8.726650684149696,DAY_BLOCK_BOOTSTRAP,0.95,2000
bitget/gate,150,40,GATE_CAUSAL_ALLOWED_NORMAL_TRANSIENT,HISTORICAL_ROLLING_PSEUDO_OOS,NEXT_BAR_OPEN_PROXY,GATE_PAIRS,19,11,46,40,6,0.13043478260869565,40,-20.713883523040195,-26.11259834549958,0.125,2.343457635957779,20.749006703056434,112.875,2.343457635957779,0.7440103985534297,20.749006703056434,16.600606918379945,112.875,30.0,0.08182761267251241,521,0,-26.137471576740754,-15.027991720192492,-25.376776753803814,-11.295067057156812,-25.376776753803814,-11.295067057156812,DAY_BLOCK_BOOTSTRAP,0.95,2000
bitget/gate,150,80,GATE_CAUSAL_ALLOWED_NORMAL_TRANSIENT,HISTORICAL_ROLLING_PSEUDO_OOS,NEXT_BAR_OPEN_PROXY,GATE_PAIRS,19,11,46,40,6,0.13043478260869565,40,-60.713883523040195,-66.11259834549958,0.025,2.343457635957779,20.749006703056434,112.875,2.343457635957779,0.7440103985534297,20.749006703056434,16.600606918379945,112.875,30.0,0.08182761267251241,521,0,-65.94853367566128,-54.82461372705992,-65.19322944729721,-51.107628157897544,-65.19322944729721,-51.107628157897544,DAY_BLOCK_BOOTSTRAP,0.95,2000
bitget/gate,200,20,GATE_CAUSAL_ALLOWED_NORMAL_TRANSIENT,HISTORICAL_ROLLING_PSEUDO_OOS,NEXT_BAR_OPEN_PROXY,GATE_PAIRS,19,19,5,5,0,0.0,5,12.55732940411327,7.363755034750525,0.8,-8.752938199175777,34.35208825311742,168.0,-8.752938199175777,-14.300766788459818,34.35208825311742,27.614017025638926,168.0,45.0,0.015257282140236549,48,0,-10.29899883641436,33.026075446800824,-29.09332275372708,28.749022044792437,-29.09332275372708,28.749022044792437,DAY_BLOCK_BOOTSTRAP,0.95,2000
bitget/gate,200,40,GATE_CAUSAL_ALLOWED_NORMAL_TRANSIENT,HISTORICAL_ROLLING_PSEUDO_OOS,NEXT_BAR_OPEN_PROXY,GATE_PAIRS,19,19,5,5,0,0.0,5,-7.44267059588673,-12.636244965249475,0.4,-8.752938199175777,34.35208825311742,168.0,-8.752938199175777,-14.300766788459818,34.35208825311742,27.614017025638926,168.0,45.0,0.015257282140236549,48,0,-30.29899883641436,13.026075446800823,-49.09332275372708,8.74902204479244,-49.09332275372708,8.74902204479244,DAY_BLOCK_BOOTSTRAP,0.95,2000
bitget/gate,200,80,GATE_CAUSAL_ALLOWED_NORMAL_TRANSIENT,HISTORICAL_ROLLING_PSEUDO_OOS,NEXT_BAR_OPEN_PROXY,GATE_PAIRS,19,19,5,5,0,0.0,5,-47.442670595886725,-52.636244965249475,0.0,-8.752938199175777,34.35208825311742,168.0,-8.752938199175777,-14.300766788459818,34.35208825311742,27.614017025638926,168.0,45.0,0.015257282140236549,48,0,-69.95282855744748,-26.833672022398652,-89.09332275372708,-31.250977955207563,-89.09332275372708,-31.250977955207563,DAY_BLOCK_BOOTSTRAP,0.95,2000
bitget/hyperliquid,100,20,NO_GATE_REGIME_FILTER,HISTORICAL_ROLLING_PSEUDO_OOS,NEXT_BAR_OPEN_PROXY,NON_GATE_PAIRS,19,10,68,61,7,0.10294117647058823,61,-6.847545141289976,-9.26358899689238,0.26229508196721313,-3.272677948930484,17.057993276029055,78.68852459016394,-3.272677948930484,2.292471915810168,17.057993276029055,12.548459181511706,78.68852459016394,30.0,0.08684590060697386,285,0,-9.972216315693494,-3.4856733574931664,-9.560545160241789,-3.6736694618423544,-9.560545160241789,-3.6736694618423544,DAY_BLOCK_BOOTSTRAP,0.95,2000
bitget/hyperliquid,100,40,NO_GATE_REGIME_FILTER,HISTORICAL_ROLLING_PSEUDO_OOS,NEXT_BAR_OPEN_PROXY,NON_GATE_PAIRS,19,10,68,61,7,0.10294117647058823,61,-26.847545141289977,-29.26358899689238,0.03278688524590164,-3.272677948930484,17.057993276029055,78.68852459016394,-3.272677948930484,2.292471915810168,17.057993276029055,12.548459181511706,78.68852459016394,30.0,0.08684590060697386,285,0,-30.00121518676253,-23.366696169892418,-29.535083814892666,-23.539303461270705,-29.535083814892666,-23.539303461270705,DAY_BLOCK_BOOTSTRAP,0.95,2000
bitget/hyperliquid,100,80,NO_GATE_REGIME_FILTER,HISTORICAL_ROLLING_PSEUDO_OOS,NEXT_BAR_OPEN_PROXY,NON_GATE_PAIRS,19,10,68,61,7,0.10294117647058823,61,-66.84754514128997,-69.26358899689238,0.0,-3.272677948930484,17.057993276029055,78.68852459016394,-3.272677948930484,2.292471915810168,17.057993276029055,12.548459181511706,78.68852459016394,30.0,0.08684590060697386,285,0,-69.97185745599066,-63.66159118892333,-69.52215708046971,-63.5734096712581,-69.52215708046971,-63.5734096712581,DAY_BLOCK_BOOTSTRAP,0.95,2000
bitget/hyperliquid,150,20,NO_GATE_REGIME_FILTER,HISTORICAL_ROLLING_PSEUDO_OOS,NEXT_BAR_OPEN_PROXY,NON_GATE_PAIRS,19,19,8,6,2,0.25,6,28.712508517585757,27.46178154460034,1.0,-7.505590969019522,55.16888729990307,137.5,-7.505590969019522,11.398527516207622,55.16888729990307,53.95822403264805,137.5,45.0,0.014928352342851682,68,0,23.201703145695245,34.258236836924276,23.740817620308142,32.165840577895516,23.740817620308142,32.165840577895516,DAY_BLOCK_BOOTSTRAP,0.95,2000
bitget/hyperliquid,150,40,NO_GATE_REGIME_FILTER,HISTORICAL_ROLLING_PSEUDO_OOS,NEXT_BAR_OPEN_PROXY,NON_GATE_PAIRS,19,19,8,6,2,0.25,6,8.712508517585757,7.461781544600338,0.8333333333333334,-7.505590969019522,55.16888729990307,137.5,-7.505590969019522,11.398527516207622,55.16888729990307,53.95822403264805,137.5,45.0,0.014928352342851682,68,0,3.2011324713603515,14.69553329081174,3.7032777468933404,12.165840577895523,3.7032777468933404,12.165840577895523,DAY_BLOCK_BOOTSTRAP,0.95,2000
bitget/hyperliquid,150,80,NO_GATE_REGIME_FILTER,HISTORICAL_ROLLING_PSEUDO_OOS,NEXT_BAR_OPEN_PROXY,NON_GATE_PAIRS,19,19,8,6,2,0.25,6,-31.287491482414243,-32.53821845539966,0.0,-7.505590969019522,55.16888729990307,137.5,-7.505590969019522,11.398527516207622,55.16888729990307,53.95822403264805,137.5,45.0,0.014928352342851682,68,0,-36.8241899426626,-25.45961598967078,-36.296722253106665,-27.834159422104477,-36.296722253106665,-27.834159422104477,DAY_BLOCK_BOOTSTRAP,0.95,2000
bitget/hyperliquid,200,20,NO_GATE_REGIME_FILTER,HISTORICAL_ROLLING_PSEUDO_OOS,NEXT_BAR_OPEN_PROXY,NON_GATE_PAIRS,19,19,8,7,1,0.125,7,4.370334134117635,-7.158086701356519,0.42857142857142855,-17.19636857974557,27.782832168718862,40.714285714285715,-17.19636857974557,-12.910767742748686,27.782832168718862,15.832632877044173,40.714285714285715,30.0,0.005164478955521382,8,0,-10.104179169874216,21.06311106170829,-0.706224848272124,8.177753370909954,-0.706224848272124,8.177753370909954,DAY_BLOCK_BOOTSTRAP,0.95,2000
bitget/hyperliquid,200,40,NO_GATE_REGIME_FILTER,HISTORICAL_ROLLING_PSEUDO_OOS,NEXT_BAR_OPEN_PROXY,NON_GATE_PAIRS,19,19,8,7,1,0.125,7,-15.629665865882362,-27.158086701356517,0.2857142857142857,-17.19636857974557,27.782832168718862,40.714285714285715,-17.19636857974557,-12.910767742748686,27.782832168718862,15.832632877044173,40.714285714285715,30.0,0.005164478955521382,8,0,-29.505931242661017,1.1993471326721177,-20.706224848272125,-11.822246629090044,-20.706224848272125,-11.822246629090044,DAY_BLOCK_BOOTSTRAP,0.95,2000
bitget/hyperliquid,200,80,NO_GATE_REGIME_FILTER,HISTORICAL_ROLLING_PSEUDO_OOS,NEXT_BAR_OPEN_PROXY,NON_GATE_PAIRS,19,19,8,7,1,0.125,7,-55.629665865882366,-67.15808670135652,0.0,-17.19636857974557,27.782832168718862,40.714285714285715,-17.19636857974557,-12.910767742748686,27.782832168718862,15.832632877044173,40.714285714285715,30.0,0.005164478955521382,8,0,-69.75981897527338,-38.5154501304938,-60.70622484827212,-51.822246629090046,-60.70622484827212,-51.822246629090046,DAY_BLOCK_BOOTSTRAP,0.95,2000
bitget/okx,100,20,NO_GATE_REGIME_FILTER,HISTORICAL_ROLLING_PSEUDO_OOS,NEXT_BAR_OPEN_PROXY,NON_GATE_PAIRS,19,16,22,19,3,0.13636363636363635,19,-6.871507143206294,0.3329818982855848,0.5263157894736842,0.011206431534845171,21.76396666286796,60.0,0.011206431534845171,8.174679932240192,21.76396666286796,21.061160427847668,60.0,15.0,0.02062839648129458,70,0,-19.68062121307111,3.513145584711076,-23.490726482179998,7.111024353871546,-23.490726482179998,7.111024353871546,DAY_BLOCK_BOOTSTRAP,0.95,2000
bitget/okx,100,40,NO_GATE_REGIME_FILTER,HISTORICAL_ROLLING_PSEUDO_OOS,NEXT_BAR_OPEN_PROXY,NON_GATE_PAIRS,19,16,22,19,3,0.13636363636363635,19,-26.871507143206294,-19.667018101714415,0.10526315789473684,0.011206431534845171,21.76396666286796,60.0,0.011206431534845171,8.174679932240192,21.76396666286796,21.061160427847668,60.0,15.0,0.02062839648129458,70,0,-39.264600963070485,-15.69637441685147,-43.712974720729825,-12.888975646128456,-43.712974720729825,-12.888975646128456,DAY_BLOCK_BOOTSTRAP,0.95,2000
bitget/okx,100,80,NO_GATE_REGIME_FILTER,HISTORICAL_ROLLING_PSEUDO_OOS,NEXT_BAR_OPEN_PROXY,NON_GATE_PAIRS,19,16,22,19,3,0.13636363636363635,19,-66.87150714320629,-59.66701810171442,0.0,0.011206431534845171,21.76396666286796,60.0,0.011206431534845171,8.174679932240192,21.76396666286796,21.061160427847668,60.0,15.0,0.02062839648129458,70,0,-79.81990910268662,-56.66693593527556,-83.49433416347672,-52.88897564612846,-83.49433416347672,-52.88897564612846,DAY_BLOCK_BOOTSTRAP,0.95,2000
bitget/okx,150,20,NO_GATE_REGIME_FILTER,HISTORICAL_ROLLING_PSEUDO_OOS,NEXT_BAR_OPEN_PROXY,NON_GATE_PAIRS,19,19,5,5,0,0.0,5,2.017154017138546,14.719975149999357,0.6,3.115577549740678,38.142238242672825,54.0,3.115577549740678,36.514150604047835,38.142238242672825,36.514150604047835,54.0,15.0,0.004891776473928799,11,0,-32.15647470808011,33.13559530524963,-60.8204474383447,45.3540566782307,-60.8204474383447,45.3540566782307,DAY_BLOCK_BOOTSTRAP,0.95,2000
bitget/okx,150,40,NO_GATE_REGIME_FILTER,HISTORICAL_ROLLING_PSEUDO_OOS,NEXT_BAR_OPEN_PROXY,NON_GATE_PAIRS,19,19,5,5,0,0.0,5,-17.982845982861456,-5.280024850000643,0.4,3.115577549740678,38.142238242672825,54.0,3.115577549740678,36.514150604047835,38.142238242672825,36.514150604047835,54.0,15.0,0.004891776473928799,11,0,-54.32583132384534,12.71917052528874,-80.8204474383447,25.35405667823069,-80.8204474383447,25.35405667823069,DAY_BLOCK_BOOTSTRAP,0.95,2000
bitget/okx,150,80,NO_GATE_REGIME_FILTER,HISTORICAL_ROLLING_PSEUDO_OOS,NEXT_BAR_OPEN_PROXY,NON_GATE_PAIRS,19,19,5,5,0,0.0,5,-57.982845982861456,-45.28002485000064,0.0,3.115577549740678,38.142238242672825,54.0,3.115577549740678,36.514150604047835,38.142238242672825,36.514150604047835,54.0,15.0,0.004891776473928799,11,0,-92.15647470808013,-25.111472858946033,-120.82044743834471,-14.645943321769309,-120.82044743834471,-14.645943321769309,DAY_BLOCK_BOOTSTRAP,0.95,2000
bitget/okx,200,20,NO_GATE_REGIME_FILTER,HISTORICAL_ROLLING_PSEUDO_OOS,NEXT_BAR_OPEN_PROXY,NON_GATE_PAIRS,19,19,1,1,0,0.0,1,-14.591029724643441,-14.591029724643441,0.0,-52.57703794698587,57.72119952864641,60.0,-52.57703794698587,-52.57703794698587,57.72119952864641,57.72119952864641,60.0,60.0,0.0010851871947911015,2,0,-14.591029724643441,-14.591029724643441,-14.591029724643441,-14.591029724643441,-14.591029724643441,-14.591029724643441,DAY_BLOCK_BOOTSTRAP,0.95,2000
bitget/okx,200,40,NO_GATE_REGIME_FILTER,HISTORICAL_ROLLING_PSEUDO_OOS,NEXT_BAR_OPEN_PROXY,NON_GATE_PAIRS,19,19,1,1,0,0.0,1,-34.59102972464344,-34.59102972464344,0.0,-52.57703794698587,57.72119952864641,60.0,-52.57703794698587,-52.57703794698587,57.72119952864641,57.72119952864641,60.0,60.0,0.0010851871947911015,2,0,-34.59102972464344,-34.59102972464344,-34.59102972464344,-34.59102972464344,-34.59102972464344,-34.59102972464344,DAY_BLOCK_BOOTSTRAP,0.95,2000
bitget/okx,200,80,NO_GATE_REGIME_FILTER,HISTORICAL_ROLLING_PSEUDO_OOS,NEXT_BAR_OPEN_PROXY,NON_GATE_PAIRS,19,19,1,1,0,0.0,1,-74.59102972464345,-74.59102972464345,0.0,-52.57703794698587,57.72119952864641,60.0,-52.57703794698587,-52.57703794698587,57.72119952864641,57.72119952864641,60.0,60.0,0.0010851871947911015,2,0,-74.59102972464345,-74.59102972464345,-74.59102972464345,-74.59102972464345,-74.59102972464345,-74.59102972464345,DAY_BLOCK_BOOTSTRAP,0.95,2000
gate/hyperliquid,100,20,GATE_CAUSAL_ALLOWED_NORMAL_TRANSIENT,HISTORICAL_ROLLING_PSEUDO_OOS,NEXT_BAR_OPEN_PROXY,GATE_PAIRS,19,11,51,39,12,0.23529411764705882,39,8.781449441334459,0.6249557347614214,0.5128205128205128,-4.310129452116596,30.281080318434558,250.3846153846154,-4.310129452116596,1.3626587809212332,30.281080318434558,19.167428021642507,250.3846153846154,45.0,0.17661421595225177,1777,0,-0.6775213674820038,19.45600748462178,-1.9678848515582985,26.93203556835405,-1.9678848515582985,26.93203556835405,DAY_BLOCK_BOOTSTRAP,0.95,2000
gate/hyperliquid,100,40,GATE_CAUSAL_ALLOWED_NORMAL_TRANSIENT,HISTORICAL_ROLLING_PSEUDO_OOS,NEXT_BAR_OPEN_PROXY,GATE_PAIRS,19,11,51,39,12,0.23529411764705882,39,-11.218550558665545,-19.37504426523858,0.20512820512820512,-4.310129452116596,30.281080318434558,250.3846153846154,-4.310129452116596,1.3626587809212332,30.281080318434558,19.167428021642507,250.3846153846154,45.0,0.17661421595225177,1777,0,-20.506279940462417,0.47368405922735535,-21.704092226884438,5.559859073830794,-21.704092226884438,5.559859073830794,DAY_BLOCK_BOOTSTRAP,0.95,2000
gate/hyperliquid,100,80,GATE_CAUSAL_ALLOWED_NORMAL_TRANSIENT,HISTORICAL_ROLLING_PSEUDO_OOS,NEXT_BAR_OPEN_PROXY,GATE_PAIRS,19,11,51,39,12,0.23529411764705882,39,-51.218550558665555,-59.37504426523858,0.10256410256410256,-4.310129452116596,30.281080318434558,250.3846153846154,-4.310129452116596,1.3626587809212332,30.281080318434558,19.167428021642507,250.3846153846154,45.0,0.17661421595225177,1777,0,-60.7814119216397,-40.4960313870456,-61.851929081120936,-33.840066167972566,-61.851929081120936,-33.840066167972566,DAY_BLOCK_BOOTSTRAP,0.95,2000
gate/hyperliquid,150,20,GATE_CAUSAL_ALLOWED_NORMAL_TRANSIENT,HISTORICAL_ROLLING_PSEUDO_OOS,NEXT_BAR_OPEN_PROXY,GATE_PAIRS,19,9,63,54,9,0.14285714285714285,54,1.7283391863128617,-5.764953942825095,0.3333333333333333,-11.112402797739867,23.911914371124425,208.05555555555554,-11.112402797739867,-4.193500789319571,23.911914371124425,16.97838257488926,208.05555555555554,60.0,0.20320130222463376,1368,0,-3.7406563609990866,8.030043480500824,-3.9308400497610823,9.984004718272425,-3.9308400497610823,9.984004718272425,DAY_BLOCK_BOOTSTRAP,0.95,2000
gate/hyperliquid,150,40,GATE_CAUSAL_ALLOWED_NORMAL_TRANSIENT,HISTORICAL_ROLLING_PSEUDO_OOS,NEXT_BAR_OPEN_PROXY,GATE_PAIRS,19,9,63,54,9,0.14285714285714285,54,-18.271660813687138,-25.764953942825095,0.16666666666666666,-11.112402797739867,23.911914371124425,208.05555555555554,-11.112402797739867,-4.193500789319571,23.911914371124425,16.97838257488926,208.05555555555554,60.0,0.20320130222463376,1368,0,-23.696413329427735,-11.773627414216682,-23.911666817058435,-10.465429342739824,-23.911666817058435,-10.465429342739824,DAY_BLOCK_BOOTSTRAP,0.95,2000
gate/hyperliquid,150,80,GATE_CAUSAL_ALLOWED_NORMAL_TRANSIENT,HISTORICAL_ROLLING_PSEUDO_OOS,NEXT_BAR_OPEN_PROXY,GATE_PAIRS,19,9,63,54,9,0.14285714285714285,54,-58.27166081368713,-65.76495394282509,0.018518518518518517,-11.112402797739867,23.911914371124425,208.05555555555554,-11.112402797739867,-4.193500789319571,23.911914371124425,16.97838257488926,208.05555555555554,60.0,0.20320130222463376,1368,0,-63.78468065021977,-52.26386654826139,-63.8611388978526,-50.16386032153818,-63.8611388978526,-50.16386032153818,DAY_BLOCK_BOOTSTRAP,0.95,2000
gate/hyperliquid,200,20,GATE_CAUSAL_ALLOWED_NORMAL_TRANSIENT,HISTORICAL_ROLLING_PSEUDO_OOS,NEXT_BAR_OPEN_PROXY,GATE_PAIRS,19,7,81,75,6,0.07407407407407407,75,-5.384664576545653,-8.768585425537633,0.22666666666666666,-6.295984736612341,16.921059481282718,123.0,-6.295984736612341,1.3450378832180476,16.921059481282718,13.568287617413688,123.0,30.0,0.1671792723623063,582,0,-8.32182701458372,-1.9332920010488612,-8.005761257143922,-1.6648009397004897,-8.005761257143922,-1.6648009397004897,DAY_BLOCK_BOOTSTRAP,0.95,2000
gate/hyperliquid,200,40,GATE_CAUSAL_ALLOWED_NORMAL_TRANSIENT,HISTORICAL_ROLLING_PSEUDO_OOS,NEXT_BAR_OPEN_PROXY,GATE_PAIRS,19,7,81,75,6,0.07407407407407407,75,-25.384664576545653,-28.768585425537633,0.08,-6.295984736612341,16.921059481282718,123.0,-6.295984736612341,1.3450378832180476,16.921059481282718,13.568287617413688,123.0,30.0,0.1671792723623063,582,0,-28.431336961844877,-21.969445912627094,-28.09921619580045,-21.201027069901407,-28.09921619580045,-21.201027069901407,DAY_BLOCK_BOOTSTRAP,0.95,2000
gate/hyperliquid,200,80,GATE_CAUSAL_ALLOWED_NORMAL_TRANSIENT,HISTORICAL_ROLLING_PSEUDO_OOS,NEXT_BAR_OPEN_PROXY,GATE_PAIRS,19,7,81,75,6,0.07407407407407407,75,-65.38466457654567,-68.76858542553764,0.0,-6.295984736612341,16.921059481282718,123.0,-6.295984736612341,1.3450378832180476,16.921059481282718,13.568287617413688,123.0,30.0,0.1671792723623063,582,0,-68.24722837953868,-62.00481480844652,-68.0323389549921,-61.4802784545063,-68.0323389549921,-61.4802784545063,DAY_BLOCK_BOOTSTRAP,0.95,2000
gate/okx,100,20,GATE_CAUSAL_ALLOWED_NORMAL_TRANSIENT,HISTORICAL_ROLLING_PSEUDO_OOS,NEXT_BAR_OPEN_PROXY,GATE_PAIRS,19,16,41,31,10,0.24390243902439024,31,5.816769470492352,-0.8332574065694587,0.4838709677419355,-2.8680290412614657,28.094044954760324,243.38709677419354,-2.8680290412614657,-2.007286320155899,28.094044954760324,22.08898813720994,243.38709677419354,30.0,0.13646228974498098,1624,0,-3.618353190521616,18.13891771856869,-3.3220625460964057,22.23162263199302,-3.3220625460964057,22.23162263199302,DAY_BLOCK_BOOTSTRAP,0.95,2000
gate/okx,100,40,GATE_CAUSAL_ALLOWED_NORMAL_TRANSIENT,HISTORICAL_ROLLING_PSEUDO_OOS,NEXT_BAR_OPEN_PROXY,GATE_PAIRS,19,16,41,31,10,0.24390243902439024,31,-14.183230529507647,-20.83325740656946,0.16129032258064516,-2.8680290412614657,28.094044954760324,243.38709677419354,-2.8680290412614657,-2.007286320155899,28.094044954760324,22.08898813720994,243.38709677419354,30.0,0.13646228974498098,1624,0,-23.848346129302467,-2.821236650496034,-23.117783101044818,0.6032456916153882,-23.117783101044818,0.6032456916153882,DAY_BLOCK_BOOTSTRAP,0.95,2000
gate/okx,100,80,GATE_CAUSAL_ALLOWED_NORMAL_TRANSIENT,HISTORICAL_ROLLING_PSEUDO_OOS,NEXT_BAR_OPEN_PROXY,GATE_PAIRS,19,16,41,31,10,0.24390243902439024,31,-54.18323052950765,-60.83325740656946,0.0967741935483871,-2.8680290412614657,28.094044954760324,243.38709677419354,-2.8680290412614657,-2.007286320155899,28.094044954760324,22.08898813720994,243.38709677419354,30.0,0.13646228974498098,1624,0,-63.814630688088855,-41.827387000741794,-63.47359269066857,-39.3913179299873,-63.47359269066857,-39.3913179299873,DAY_BLOCK_BOOTSTRAP,0.95,2000
gate/okx,150,20,GATE_CAUSAL_ALLOWED_NORMAL_TRANSIENT,HISTORICAL_ROLLING_PSEUDO_OOS,NEXT_BAR_OPEN_PROXY,GATE_PAIRS,19,10,77,69,8,0.1038961038961039,69,-3.8445859013542942,-6.827550995072134,0.2463768115942029,-5.2082336031905045,19.728294614764952,157.6086956521739,-5.2082336031905045,-3.653248732173875,19.728294614764952,13.547011991588143,157.6086956521739,45.0,0.19695725880590048,1055,0,-7.338568184505301,-0.07411325194698842,-7.417611211447366,1.6978128272950286,-7.417611211447366,1.6978128272950286,DAY_BLOCK_BOOTSTRAP,0.95,2000
gate/okx,150,40,GATE_CAUSAL_ALLOWED_NORMAL_TRANSIENT,HISTORICAL_ROLLING_PSEUDO_OOS,NEXT_BAR_OPEN_PROXY,GATE_PAIRS,19,10,77,69,8,0.1038961038961039,69,-23.844585901354296,-26.827550995072134,0.08695652173913043,-5.2082336031905045,19.728294614764952,157.6086956521739,-5.2082336031905045,-3.653248732173875,19.728294614764952,13.547011991588143,157.6086956521739,45.0,0.19695725880590048,1055,0,-27.178983894958456,-20.214077127570402,-27.53403389734609,-18.271455307864958,-27.53403389734609,-18.271455307864958,DAY_BLOCK_BOOTSTRAP,0.95,2000
gate/okx,150,80,GATE_CAUSAL_ALLOWED_NORMAL_TRANSIENT,HISTORICAL_ROLLING_PSEUDO_OOS,NEXT_BAR_OPEN_PROXY,GATE_PAIRS,19,10,77,69,8,0.1038961038961039,69,-63.8445859013543,-66.82755099507213,0.0,-5.2082336031905045,19.728294614764952,157.6086956521739,-5.2082336031905045,-3.653248732173875,19.728294614764952,13.547011991588143,157.6086956521739,45.0,0.19695725880590048,1055,0,-67.20384768969431,-60.199559574532984,-67.34235233471597,-58.077345189378995,-67.34235233471597,-58.077345189378995,DAY_BLOCK_BOOTSTRAP,0.95,2000
gate/okx,200,20,GATE_CAUSAL_ALLOWED_NORMAL_TRANSIENT,HISTORICAL_ROLLING_PSEUDO_OOS,NEXT_BAR_OPEN_PROXY,GATE_PAIRS,19,10,54,53,1,0.018518518518518517,53,-6.3972396386444395,-12.205422087356848,0.20754716981132076,-6.365220707219563,17.037812915427462,135.8490566037736,-6.365220707219563,0.21035710798700258,17.037812915427462,9.407244481781651,135.8490566037736,30.0,0.1306371398289003,401,0,-12.079489781537477,-0.05117007770465205,-12.038101943469771,6.113981206496064,-12.038101943469771,6.113981206496064,DAY_BLOCK_BOOTSTRAP,0.95,2000
gate/okx,200,40,GATE_CAUSAL_ALLOWED_NORMAL_TRANSIENT,HISTORICAL_ROLLING_PSEUDO_OOS,NEXT_BAR_OPEN_PROXY,GATE_PAIRS,19,10,54,53,1,0.018518518518518517,53,-26.397239638644436,-32.20542208735685,0.07547169811320754,-6.365220707219563,17.037812915427462,135.8490566037736,-6.365220707219563,0.21035710798700258,17.037812915427462,9.407244481781651,135.8490566037736,30.0,0.1306371398289003,401,0,-31.799247717760146,-19.80895183618324,-32.0898680552037,-14.91982961813219,-32.0898680552037,-14.91982961813219,DAY_BLOCK_BOOTSTRAP,0.95,2000
gate/okx,200,80,GATE_CAUSAL_ALLOWED_NORMAL_TRANSIENT,HISTORICAL_ROLLING_PSEUDO_OOS,NEXT_BAR_OPEN_PROXY,GATE_PAIRS,19,10,54,53,1,0.018518518518518517,53,-66.39723963864444,-72.20542208735685,0.018867924528301886,-6.365220707219563,17.037812915427462,135.8490566037736,-6.365220707219563,0.21035710798700258,17.037812915427462,9.407244481781651,135.8490566037736,30.0,0.1306371398289003,401,0,-72.08283869553969,-60.01540193573389,-71.99972434542029,-54.31244890806636,-71.99972434542029,-54.31244890806636,DAY_BLOCK_BOOTSTRAP,0.95,2000
hyperliquid/okx,100,20,NO_GATE_REGIME_FILTER,HISTORICAL_ROLLING_PSEUDO_OOS,NEXT_BAR_OPEN_PROXY,NON_GATE_PAIRS,19,19,2,2,0,0.0,2,3.5241302694105805,3.5241302694105805,0.5,12.851524136404114,22.73092737376359,22.5,12.851524136404114,12.851524136404114,22.73092737376359,22.73092737376359,22.5,22.5,0.0008138903960933262,0,0,-1.950885185630895,8.999145724452056,-1.950885185630895,8.999145724452056,-1.950885185630895,8.999145724452056,DAY_BLOCK_BOOTSTRAP,0.95,2000
hyperliquid/okx,100,40,NO_GATE_REGIME_FILTER,HISTORICAL_ROLLING_PSEUDO_OOS,NEXT_BAR_OPEN_PROXY,NON_GATE_PAIRS,19,19,2,2,0,0.0,2,-16.47586973058942,-16.47586973058942,0.0,12.851524136404114,22.73092737376359,22.5,12.851524136404114,12.851524136404114,22.73092737376359,22.73092737376359,22.5,22.5,0.0008138903960933262,0,0,-21.950885185630895,-11.000854275547944,-21.950885185630895,-11.000854275547944,-21.950885185630895,-11.000854275547944,DAY_BLOCK_BOOTSTRAP,0.95,2000
hyperliquid/okx,100,80,NO_GATE_REGIME_FILTER,HISTORICAL_ROLLING_PSEUDO_OOS,NEXT_BAR_OPEN_PROXY,NON_GATE_PAIRS,19,19,2,2,0,0.0,2,-56.47586973058942,-56.47586973058942,0.0,12.851524136404114,22.73092737376359,22.5,12.851524136404114,12.851524136404114,22.73092737376359,22.73092737376359,22.5,22.5,0.0008138903960933262,0,0,-61.950885185630895,-51.000854275547944,-61.950885185630895,-51.000854275547944,-61.950885185630895,-51.000854275547944,DAY_BLOCK_BOOTSTRAP,0.95,2000
hyperliquid/okx,150,20,NO_GATE_REGIME_FILTER,HISTORICAL_ROLLING_PSEUDO_OOS,NEXT_BAR_OPEN_PROXY,NON_GATE_PAIRS,19,19,0,0,0,,0,,,,,,,,,,,,,0.0,0,0,,,,,,,DAY_BLOCK_BOOTSTRAP,0.95,2000
hyperliquid/okx,150,40,NO_GATE_REGIME_FILTER,HISTORICAL_ROLLING_PSEUDO_OOS,NEXT_BAR_OPEN_PROXY,NON_GATE_PAIRS,19,19,0,0,0,,0,,,,,,,,,,,,,0.0,0,0,,,,,,,DAY_BLOCK_BOOTSTRAP,0.95,2000
hyperliquid/okx,150,80,NO_GATE_REGIME_FILTER,HISTORICAL_ROLLING_PSEUDO_OOS,NEXT_BAR_OPEN_PROXY,NON_GATE_PAIRS,19,19,0,0,0,,0,,,,,,,,,,,,,0.0,0,0,,,,,,,DAY_BLOCK_BOOTSTRAP,0.95,2000
hyperliquid/okx,200,20,NO_GATE_REGIME_FILTER,HISTORICAL_ROLLING_PSEUDO_OOS,NEXT_BAR_OPEN_PROXY,NON_GATE_PAIRS,19,19,0,0,0,,0,,,,,,,,,,,,,0.0,0,0,,,,,,,DAY_BLOCK_BOOTSTRAP,0.95,2000
hyperliquid/okx,200,40,NO_GATE_REGIME_FILTER,HISTORICAL_ROLLING_PSEUDO_OOS,NEXT_BAR_OPEN_PROXY,NON_GATE_PAIRS,19,19,0,0,0,,0,,,,,,,,,,,,,0.0,0,0,,,,,,,DAY_BLOCK_BOOTSTRAP,0.95,2000
hyperliquid/okx,200,80,NO_GATE_REGIME_FILTER,HISTORICAL_ROLLING_PSEUDO_OOS,NEXT_BAR_OPEN_PROXY,NON_GATE_PAIRS,19,19,0,0,0,,0,,,,,,,,,,,,,0.0,0,0,,,,,,,DAY_BLOCK_BOOTSTRAP,0.95,2000
ALL_GATE_PAIRS,100,20,GATE_CAUSAL_ALLOWED_NORMAL_TRANSIENT,HISTORICAL_ROLLING_PSEUDO_OOS,NEXT_BAR_OPEN_PROXY,GATE_PAIRS,19,54,213,163,50,0.2347417840375587,163,6.956147994124932,-2.0667521841266456,0.44785276073619634,-2.5465425423153465,27.972388892090414,214.23312883435582,-2.5465425423153465,-1.3605672960848025,27.972388892090414,19.306456152505813,214.23312883435582,45.0,0.15799278322401802,6159,106,2.3298895919189437,11.840451526679168,0.6722757020513366,15.523006368322676,0.6722757020513366,15.523006368322676,DAY_BLOCK_BOOTSTRAP,0.95,2000
ALL_GATE_PAIRS,100,40,GATE_CAUSAL_ALLOWED_NORMAL_TRANSIENT,HISTORICAL_ROLLING_PSEUDO_OOS,NEXT_BAR_OPEN_PROXY,GATE_PAIRS,19,54,213,163,50,0.2347417840375587,163,-13.043852005875069,-22.066752184126646,0.19631901840490798,-2.5465425423153465,27.972388892090414,214.23312883435582,-2.5465425423153465,-1.3605672960848025,27.972388892090414,19.306456152505813,214.23312883435582,45.0,0.15799278322401802,6159,106,-17.775405254176256,-7.778491781306606,-18.6340532422161,-3.8958434801668136,-18.6340532422161,-3.8958434801668136,DAY_BLOCK_BOOTSTRAP,0.95,2000
ALL_GATE_PAIRS,100,80,GATE_CAUSAL_ALLOWED_NORMAL_TRANSIENT,HISTORICAL_ROLLING_PSEUDO_OOS,NEXT_BAR_OPEN_PROXY,GATE_PAIRS,19,54,213,163,50,0.2347417840375587,163,-53.04385200587506,-62.06675218412664,0.07975460122699386,-2.5465425423153465,27.972388892090414,214.23312883435582,-2.5465425423153465,-1.3605672960848025,27.972388892090414,19.306456152505813,214.23312883435582,45.0,0.15799278322401802,6159,106,-57.74197163901819,-48.25397862208756,-58.88896332245187,-44.35454480520503,-58.88896332245187,-44.35454480520503,DAY_BLOCK_BOOTSTRAP,0.95,2000
ALL_GATE_PAIRS,150,20,GATE_CAUSAL_ALLOWED_NORMAL_TRANSIENT,HISTORICAL_ROLLING_PSEUDO_OOS,NEXT_BAR_OPEN_PROXY,GATE_PAIRS,19,39,276,247,29,0.10507246376811594,247,-2.3077885685191957,-6.8117210770745995,0.29554655870445345,-4.437693314759836,20.090581864702507,151.76113360323887,-4.437693314759836,-2.795921684306535,20.090581864702507,14.487529548664613,151.76113360323887,45.0,0.16966768250683864,3777,186,-4.555406524285943,0.09998408517273603,-5.413673651356642,1.0990218291897629,-5.413673651356642,1.0990218291897629,DAY_BLOCK_BOOTSTRAP,0.95,2000
ALL_GATE_PAIRS,150,40,GATE_CAUSAL_ALLOWED_NORMAL_TRANSIENT,HISTORICAL_ROLLING_PSEUDO_OOS,NEXT_BAR_OPEN_PROXY,GATE_PAIRS,19,39,276,247,29,0.10507246376811594,247,-22.307788568519193,-26.8117210770746,0.10931174089068826,-4.437693314759836,20.090581864702507,151.76113360323887,-4.437693314759836,-2.795921684306535,20.090581864702507,14.487529548664613,151.76113360323887,45.0,0.16966768250683864,3777,186,-24.39092641548329,-19.988897527033235,-25.313701992940874,-18.742360943063495,-25.313701992940874,-18.742360943063495,DAY_BLOCK_BOOTSTRAP,0.95,2000
ALL_GATE_PAIRS,150,80,GATE_CAUSAL_ALLOWED_NORMAL_TRANSIENT,HISTORICAL_ROLLING_PSEUDO_OOS,NEXT_BAR_OPEN_PROXY,GATE_PAIRS,19,39,276,247,29,0.10507246376811594,247,-62.30778856851919,-66.8117210770746,0.012145748987854251,-4.437693314759836,20.090581864702507,151.76113360323887,-4.437693314759836,-2.795921684306535,20.090581864702507,14.487529548664613,151.76113360323887,45.0,0.16966768250683864,3777,186,-64.4688060043472,-60.06877332458902,-65.36526108098403,-58.77676080695962,-65.36526108098403,-58.77676080695962,DAY_BLOCK_BOOTSTRAP,0.95,2000
ALL_GATE_PAIRS,200,20,GATE_CAUSAL_ALLOWED_NORMAL_TRANSIENT,HISTORICAL_ROLLING_PSEUDO_OOS,NEXT_BAR_OPEN_PROXY,GATE_PAIRS,19,47,190,182,8,0.042105263157894736,182,-5.234336668302899,-9.742224114094848,0.23626373626373626,-4.243842617377857,17.035660283105795,117.52747252747253,-4.243842617377857,0.4139504677636019,17.035660283105795,11.427112911875925,117.52747252747253,30.0,0.09699598536965244,1231,123,-7.837790819208873,-2.754573304206706,-9.086537749347059,-0.035241750754655056,-9.086537749347059,-0.035241750754655056,DAY_BLOCK_BOOTSTRAP,0.95,2000
ALL_GATE_PAIRS,200,40,GATE_CAUSAL_ALLOWED_NORMAL_TRANSIENT,HISTORICAL_ROLLING_PSEUDO_OOS,NEXT_BAR_OPEN_PROXY,GATE_PAIRS,19,47,190,182,8,0.042105263157894736,182,-25.234336668302902,-29.742224114094846,0.08791208791208792,-4.243842617377857,17.035660283105795,117.52747252747253,-4.243842617377857,0.4139504677636019,17.035660283105795,11.427112911875925,117.52747252747253,30.0,0.09699598536965244,1231,123,-27.75402466323459,-22.455387844139743,-29.04218284807243,-20.006385413020183,-29.04218284807243,-20.006385413020183,DAY_BLOCK_BOOTSTRAP,0.95,2000
ALL_GATE_PAIRS,200,80,GATE_CAUSAL_ALLOWED_NORMAL_TRANSIENT,HISTORICAL_ROLLING_PSEUDO_OOS,NEXT_BAR_OPEN_PROXY,GATE_PAIRS,19,47,190,182,8,0.042105263157894736,182,-65.2343366683029,-69.74222411409485,0.005494505494505495,-4.243842617377857,17.035660283105795,117.52747252747253,-4.243842617377857,0.4139504677636019,17.035660283105795,11.427112911875925,117.52747252747253,30.0,0.09699598536965244,1231,123,-67.73493025574123,-62.59715234242547,-68.83756054596527,-60.25193636807732,-68.83756054596527,-60.25193636807732,DAY_BLOCK_BOOTSTRAP,0.95,2000
ALL_NON_GATE_PAIRS,100,20,NO_GATE_REGIME_FILTER,HISTORICAL_ROLLING_PSEUDO_OOS,NEXT_BAR_OPEN_PROXY,NON_GATE_PAIRS,19,102,119,108,11,0.09243697478991597,108,-7.447424942395291,-9.009240649589746,0.2962962962962963,-4.1537384828448145,19.976925802731103,73.61111111111111,-4.1537384828448145,2.299638015447747,19.976925802731103,15.271431434273897,73.61111111111111,30.0,0.023975561734312815,468,66,-11.031008930373698,-4.296643203358764,-10.085939193648212,-4.282143833308703,-10.085939193648212,-4.282143833308703,DAY_BLOCK_BOOTSTRAP,0.95,2000
ALL_NON_GATE_PAIRS,100,40,NO_GATE_REGIME_FILTER,HISTORICAL_ROLLING_PSEUDO_OOS,NEXT_BAR_OPEN_PROXY,NON_GATE_PAIRS,19,102,119,108,11,0.09243697478991597,108,-27.44742494239529,-29.009240649589746,0.046296296296296294,-4.1537384828448145,19.976925802731103,73.61111111111111,-4.1537384828448145,2.299638015447747,19.976925802731103,15.271431434273897,73.61111111111111,30.0,0.023975561734312815,468,66,-30.893506564956212,-24.258410134288983,-30.28448009375872,-24.16135555003613,-30.28448009375872,-24.16135555003613,DAY_BLOCK_BOOTSTRAP,0.95,2000
ALL_NON_GATE_PAIRS,100,80,NO_GATE_REGIME_FILTER,HISTORICAL_ROLLING_PSEUDO_OOS,NEXT_BAR_OPEN_PROXY,NON_GATE_PAIRS,19,102,119,108,11,0.09243697478991597,108,-67.44742494239529,-69.00924064958974,0.0,-4.1537384828448145,19.976925802731103,73.61111111111111,-4.1537384828448145,2.299638015447747,19.976925802731103,15.271431434273897,73.61111111111111,30.0,0.023975561734312815,468,66,-70.88825006091345,-64.34602925764781,-70.34112846895628,-64.246604834182,-70.34112846895628,-64.246604834182,DAY_BLOCK_BOOTSTRAP,0.95,2000
ALL_NON_GATE_PAIRS,150,20,NO_GATE_REGIME_FILTER,HISTORICAL_ROLLING_PSEUDO_OOS,NEXT_BAR_OPEN_PROXY,NON_GATE_PAIRS,19,114,25,22,3,0.12,22,11.434718492732728,20.38731084683552,0.6818181818181818,-7.053755548276263,41.84123226725864,75.0,-7.053755548276263,-11.70560636611584,41.84123226725864,45.15951758563563,75.0,37.5,0.0049791630938893095,100,14,-0.4614707604960106,22.31223878057002,0.7271937997927699,30.689391418635843,0.7271937997927699,30.689391418635843,DAY_BLOCK_BOOTSTRAP,0.95,2000
ALL_NON_GATE_PAIRS,150,40,NO_GATE_REGIME_FILTER,HISTORICAL_ROLLING_PSEUDO_OOS,NEXT_BAR_OPEN_PROXY,NON_GATE_PAIRS,19,114,25,22,3,0.12,22,-8.565281507267274,0.3873108468355184,0.5,-7.053755548276263,41.84123226725864,75.0,-7.053755548276263,-11.70560636611584,41.84123226725864,45.15951758563563,75.0,37.5,0.0049791630938893095,100,14,-20.052183916378645,2.146685758918286,-19.075789183197685,10.689391418635845,-19.075789183197685,10.689391418635845,DAY_BLOCK_BOOTSTRAP,0.95,2000
ALL_NON_GATE_PAIRS,150,80,NO_GATE_REGIME_FILTER,HISTORICAL_ROLLING_PSEUDO_OOS,NEXT_BAR_OPEN_PROXY,NON_GATE_PAIRS,19,114,25,22,3,0.12,22,-48.56528150726728,-39.61268915316448,0.0,-7.053755548276263,41.84123226725864,75.0,-7.053755548276263,-11.70560636611584,41.84123226725864,45.15951758563563,75.0,37.5,0.0049791630938893095,100,14,-60.15449477218394,-37.98767781377567,-59.075789183197685,-29.31060858136416,-59.075789183197685,-29.31060858136416,DAY_BLOCK_BOOTSTRAP,0.95,2000
ALL_NON_GATE_PAIRS,200,20,NO_GATE_REGIME_FILTER,HISTORICAL_ROLLING_PSEUDO_OOS,NEXT_BAR_OPEN_PROXY,NON_GATE_PAIRS,19,114,13,12,1,0.07692307692307693,12,5.041414792668079,-1.0537491763184912,0.5,-15.234523428290515,36.9447703696274,41.25,-15.234523428290515,-6.347027246933479,36.9447703696274,25.92218409418423,41.25,37.5,0.001494240917179975,12,8,-7.789954954384188,19.68787636065462,1.9974624885105914,8.085367096825564,1.9974624885105914,8.085367096825564,DAY_BLOCK_BOOTSTRAP,0.95,2000
ALL_NON_GATE_PAIRS,200,40,NO_GATE_REGIME_FILTER,HISTORICAL_ROLLING_PSEUDO_OOS,NEXT_BAR_OPEN_PROXY,NON_GATE_PAIRS,19,114,13,12,1,0.07692307692307693,12,-14.958585207331923,-21.05374917631849,0.25,-15.234523428290515,36.9447703696274,41.25,-15.234523428290515,-6.347027246933479,36.9447703696274,25.92218409418423,41.25,37.5,0.001494240917179975,12,8,-28.120213716111284,-0.5654240864330381,-18.002537511489408,-11.914632903174436,-18.002537511489408,-11.914632903174436,DAY_BLOCK_BOOTSTRAP,0.95,2000
ALL_NON_GATE_PAIRS,200,80,NO_GATE_REGIME_FILTER,HISTORICAL_ROLLING_PSEUDO_OOS,NEXT_BAR_OPEN_PROXY,NON_GATE_PAIRS,19,114,13,12,1,0.07692307692307693,12,-54.95858520733193,-61.05374917631849,0.0,-15.234523428290515,36.9447703696274,41.25,-15.234523428290515,-6.347027246933479,36.9447703696274,25.92218409418423,41.25,37.5,0.001494240917179975,12,8,-67.1455917041952,-40.36048755462667,-58.0025375114894,-51.914632903174436,-58.0025375114894,-51.914632903174436,DAY_BLOCK_BOOTSTRAP,0.95,2000
