pair,signal_time,signal_regime,threshold_bps,cost_bps,entry_exec_time,exit_exec_time,holding_minutes,long_exchange,short_exchange,gross_price_pnl_bps,funding_pnl_bps,gross_pnl_bps,net_pnl_bps,mae_bps,mfe_bps,execution_model,status,fold_id,oos_kind,parameters_frozen
bitget/hyperliquid,2026-06-22 11:00:00+00:00,TRANSIENT_DISLOCATION,100.0,20.0,2026-06-22 11:15:00+00:00,2026-06-22 11:30:00+00:00,15.0,hyperliquid,bitget,12.615845246268798,0.0,12.615845246268798,-7.3841547537312024,13.640960571743577,13.640960571743577,NEXT_BAR_OPEN_PROXY,REALIZED,3,HISTORICAL_ROLLING_PSEUDO_OOS,True
bitget/hyperliquid,2026-06-22 23:45:00+00:00,TRANSIENT_DISLOCATION,100.0,20.0,2026-06-23 00:00:00+00:00,2026-06-23 03:15:00+00:00,195.0,hyperliquid,bitget,8.028770047477929,-12.974758,-4.945987952522071,-24.94598795252207,-32.64076850859055,7.507990961964639,NEXT_BAR_OPEN_PROXY,REALIZED,3,HISTORICAL_ROLLING_PSEUDO_OOS,True
bitget/hyperliquid,2026-06-22 11:00:00+00:00,TRANSIENT_DISLOCATION,100.0,40.0,2026-06-22 11:15:00+00:00,2026-06-22 11:30:00+00:00,15.0,hyperliquid,bitget,12.615845246268798,0.0,12.615845246268798,-27.384154753731202,13.640960571743577,13.640960571743577,NEXT_BAR_OPEN_PROXY,REALIZED,3,HISTORICAL_ROLLING_PSEUDO_OOS,True
bitget/hyperliquid,2026-06-22 23:45:00+00:00,TRANSIENT_DISLOCATION,100.0,40.0,2026-06-23 00:00:00+00:00,2026-06-23 03:15:00+00:00,195.0,hyperliquid,bitget,8.028770047477929,-12.974758,-4.945987952522071,-44.945987952522074,-32.64076850859055,7.507990961964639,NEXT_BAR_OPEN_PROXY,REALIZED,3,HISTORICAL_ROLLING_PSEUDO_OOS,True
bitget/hyperliquid,2026-06-22 11:00:00+00:00,TRANSIENT_DISLOCATION,100.0,80.0,2026-06-22 11:15:00+00:00,2026-06-22 11:30:00+00:00,15.0,hyperliquid,bitget,12.615845246268798,0.0,12.615845246268798,-67.3841547537312,13.640960571743577,13.640960571743577,NEXT_BAR_OPEN_PROXY,REALIZED,3,HISTORICAL_ROLLING_PSEUDO_OOS,True
bitget/hyperliquid,2026-06-22 23:45:00+00:00,TRANSIENT_DISLOCATION,100.0,80.0,2026-06-23 00:00:00+00:00,2026-06-23 03:15:00+00:00,195.0,hyperliquid,bitget,8.028770047477929,-12.974758,-4.945987952522071,-84.94598795252207,-32.64076850859055,7.507990961964639,NEXT_BAR_OPEN_PROXY,REALIZED,3,HISTORICAL_ROLLING_PSEUDO_OOS,True
bitget/gate,2026-06-28 00:45:00+00:00,TRANSIENT_DISLOCATION,100.0,20.0,2026-06-28 01:00:00+00:00,2026-06-28 05:45:00+00:00,285.0,bitget,gate,23.204906180163132,0.0,23.204906180163132,3.204906180163132,-17.65739287689083,23.204906180163132,NEXT_BAR_OPEN_PROXY,REALIZED,6,HISTORICAL_ROLLING_PSEUDO_OOS,True
bitget/gate,2026-06-28 00:45:00+00:00,TRANSIENT_DISLOCATION,100.0,40.0,2026-06-28 01:00:00+00:00,2026-06-28 05:45:00+00:00,285.0,bitget,gate,23.204906180163132,0.0,23.204906180163132,-16.795093819836868,-17.65739287689083,23.204906180163132,NEXT_BAR_OPEN_PROXY,REALIZED,6,HISTORICAL_ROLLING_PSEUDO_OOS,True
bitget/gate,2026-06-28 00:45:00+00:00,TRANSIENT_DISLOCATION,100.0,80.0,2026-06-28 01:00:00+00:00,2026-06-28 05:45:00+00:00,285.0,bitget,gate,23.204906180163132,0.0,23.204906180163132,-56.795093819836865,-17.65739287689083,23.204906180163132,NEXT_BAR_OPEN_PROXY,REALIZED,6,HISTORICAL_ROLLING_PSEUDO_OOS,True
gate/hyperliquid,2026-06-28 07:45:00+00:00,TRANSIENT_DISLOCATION,200.0,20.0,2026-06-28 08:00:00+00:00,2026-06-28 08:30:00+00:00,30.0,hyperliquid,gate,6.995722940070781,0.7853569999999999,7.78107994007078,-12.21892005992922,-6.141992232606697,6.995722940070781,NEXT_BAR_OPEN_PROXY,REALIZED,6,HISTORICAL_ROLLING_PSEUDO_OOS,True
gate/hyperliquid,2026-06-28 07:45:00+00:00,TRANSIENT_DISLOCATION,200.0,40.0,2026-06-28 08:00:00+00:00,2026-06-28 08:30:00+00:00,30.0,hyperliquid,gate,6.995722940070781,0.7853569999999999,7.78107994007078,-32.21892005992922,-6.141992232606697,6.995722940070781,NEXT_BAR_OPEN_PROXY,REALIZED,6,HISTORICAL_ROLLING_PSEUDO_OOS,True
gate/hyperliquid,2026-06-28 07:45:00+00:00,TRANSIENT_DISLOCATION,200.0,80.0,2026-06-28 08:00:00+00:00,2026-06-28 08:30:00+00:00,30.0,hyperliquid,gate,6.995722940070781,0.7853569999999999,7.78107994007078,-72.21892005992922,-6.141992232606697,6.995722940070781,NEXT_BAR_OPEN_PROXY,REALIZED,6,HISTORICAL_ROLLING_PSEUDO_OOS,True
gate/okx,2026-06-29 02:00:00+00:00,TRANSIENT_DISLOCATION,200.0,20.0,2026-06-29 02:15:00+00:00,2026-06-29 02:30:00+00:00,15.0,okx,gate,8.224927139925953,0.0,8.224927139925953,-11.775072860074047,8.224927139925953,8.224927139925953,NEXT_BAR_OPEN_PROXY,REALIZED,6,HISTORICAL_ROLLING_PSEUDO_OOS,True
gate/okx,2026-06-29 02:30:00+00:00,TRANSIENT_DISLOCATION,200.0,20.0,2026-06-29 02:45:00+00:00,2026-06-29 06:15:00+00:00,210.0,okx,gate,12.858782415918757,0.0,12.858782415918757,-7.141217584081243,-79.26351339485494,12.858782415918757,NEXT_BAR_OPEN_PROXY,REALIZED,6,HISTORICAL_ROLLING_PSEUDO_OOS,True
gate/okx,2026-06-29 02:00:00+00:00,TRANSIENT_DISLOCATION,200.0,40.0,2026-06-29 02:15:00+00:00,2026-06-29 02:30:00+00:00,15.0,okx,gate,8.224927139925953,0.0,8.224927139925953,-31.775072860074047,8.224927139925953,8.224927139925953,NEXT_BAR_OPEN_PROXY,REALIZED,6,HISTORICAL_ROLLING_PSEUDO_OOS,True
gate/okx,2026-06-29 02:30:00+00:00,TRANSIENT_DISLOCATION,200.0,40.0,2026-06-29 02:45:00+00:00,2026-06-29 06:15:00+00:00,210.0,okx,gate,12.858782415918757,0.0,12.858782415918757,-27.141217584081243,-79.26351339485494,12.858782415918757,NEXT_BAR_OPEN_PROXY,REALIZED,6,HISTORICAL_ROLLING_PSEUDO_OOS,True
gate/okx,2026-06-29 02:00:00+00:00,TRANSIENT_DISLOCATION,200.0,80.0,2026-06-29 02:15:00+00:00,2026-06-29 02:30:00+00:00,15.0,okx,gate,8.224927139925953,0.0,8.224927139925953,-71.77507286007405,8.224927139925953,8.224927139925953,NEXT_BAR_OPEN_PROXY,REALIZED,6,HISTORICAL_ROLLING_PSEUDO_OOS,True
gate/okx,2026-06-29 02:30:00+00:00,TRANSIENT_DISLOCATION,200.0,80.0,2026-06-29 02:45:00+00:00,2026-06-29 06:15:00+00:00,210.0,okx,gate,12.858782415918757,0.0,12.858782415918757,-67.14121758408125,-79.26351339485494,12.858782415918757,NEXT_BAR_OPEN_PROXY,REALIZED,6,HISTORICAL_ROLLING_PSEUDO_OOS,True
binance/gate,2026-06-29 13:45:00+00:00,NORMAL,100.0,20.0,2026-06-29 14:00:00+00:00,2026-06-30 04:00:00+00:00,840.0,binance,gate,69.52606151246377,12.590800000000002,82.11686151246377,62.11686151246377,-24.80169569960111,70.43902940705004,NEXT_BAR_OPEN_PROXY,REALIZED,7,HISTORICAL_ROLLING_PSEUDO_OOS,True
binance/gate,2026-06-30 06:15:00+00:00,NORMAL,100.0,20.0,2026-06-30 06:30:00+00:00,2026-06-30 06:45:00+00:00,15.0,binance,gate,48.41522636747197,0.0,48.41522636747197,28.415226367471973,48.4218950006754,48.4218950006754,NEXT_BAR_OPEN_PROXY,REALIZED,7,HISTORICAL_ROLLING_PSEUDO_OOS,True
binance/gate,2026-07-01 02:00:00+00:00,NORMAL,100.0,20.0,2026-07-01 02:15:00+00:00,2026-07-01 02:45:00+00:00,30.0,binance,gate,30.17243147920068,0.0,30.17243147920068,10.172431479200679,-10.200122400390033,31.02217291502063,NEXT_BAR_OPEN_PROXY,REALIZED,7,HISTORICAL_ROLLING_PSEUDO_OOS,True
binance/gate,2026-07-01 03:00:00+00:00,NORMAL,100.0,20.0,2026-07-01 03:15:00+00:00,2026-07-01 04:30:00+00:00,75.0,binance,gate,17.933247815873354,0.0,17.933247815873354,-2.0667521841266456,-5.5068002299185626,15.86743290169279,NEXT_BAR_OPEN_PROXY,REALIZED,7,HISTORICAL_ROLLING_PSEUDO_OOS,True
binance/gate,2026-06-29 13:45:00+00:00,NORMAL,100.0,40.0,2026-06-29 14:00:00+00:00,2026-06-30 04:00:00+00:00,840.0,binance,gate,69.52606151246377,12.590800000000002,82.11686151246377,42.11686151246377,-24.80169569960111,70.43902940705004,NEXT_BAR_OPEN_PROXY,REALIZED,7,HISTORICAL_ROLLING_PSEUDO_OOS,True
binance/gate,2026-06-30 06:15:00+00:00,NORMAL,100.0,40.0,2026-06-30 06:30:00+00:00,2026-06-30 06:45:00+00:00,15.0,binance,gate,48.41522636747197,0.0,48.41522636747197,8.415226367471973,48.4218950006754,48.4218950006754,NEXT_BAR_OPEN_PROXY,REALIZED,7,HISTORICAL_ROLLING_PSEUDO_OOS,True
binance/gate,2026-07-01 02:00:00+00:00,NORMAL,100.0,40.0,2026-07-01 02:15:00+00:00,2026-07-01 02:45:00+00:00,30.0,binance,gate,30.17243147920068,0.0,30.17243147920068,-9.827568520799321,-10.200122400390033,31.02217291502063,NEXT_BAR_OPEN_PROXY,REALIZED,7,HISTORICAL_ROLLING_PSEUDO_OOS,True
binance/gate,2026-07-01 03:00:00+00:00,NORMAL,100.0,40.0,2026-07-01 03:15:00+00:00,2026-07-01 04:30:00+00:00,75.0,binance,gate,17.933247815873354,0.0,17.933247815873354,-22.066752184126646,-5.5068002299185626,15.86743290169279,NEXT_BAR_OPEN_PROXY,REALIZED,7,HISTORICAL_ROLLING_PSEUDO_OOS,True
binance/gate,2026-06-29 13:45:00+00:00,NORMAL,100.0,80.0,2026-06-29 14:00:00+00:00,2026-06-30 04:00:00+00:00,840.0,binance,gate,69.52606151246377,12.590800000000002,82.11686151246377,2.116861512463771,-24.80169569960111,70.43902940705004,NEXT_BAR_OPEN_PROXY,REALIZED,7,HISTORICAL_ROLLING_PSEUDO_OOS,True
binance/gate,2026-06-30 06:15:00+00:00,NORMAL,100.0,80.0,2026-06-30 06:30:00+00:00,2026-06-30 06:45:00+00:00,15.0,binance,gate,48.41522636747197,0.0,48.41522636747197,-31.584773632528027,48.4218950006754,48.4218950006754,NEXT_BAR_OPEN_PROXY,REALIZED,7,HISTORICAL_ROLLING_PSEUDO_OOS,True
binance/gate,2026-07-01 02:00:00+00:00,NORMAL,100.0,80.0,2026-07-01 02:15:00+00:00,2026-07-01 02:45:00+00:00,30.0,binance,gate,30.17243147920068,0.0,30.17243147920068,-49.82756852079932,-10.200122400390033,31.02217291502063,NEXT_BAR_OPEN_PROXY,REALIZED,7,HISTORICAL_ROLLING_PSEUDO_OOS,True
binance/gate,2026-07-01 03:00:00+00:00,NORMAL,100.0,80.0,2026-07-01 03:15:00+00:00,2026-07-01 04:30:00+00:00,75.0,binance,gate,17.933247815873354,0.0,17.933247815873354,-62.06675218412664,-5.5068002299185626,15.86743290169279,NEXT_BAR_OPEN_PROXY,REALIZED,7,HISTORICAL_ROLLING_PSEUDO_OOS,True
gate/hyperliquid,2026-06-29 20:45:00+00:00,TRANSIENT_DISLOCATION,200.0,20.0,2026-06-29 21:00:00+00:00,2026-06-29 22:15:00+00:00,75.0,hyperliquid,gate,15.272828360730628,0.9104300000000002,16.18325836073063,-3.8167416392693703,-6.671628931581575,15.272828360730628,NEXT_BAR_OPEN_PROXY,REALIZED,7,HISTORICAL_ROLLING_PSEUDO_OOS,True
gate/hyperliquid,2026-07-01 08:00:00+00:00,TRANSIENT_DISLOCATION,200.0,20.0,2026-07-01 08:15:00+00:00,2026-07-01 09:15:00+00:00,60.0,hyperliquid,gate,0.8898530852696762,-2.108043,-1.2181899147303237,-21.218189914730324,-10.621454819377263,5.6645492570794875,NEXT_BAR_OPEN_PROXY,REALIZED,7,HISTORICAL_ROLLING_PSEUDO_OOS,True
gate/hyperliquid,2026-06-29 20:45:00+00:00,TRANSIENT_DISLOCATION,200.0,40.0,2026-06-29 21:00:00+00:00,2026-06-29 22:15:00+00:00,75.0,hyperliquid,gate,15.272828360730628,0.9104300000000002,16.18325836073063,-23.81674163926937,-6.671628931581575,15.272828360730628,NEXT_BAR_OPEN_PROXY,REALIZED,7,HISTORICAL_ROLLING_PSEUDO_OOS,True
gate/hyperliquid,2026-07-01 08:00:00+00:00,TRANSIENT_DISLOCATION,200.0,40.0,2026-07-01 08:15:00+00:00,2026-07-01 09:15:00+00:00,60.0,hyperliquid,gate,0.8898530852696762,-2.108043,-1.2181899147303237,-41.218189914730324,-10.621454819377263,5.6645492570794875,NEXT_BAR_OPEN_PROXY,REALIZED,7,HISTORICAL_ROLLING_PSEUDO_OOS,True
gate/hyperliquid,2026-06-29 20:45:00+00:00,TRANSIENT_DISLOCATION,200.0,80.0,2026-06-29 21:00:00+00:00,2026-06-29 22:15:00+00:00,75.0,hyperliquid,gate,15.272828360730628,0.9104300000000002,16.18325836073063,-63.81674163926937,-6.671628931581575,15.272828360730628,NEXT_BAR_OPEN_PROXY,REALIZED,7,HISTORICAL_ROLLING_PSEUDO_OOS,True
gate/hyperliquid,2026-07-01 08:00:00+00:00,TRANSIENT_DISLOCATION,200.0,80.0,2026-07-01 08:15:00+00:00,2026-07-01 09:15:00+00:00,60.0,hyperliquid,gate,0.8898530852696762,-2.108043,-1.2181899147303237,-81.21818991473032,-10.621454819377263,5.6645492570794875,NEXT_BAR_OPEN_PROXY,REALIZED,7,HISTORICAL_ROLLING_PSEUDO_OOS,True
binance/gate,2026-07-01 11:00:00+00:00,NORMAL,100.0,20.0,2026-07-01 11:15:00+00:00,2026-07-02 00:00:00+00:00,765.0,binance,gate,50.85240219762199,20.919199999999996,71.77160219762199,51.77160219762199,-26.85168735000465,53.18132503539741,NEXT_BAR_OPEN_PROXY,REALIZED,8,HISTORICAL_ROLLING_PSEUDO_OOS,True
binance/gate,2026-07-02 00:15:00+00:00,NORMAL,100.0,20.0,2026-07-02 00:30:00+00:00,2026-07-02 08:45:00+00:00,495.0,binance,gate,22.506479332954356,-23.4933,-0.9868206670456452,-20.986820667045645,-81.46116993047681,23.035516215251796,NEXT_BAR_OPEN_PROXY,REALIZED,8,HISTORICAL_ROLLING_PSEUDO_OOS,True
binance/gate,2026-07-02 09:00:00+00:00,NORMAL,100.0,20.0,2026-07-02 09:15:00+00:00,2026-07-02 09:30:00+00:00,15.0,binance,gate,16.24605695287773,0.0,16.24605695287773,-3.75394304712227,16.382412841746685,16.382412841746685,NEXT_BAR_OPEN_PROXY,REALIZED,8,HISTORICAL_ROLLING_PSEUDO_OOS,True
binance/gate,2026-07-02 11:45:00+00:00,NORMAL,100.0,20.0,2026-07-02 12:00:00+00:00,2026-07-02 12:45:00+00:00,45.0,binance,gate,5.342056584038968,0.0,5.342056584038968,-14.657943415961032,-3.0645043904664604,19.14674249129389,NEXT_BAR_OPEN_PROXY,REALIZED,8,HISTORICAL_ROLLING_PSEUDO_OOS,True
binance/gate,2026-07-03 01:00:00+00:00,NORMAL,100.0,20.0,2026-07-03 01:15:00+00:00,2026-07-03 01:30:00+00:00,15.0,binance,gate,14.790369365540457,0.0,14.790369365540457,-5.209630634459543,21.26344361165655,21.26344361165655,NEXT_BAR_OPEN_PROXY,REALIZED,8,HISTORICAL_ROLLING_PSEUDO_OOS,True
binance/gate,2026-07-01 11:00:00+00:00,NORMAL,100.0,40.0,2026-07-01 11:15:00+00:00,2026-07-02 00:00:00+00:00,765.0,binance,gate,50.85240219762199,20.919199999999996,71.77160219762199,31.771602197621988,-26.85168735000465,53.18132503539741,NEXT_BAR_OPEN_PROXY,REALIZED,8,HISTORICAL_ROLLING_PSEUDO_OOS,True
binance/gate,2026-07-02 00:15:00+00:00,NORMAL,100.0,40.0,2026-07-02 00:30:00+00:00,2026-07-02 08:45:00+00:00,495.0,binance,gate,22.506479332954356,-23.4933,-0.9868206670456452,-40.98682066704565,-81.46116993047681,23.035516215251796,NEXT_BAR_OPEN_PROXY,REALIZED,8,HISTORICAL_ROLLING_PSEUDO_OOS,True
binance/gate,2026-07-02 09:00:00+00:00,NORMAL,100.0,40.0,2026-07-02 09:15:00+00:00,2026-07-02 09:30:00+00:00,15.0,binance,gate,16.24605695287773,0.0,16.24605695287773,-23.75394304712227,16.382412841746685,16.382412841746685,NEXT_BAR_OPEN_PROXY,REALIZED,8,HISTORICAL_ROLLING_PSEUDO_OOS,True
binance/gate,2026-07-02 11:45:00+00:00,NORMAL,100.0,40.0,2026-07-02 12:00:00+00:00,2026-07-02 12:45:00+00:00,45.0,binance,gate,5.342056584038968,0.0,5.342056584038968,-34.65794341596103,-3.0645043904664604,19.14674249129389,NEXT_BAR_OPEN_PROXY,REALIZED,8,HISTORICAL_ROLLING_PSEUDO_OOS,True
binance/gate,2026-07-03 01:00:00+00:00,NORMAL,100.0,40.0,2026-07-03 01:15:00+00:00,2026-07-03 01:30:00+00:00,15.0,binance,gate,14.790369365540457,0.0,14.790369365540457,-25.209630634459543,21.26344361165655,21.26344361165655,NEXT_BAR_OPEN_PROXY,REALIZED,8,HISTORICAL_ROLLING_PSEUDO_OOS,True
binance/gate,2026-07-01 11:00:00+00:00,NORMAL,100.0,80.0,2026-07-01 11:15:00+00:00,2026-07-02 00:00:00+00:00,765.0,binance,gate,50.85240219762199,20.919199999999996,71.77160219762199,-8.228397802378012,-26.85168735000465,53.18132503539741,NEXT_BAR_OPEN_PROXY,REALIZED,8,HISTORICAL_ROLLING_PSEUDO_OOS,True
binance/gate,2026-07-02 00:15:00+00:00,NORMAL,100.0,80.0,2026-07-02 00:30:00+00:00,2026-07-02 08:45:00+00:00,495.0,binance,gate,22.506479332954356,-23.4933,-0.9868206670456452,-80.98682066704565,-81.46116993047681,23.035516215251796,NEXT_BAR_OPEN_PROXY,REALIZED,8,HISTORICAL_ROLLING_PSEUDO_OOS,True
binance/gate,2026-07-02 09:00:00+00:00,NORMAL,100.0,80.0,2026-07-02 09:15:00+00:00,2026-07-02 09:30:00+00:00,15.0,binance,gate,16.24605695287773,0.0,16.24605695287773,-63.75394304712227,16.382412841746685,16.382412841746685,NEXT_BAR_OPEN_PROXY,REALIZED,8,HISTORICAL_ROLLING_PSEUDO_OOS,True
binance/gate,2026-07-02 11:45:00+00:00,NORMAL,100.0,80.0,2026-07-02 12:00:00+00:00,2026-07-02 12:45:00+00:00,45.0,binance,gate,5.342056584038968,0.0,5.342056584038968,-74.65794341596103,-3.0645043904664604,19.14674249129389,NEXT_BAR_OPEN_PROXY,REALIZED,8,HISTORICAL_ROLLING_PSEUDO_OOS,True
binance/gate,2026-07-03 01:00:00+00:00,NORMAL,100.0,80.0,2026-07-03 01:15:00+00:00,2026-07-03 01:30:00+00:00,15.0,binance,gate,14.790369365540457,0.0,14.790369365540457,-65.20963063445954,21.26344361165655,21.26344361165655,NEXT_BAR_OPEN_PROXY,REALIZED,8,HISTORICAL_ROLLING_PSEUDO_OOS,True
bitget/hyperliquid,2026-07-02 06:00:00+00:00,TRANSIENT_DISLOCATION,100.0,20.0,2026-07-02 06:15:00+00:00,2026-07-02 06:45:00+00:00,30.0,hyperliquid,bitget,33.60633003392066,0.0,33.60633003392066,13.606330033920663,2.330674444398495,30.11738997391045,NEXT_BAR_OPEN_PROXY,REALIZED,8,HISTORICAL_ROLLING_PSEUDO_OOS,True
bitget/hyperliquid,2026-07-02 06:00:00+00:00,TRANSIENT_DISLOCATION,100.0,40.0,2026-07-02 06:15:00+00:00,2026-07-02 06:45:00+00:00,30.0,hyperliquid,bitget,33.60633003392066,0.0,33.60633003392066,-6.393669966079337,2.330674444398495,30.11738997391045,NEXT_BAR_OPEN_PROXY,REALIZED,8,HISTORICAL_ROLLING_PSEUDO_OOS,True
bitget/hyperliquid,2026-07-02 06:00:00+00:00,TRANSIENT_DISLOCATION,100.0,80.0,2026-07-02 06:15:00+00:00,2026-07-02 06:45:00+00:00,30.0,hyperliquid,bitget,33.60633003392066,0.0,33.60633003392066,-46.39366996607934,2.330674444398495,30.11738997391045,NEXT_BAR_OPEN_PROXY,REALIZED,8,HISTORICAL_ROLLING_PSEUDO_OOS,True
gate/hyperliquid,2026-07-02 00:45:00+00:00,NORMAL,100.0,20.0,2026-07-02 01:00:00+00:00,2026-07-03 03:30:00+00:00,1590.0,hyperliquid,gate,81.25021836342228,0.9932729999999899,82.24349136342227,62.243491363422265,-120.74139440567455,73.43894800892481,NEXT_BAR_OPEN_PROXY,REALIZED,8,HISTORICAL_ROLLING_PSEUDO_OOS,True
gate/hyperliquid,2026-07-03 03:30:00+00:00,NORMAL,100.0,20.0,2026-07-03 03:45:00+00:00,2026-07-03 04:00:00+00:00,15.0,hyperliquid,gate,16.298443265503337,0.0,16.298443265503337,-3.7015567344966627,21.084315825918853,21.084315825918853,NEXT_BAR_OPEN_PROXY,REALIZED,8,HISTORICAL_ROLLING_PSEUDO_OOS,True
gate/hyperliquid,2026-07-02 00:45:00+00:00,NORMAL,100.0,40.0,2026-07-02 01:00:00+00:00,2026-07-03 03:30:00+00:00,1590.0,hyperliquid,gate,81.25021836342228,0.9932729999999899,82.24349136342227,42.243491363422265,-120.74139440567455,73.43894800892481,NEXT_BAR_OPEN_PROXY,REALIZED,8,HISTORICAL_ROLLING_PSEUDO_OOS,True
gate/hyperliquid,2026-07-03 03:30:00+00:00,NORMAL,100.0,40.0,2026-07-03 03:45:00+00:00,2026-07-03 04:00:00+00:00,15.0,hyperliquid,gate,16.298443265503337,0.0,16.298443265503337,-23.701556734496663,21.084315825918853,21.084315825918853,NEXT_BAR_OPEN_PROXY,REALIZED,8,HISTORICAL_ROLLING_PSEUDO_OOS,True
gate/hyperliquid,2026-07-02 00:45:00+00:00,NORMAL,100.0,80.0,2026-07-02 01:00:00+00:00,2026-07-03 03:30:00+00:00,1590.0,hyperliquid,gate,81.25021836342228,0.9932729999999899,82.24349136342227,2.2434913634222653,-120.74139440567455,73.43894800892481,NEXT_BAR_OPEN_PROXY,REALIZED,8,HISTORICAL_ROLLING_PSEUDO_OOS,True
gate/hyperliquid,2026-07-03 03:30:00+00:00,NORMAL,100.0,80.0,2026-07-03 03:45:00+00:00,2026-07-03 04:00:00+00:00,15.0,hyperliquid,gate,16.298443265503337,0.0,16.298443265503337,-63.70155673449666,21.084315825918853,21.084315825918853,NEXT_BAR_OPEN_PROXY,REALIZED,8,HISTORICAL_ROLLING_PSEUDO_OOS,True
gate/okx,2026-07-01 11:00:00+00:00,NORMAL,100.0,20.0,2026-07-01 11:15:00+00:00,2026-07-02 00:15:00+00:00,780.0,okx,gate,51.96523480106685,-0.5172077209729997,51.44802708009385,31.44802708009385,-45.93643025783245,52.98950171038541,NEXT_BAR_OPEN_PROXY,REALIZED,8,HISTORICAL_ROLLING_PSEUDO_OOS,True
gate/okx,2026-07-02 00:30:00+00:00,NORMAL,100.0,20.0,2026-07-02 00:45:00+00:00,2026-07-02 06:15:00+00:00,330.0,okx,gate,33.784155831521055,0.0,33.784155831521055,13.784155831521055,-13.25840024633651,39.1575999090199,NEXT_BAR_OPEN_PROXY,REALIZED,8,HISTORICAL_ROLLING_PSEUDO_OOS,True
gate/okx,2026-07-02 06:15:00+00:00,TRANSIENT_DISLOCATION,100.0,20.0,2026-07-02 06:30:00+00:00,2026-07-02 14:45:00+00:00,495.0,okx,gate,117.8768584993517,-36.093233823821,81.78362467553069,61.78362467553069,10.403857361440672,123.26787483191492,NEXT_BAR_OPEN_PROXY,REALIZED,8,HISTORICAL_ROLLING_PSEUDO_OOS,True
gate/okx,2026-07-02 18:45:00+00:00,NORMAL,100.0,20.0,2026-07-02 19:00:00+00:00,2026-07-02 19:45:00+00:00,45.0,okx,gate,6.846310823154234,0.0,6.846310823154234,-13.153689176845766,-6.652901044823523,8.906386000679944,NEXT_BAR_OPEN_PROXY,REALIZED,8,HISTORICAL_ROLLING_PSEUDO_OOS,True
gate/okx,2026-07-02 19:45:00+00:00,NORMAL,100.0,20.0,2026-07-02 20:00:00+00:00,2026-07-02 21:30:00+00:00,90.0,okx,gate,18.65036266798681,0.0,18.65036266798681,-1.3496373320131916,-10.75149258334962,17.736607132735614,NEXT_BAR_OPEN_PROXY,REALIZED,8,HISTORICAL_ROLLING_PSEUDO_OOS,True
gate/okx,2026-07-03 00:45:00+00:00,NORMAL,100.0,20.0,2026-07-03 01:00:00+00:00,2026-07-03 01:30:00+00:00,30.0,okx,gate,1.7881151852727761,0.0,1.7881151852727761,-18.211884814727224,2.7504555145396736,6.363037033301211,NEXT_BAR_OPEN_PROXY,REALIZED,8,HISTORICAL_ROLLING_PSEUDO_OOS,True
gate/okx,2026-07-03 01:30:00+00:00,NORMAL,100.0,20.0,2026-07-03 01:45:00+00:00,2026-07-03 02:15:00+00:00,30.0,okx,gate,14.392641053286859,0.0,14.392641053286859,-5.607358946713141,-3.2922385188394188,16.911962290414586,NEXT_BAR_OPEN_PROXY,REALIZED,8,HISTORICAL_ROLLING_PSEUDO_OOS,True
gate/okx,2026-07-01 11:00:00+00:00,NORMAL,100.0,40.0,2026-07-01 11:15:00+00:00,2026-07-02 00:15:00+00:00,780.0,okx,gate,51.96523480106685,-0.5172077209729997,51.44802708009385,11.448027080093851,-45.93643025783245,52.98950171038541,NEXT_BAR_OPEN_PROXY,REALIZED,8,HISTORICAL_ROLLING_PSEUDO_OOS,True
gate/okx,2026-07-02 00:30:00+00:00,NORMAL,100.0,40.0,2026-07-02 00:45:00+00:00,2026-07-02 06:15:00+00:00,330.0,okx,gate,33.784155831521055,0.0,33.784155831521055,-6.215844168478945,-13.25840024633651,39.1575999090199,NEXT_BAR_OPEN_PROXY,REALIZED,8,HISTORICAL_ROLLING_PSEUDO_OOS,True
gate/okx,2026-07-02 06:15:00+00:00,TRANSIENT_DISLOCATION,100.0,40.0,2026-07-02 06:30:00+00:00,2026-07-02 14:45:00+00:00,495.0,okx,gate,117.8768584993517,-36.093233823821,81.78362467553069,41.78362467553069,10.403857361440672,123.26787483191492,NEXT_BAR_OPEN_PROXY,REALIZED,8,HISTORICAL_ROLLING_PSEUDO_OOS,True
gate/okx,2026-07-02 18:45:00+00:00,NORMAL,100.0,40.0,2026-07-02 19:00:00+00:00,2026-07-02 19:45:00+00:00,45.0,okx,gate,6.846310823154234,0.0,6.846310823154234,-33.153689176845766,-6.652901044823523,8.906386000679944,NEXT_BAR_OPEN_PROXY,REALIZED,8,HISTORICAL_ROLLING_PSEUDO_OOS,True
gate/okx,2026-07-02 19:45:00+00:00,NORMAL,100.0,40.0,2026-07-02 20:00:00+00:00,2026-07-02 21:30:00+00:00,90.0,okx,gate,18.65036266798681,0.0,18.65036266798681,-21.34963733201319,-10.75149258334962,17.736607132735614,NEXT_BAR_OPEN_PROXY,REALIZED,8,HISTORICAL_ROLLING_PSEUDO_OOS,True
gate/okx,2026-07-03 00:45:00+00:00,NORMAL,100.0,40.0,2026-07-03 01:00:00+00:00,2026-07-03 01:30:00+00:00,30.0,okx,gate,1.7881151852727761,0.0,1.7881151852727761,-38.21188481472723,2.7504555145396736,6.363037033301211,NEXT_BAR_OPEN_PROXY,REALIZED,8,HISTORICAL_ROLLING_PSEUDO_OOS,True
gate/okx,2026-07-03 01:30:00+00:00,NORMAL,100.0,40.0,2026-07-03 01:45:00+00:00,2026-07-03 02:15:00+00:00,30.0,okx,gate,14.392641053286859,0.0,14.392641053286859,-25.60735894671314,-3.2922385188394188,16.911962290414586,NEXT_BAR_OPEN_PROXY,REALIZED,8,HISTORICAL_ROLLING_PSEUDO_OOS,True
gate/okx,2026-07-01 11:00:00+00:00,NORMAL,100.0,80.0,2026-07-01 11:15:00+00:00,2026-07-02 00:15:00+00:00,780.0,okx,gate,51.96523480106685,-0.5172077209729997,51.44802708009385,-28.55197291990615,-45.93643025783245,52.98950171038541,NEXT_BAR_OPEN_PROXY,REALIZED,8,HISTORICAL_ROLLING_PSEUDO_OOS,True
gate/okx,2026-07-02 00:30:00+00:00,NORMAL,100.0,80.0,2026-07-02 00:45:00+00:00,2026-07-02 06:15:00+00:00,330.0,okx,gate,33.784155831521055,0.0,33.784155831521055,-46.215844168478945,-13.25840024633651,39.1575999090199,NEXT_BAR_OPEN_PROXY,REALIZED,8,HISTORICAL_ROLLING_PSEUDO_OOS,True
gate/okx,2026-07-02 06:15:00+00:00,TRANSIENT_DISLOCATION,100.0,80.0,2026-07-02 06:30:00+00:00,2026-07-02 14:45:00+00:00,495.0,okx,gate,117.8768584993517,-36.093233823821,81.78362467553069,1.7836246755306888,10.403857361440672,123.26787483191492,NEXT_BAR_OPEN_PROXY,REALIZED,8,HISTORICAL_ROLLING_PSEUDO_OOS,True
gate/okx,2026-07-02 18:45:00+00:00,NORMAL,100.0,80.0,2026-07-02 19:00:00+00:00,2026-07-02 19:45:00+00:00,45.0,okx,gate,6.846310823154234,0.0,6.846310823154234,-73.15368917684577,-6.652901044823523,8.906386000679944,NEXT_BAR_OPEN_PROXY,REALIZED,8,HISTORICAL_ROLLING_PSEUDO_OOS,True
gate/okx,2026-07-02 19:45:00+00:00,NORMAL,100.0,80.0,2026-07-02 20:00:00+00:00,2026-07-02 21:30:00+00:00,90.0,okx,gate,18.65036266798681,0.0,18.65036266798681,-61.34963733201319,-10.75149258334962,17.736607132735614,NEXT_BAR_OPEN_PROXY,REALIZED,8,HISTORICAL_ROLLING_PSEUDO_OOS,True
gate/okx,2026-07-03 00:45:00+00:00,NORMAL,100.0,80.0,2026-07-03 01:00:00+00:00,2026-07-03 01:30:00+00:00,30.0,okx,gate,1.7881151852727761,0.0,1.7881151852727761,-78.21188481472723,2.7504555145396736,6.363037033301211,NEXT_BAR_OPEN_PROXY,REALIZED,8,HISTORICAL_ROLLING_PSEUDO_OOS,True
gate/okx,2026-07-03 01:30:00+00:00,NORMAL,100.0,80.0,2026-07-03 01:45:00+00:00,2026-07-03 02:15:00+00:00,30.0,okx,gate,14.392641053286859,0.0,14.392641053286859,-65.60735894671313,-3.2922385188394188,16.911962290414586,NEXT_BAR_OPEN_PROXY,REALIZED,8,HISTORICAL_ROLLING_PSEUDO_OOS,True
gate/hyperliquid,2026-07-04 23:30:00+00:00,NORMAL,100.0,20.0,2026-07-04 23:45:00+00:00,2026-07-05 00:00:00+00:00,15.0,hyperliquid,gate,6.075169531090108,0.0,6.075169531090108,-13.924830468909892,5.482312717471904,5.482312717471904,NEXT_BAR_OPEN_PROXY,REALIZED,9,HISTORICAL_ROLLING_PSEUDO_OOS,True
gate/hyperliquid,2026-07-05 00:45:00+00:00,NORMAL,100.0,20.0,2026-07-05 01:00:00+00:00,2026-07-05 01:30:00+00:00,30.0,hyperliquid,gate,10.381719324262795,-0.491201,9.890518324262795,-10.109481675737205,3.7054769777489227,10.39485563596787,NEXT_BAR_OPEN_PROXY,REALIZED,9,HISTORICAL_ROLLING_PSEUDO_OOS,True
gate/hyperliquid,2026-07-05 01:45:00+00:00,NORMAL,100.0,20.0,2026-07-05 02:00:00+00:00,2026-07-05 02:15:00+00:00,15.0,hyperliquid,gate,2.3292460659940506,-0.48853,1.8407160659940507,-18.15928393400595,2.341424229306277,2.341424229306277,NEXT_BAR_OPEN_PROXY,REALIZED,9,HISTORICAL_ROLLING_PSEUDO_OOS,True
gate/hyperliquid,2026-07-05 02:30:00+00:00,NORMAL,100.0,20.0,2026-07-05 02:45:00+00:00,2026-07-05 03:30:00+00:00,45.0,hyperliquid,gate,7.795946589924663,-0.57363,7.222316589924663,-12.777683410075337,-4.978294962012519,7.795946589924663,NEXT_BAR_OPEN_PROXY,REALIZED,9,HISTORICAL_ROLLING_PSEUDO_OOS,True
gate/hyperliquid,2026-07-04 23:30:00+00:00,NORMAL,100.0,40.0,2026-07-04 23:45:00+00:00,2026-07-05 00:00:00+00:00,15.0,hyperliquid,gate,6.075169531090108,0.0,6.075169531090108,-33.92483046890989,5.482312717471904,5.482312717471904,NEXT_BAR_OPEN_PROXY,REALIZED,9,HISTORICAL_ROLLING_PSEUDO_OOS,True
gate/hyperliquid,2026-07-05 00:45:00+00:00,NORMAL,100.0,40.0,2026-07-05 01:00:00+00:00,2026-07-05 01:30:00+00:00,30.0,hyperliquid,gate,10.381719324262795,-0.491201,9.890518324262795,-30.109481675737207,3.7054769777489227,10.39485563596787,NEXT_BAR_OPEN_PROXY,REALIZED,9,HISTORICAL_ROLLING_PSEUDO_OOS,True
gate/hyperliquid,2026-07-05 01:45:00+00:00,NORMAL,100.0,40.0,2026-07-05 02:00:00+00:00,2026-07-05 02:15:00+00:00,15.0,hyperliquid,gate,2.3292460659940506,-0.48853,1.8407160659940507,-38.15928393400595,2.341424229306277,2.341424229306277,NEXT_BAR_OPEN_PROXY,REALIZED,9,HISTORICAL_ROLLING_PSEUDO_OOS,True
gate/hyperliquid,2026-07-05 02:30:00+00:00,NORMAL,100.0,40.0,2026-07-05 02:45:00+00:00,2026-07-05 03:30:00+00:00,45.0,hyperliquid,gate,7.795946589924663,-0.57363,7.222316589924663,-32.77768341007534,-4.978294962012519,7.795946589924663,NEXT_BAR_OPEN_PROXY,REALIZED,9,HISTORICAL_ROLLING_PSEUDO_OOS,True
gate/hyperliquid,2026-07-04 23:30:00+00:00,NORMAL,100.0,80.0,2026-07-04 23:45:00+00:00,2026-07-05 00:00:00+00:00,15.0,hyperliquid,gate,6.075169531090108,0.0,6.075169531090108,-73.92483046890989,5.482312717471904,5.482312717471904,NEXT_BAR_OPEN_PROXY,REALIZED,9,HISTORICAL_ROLLING_PSEUDO_OOS,True
gate/hyperliquid,2026-07-05 00:45:00+00:00,NORMAL,100.0,80.0,2026-07-05 01:00:00+00:00,2026-07-05 01:30:00+00:00,30.0,hyperliquid,gate,10.381719324262795,-0.491201,9.890518324262795,-70.1094816757372,3.7054769777489227,10.39485563596787,NEXT_BAR_OPEN_PROXY,REALIZED,9,HISTORICAL_ROLLING_PSEUDO_OOS,True
gate/hyperliquid,2026-07-05 01:45:00+00:00,NORMAL,100.0,80.0,2026-07-05 02:00:00+00:00,2026-07-05 02:15:00+00:00,15.0,hyperliquid,gate,2.3292460659940506,-0.48853,1.8407160659940507,-78.15928393400596,2.341424229306277,2.341424229306277,NEXT_BAR_OPEN_PROXY,REALIZED,9,HISTORICAL_ROLLING_PSEUDO_OOS,True
gate/hyperliquid,2026-07-05 02:30:00+00:00,NORMAL,100.0,80.0,2026-07-05 02:45:00+00:00,2026-07-05 03:30:00+00:00,45.0,hyperliquid,gate,7.795946589924663,-0.57363,7.222316589924663,-72.77768341007534,-4.978294962012519,7.795946589924663,NEXT_BAR_OPEN_PROXY,REALIZED,9,HISTORICAL_ROLLING_PSEUDO_OOS,True
gate/hyperliquid,2026-07-07 09:15:00+00:00,NORMAL,150.0,20.0,2026-07-07 09:30:00+00:00,2026-07-07 11:15:00+00:00,105.0,hyperliquid,gate,18.10276958564838,-6.565526,11.537243585648381,-8.462756414351619,-1.5420478146987993,16.72683869786029,NEXT_BAR_OPEN_PROXY,REALIZED,10,HISTORICAL_ROLLING_PSEUDO_OOS,True
gate/hyperliquid,2026-07-07 09:15:00+00:00,NORMAL,150.0,40.0,2026-07-07 09:30:00+00:00,2026-07-07 11:15:00+00:00,105.0,hyperliquid,gate,18.10276958564838,-6.565526,11.537243585648381,-28.462756414351617,-1.5420478146987993,16.72683869786029,NEXT_BAR_OPEN_PROXY,REALIZED,10,HISTORICAL_ROLLING_PSEUDO_OOS,True
gate/hyperliquid,2026-07-07 09:15:00+00:00,NORMAL,150.0,80.0,2026-07-07 09:30:00+00:00,2026-07-07 11:15:00+00:00,105.0,hyperliquid,gate,18.10276958564838,-6.565526,11.537243585648381,-68.46275641435162,-1.5420478146987993,16.72683869786029,NEXT_BAR_OPEN_PROXY,REALIZED,10,HISTORICAL_ROLLING_PSEUDO_OOS,True
binance/gate,2026-07-08 06:30:00+00:00,TRANSIENT_DISLOCATION,150.0,20.0,2026-07-08 06:45:00+00:00,2026-07-08 07:00:00+00:00,15.0,binance,gate,8.930990052337107,0.0,8.930990052337107,-11.069009947662893,12.244335067498335,12.244335067498335,NEXT_BAR_OPEN_PROXY,REALIZED,11,HISTORICAL_ROLLING_PSEUDO_OOS,True
binance/gate,2026-07-08 06:30:00+00:00,TRANSIENT_DISLOCATION,150.0,40.0,2026-07-08 06:45:00+00:00,2026-07-08 07:00:00+00:00,15.0,binance,gate,8.930990052337107,0.0,8.930990052337107,-31.06900994766289,12.244335067498335,12.244335067498335,NEXT_BAR_OPEN_PROXY,REALIZED,11,HISTORICAL_ROLLING_PSEUDO_OOS,True
binance/gate,2026-07-08 06:30:00+00:00,TRANSIENT_DISLOCATION,150.0,80.0,2026-07-08 06:45:00+00:00,2026-07-08 07:00:00+00:00,15.0,binance,gate,8.930990052337107,0.0,8.930990052337107,-71.06900994766289,12.244335067498335,12.244335067498335,NEXT_BAR_OPEN_PROXY,REALIZED,11,HISTORICAL_ROLLING_PSEUDO_OOS,True
bitget/gate,2026-07-08 17:15:00+00:00,TRANSIENT_DISLOCATION,150.0,20.0,2026-07-08 17:30:00+00:00,2026-07-08 19:45:00+00:00,135.0,bitget,gate,33.286436402544254,0.0,33.286436402544254,13.286436402544254,0.6393601884613354,33.286436402544254,NEXT_BAR_OPEN_PROXY,REALIZED,11,HISTORICAL_ROLLING_PSEUDO_OOS,True
bitget/gate,2026-07-08 17:15:00+00:00,TRANSIENT_DISLOCATION,150.0,40.0,2026-07-08 17:30:00+00:00,2026-07-08 19:45:00+00:00,135.0,bitget,gate,33.286436402544254,0.0,33.286436402544254,-6.713563597455746,0.6393601884613354,33.286436402544254,NEXT_BAR_OPEN_PROXY,REALIZED,11,HISTORICAL_ROLLING_PSEUDO_OOS,True
bitget/gate,2026-07-08 17:15:00+00:00,TRANSIENT_DISLOCATION,150.0,80.0,2026-07-08 17:30:00+00:00,2026-07-08 19:45:00+00:00,135.0,bitget,gate,33.286436402544254,0.0,33.286436402544254,-46.713563597455746,0.6393601884613354,33.286436402544254,NEXT_BAR_OPEN_PROXY,REALIZED,11,HISTORICAL_ROLLING_PSEUDO_OOS,True
gate/hyperliquid,2026-07-08 05:15:00+00:00,TRANSIENT_DISLOCATION,150.0,20.0,2026-07-08 05:30:00+00:00,2026-07-08 05:45:00+00:00,15.0,hyperliquid,gate,16.987770296821303,0.0,16.987770296821303,-3.012229703178697,15.566615300002251,15.566615300002251,NEXT_BAR_OPEN_PROXY,REALIZED,11,HISTORICAL_ROLLING_PSEUDO_OOS,True
gate/hyperliquid,2026-07-08 05:45:00+00:00,TRANSIENT_DISLOCATION,150.0,20.0,2026-07-08 06:00:00+00:00,2026-07-08 07:15:00+00:00,75.0,hyperliquid,gate,4.380050592044382,-5.786824,-1.406773407955618,-21.40677340795562,-31.62494955559758,3.6836717619614934,NEXT_BAR_OPEN_PROXY,REALIZED,11,HISTORICAL_ROLLING_PSEUDO_OOS,True
gate/hyperliquid,2026-07-08 07:15:00+00:00,TRANSIENT_DISLOCATION,150.0,20.0,2026-07-08 07:30:00+00:00,2026-07-08 14:15:00+00:00,405.0,hyperliquid,gate,27.84786809897355,6.21693,34.06479809897355,14.064798098973547,-18.88715229255933,32.11275131219659,NEXT_BAR_OPEN_PROXY,REALIZED,11,HISTORICAL_ROLLING_PSEUDO_OOS,True
gate/hyperliquid,2026-07-08 05:15:00+00:00,TRANSIENT_DISLOCATION,150.0,40.0,2026-07-08 05:30:00+00:00,2026-07-08 05:45:00+00:00,15.0,hyperliquid,gate,16.987770296821303,0.0,16.987770296821303,-23.012229703178697,15.566615300002251,15.566615300002251,NEXT_BAR_OPEN_PROXY,REALIZED,11,HISTORICAL_ROLLING_PSEUDO_OOS,True
gate/hyperliquid,2026-07-08 05:45:00+00:00,TRANSIENT_DISLOCATION,150.0,40.0,2026-07-08 06:00:00+00:00,2026-07-08 07:15:00+00:00,75.0,hyperliquid,gate,4.380050592044382,-5.786824,-1.406773407955618,-41.40677340795562,-31.62494955559758,3.6836717619614934,NEXT_BAR_OPEN_PROXY,REALIZED,11,HISTORICAL_ROLLING_PSEUDO_OOS,True
gate/hyperliquid,2026-07-08 07:15:00+00:00,TRANSIENT_DISLOCATION,150.0,40.0,2026-07-08 07:30:00+00:00,2026-07-08 14:15:00+00:00,405.0,hyperliquid,gate,27.84786809897355,6.21693,34.06479809897355,-5.935201901026453,-18.88715229255933,32.11275131219659,NEXT_BAR_OPEN_PROXY,REALIZED,11,HISTORICAL_ROLLING_PSEUDO_OOS,True
gate/hyperliquid,2026-07-08 05:15:00+00:00,TRANSIENT_DISLOCATION,150.0,80.0,2026-07-08 05:30:00+00:00,2026-07-08 05:45:00+00:00,15.0,hyperliquid,gate,16.987770296821303,0.0,16.987770296821303,-63.0122297031787,15.566615300002251,15.566615300002251,NEXT_BAR_OPEN_PROXY,REALIZED,11,HISTORICAL_ROLLING_PSEUDO_OOS,True
gate/hyperliquid,2026-07-08 05:45:00+00:00,TRANSIENT_DISLOCATION,150.0,80.0,2026-07-08 06:00:00+00:00,2026-07-08 07:15:00+00:00,75.0,hyperliquid,gate,4.380050592044382,-5.786824,-1.406773407955618,-81.40677340795561,-31.62494955559758,3.6836717619614934,NEXT_BAR_OPEN_PROXY,REALIZED,11,HISTORICAL_ROLLING_PSEUDO_OOS,True
gate/hyperliquid,2026-07-08 07:15:00+00:00,TRANSIENT_DISLOCATION,150.0,80.0,2026-07-08 07:30:00+00:00,2026-07-08 14:15:00+00:00,405.0,hyperliquid,gate,27.84786809897355,6.21693,34.06479809897355,-45.93520190102645,-18.88715229255933,32.11275131219659,NEXT_BAR_OPEN_PROXY,REALIZED,11,HISTORICAL_ROLLING_PSEUDO_OOS,True
binance/gate,2026-07-11 13:30:00+00:00,TRANSIENT_DISLOCATION,200.0,20.0,2026-07-11 13:45:00+00:00,2026-07-11 14:15:00+00:00,30.0,binance,gate,8.905453421896858,0.0,8.905453421896858,-11.094546578103142,6.0613833313138965,6.920801397550802,NEXT_BAR_OPEN_PROXY,REALIZED,13,HISTORICAL_ROLLING_PSEUDO_OOS,True
binance/gate,2026-07-11 14:30:00+00:00,TRANSIENT_DISLOCATION,200.0,20.0,2026-07-11 14:45:00+00:00,2026-07-11 17:00:00+00:00,135.0,binance,gate,0.9454206181547242,3.12,4.065420618154724,-15.934579381845275,-7.3281455857965305,1.0130306704181358,NEXT_BAR_OPEN_PROXY,REALIZED,13,HISTORICAL_ROLLING_PSEUDO_OOS,True
binance/gate,2026-07-11 13:30:00+00:00,TRANSIENT_DISLOCATION,200.0,40.0,2026-07-11 13:45:00+00:00,2026-07-11 14:15:00+00:00,30.0,binance,gate,8.905453421896858,0.0,8.905453421896858,-31.09454657810314,6.0613833313138965,6.920801397550802,NEXT_BAR_OPEN_PROXY,REALIZED,13,HISTORICAL_ROLLING_PSEUDO_OOS,True
binance/gate,2026-07-11 14:30:00+00:00,TRANSIENT_DISLOCATION,200.0,40.0,2026-07-11 14:45:00+00:00,2026-07-11 17:00:00+00:00,135.0,binance,gate,0.9454206181547242,3.12,4.065420618154724,-35.934579381845275,-7.3281455857965305,1.0130306704181358,NEXT_BAR_OPEN_PROXY,REALIZED,13,HISTORICAL_ROLLING_PSEUDO_OOS,True
binance/gate,2026-07-11 13:30:00+00:00,TRANSIENT_DISLOCATION,200.0,80.0,2026-07-11 13:45:00+00:00,2026-07-11 14:15:00+00:00,30.0,binance,gate,8.905453421896858,0.0,8.905453421896858,-71.09454657810315,6.0613833313138965,6.920801397550802,NEXT_BAR_OPEN_PROXY,REALIZED,13,HISTORICAL_ROLLING_PSEUDO_OOS,True
binance/gate,2026-07-11 14:30:00+00:00,TRANSIENT_DISLOCATION,200.0,80.0,2026-07-11 14:45:00+00:00,2026-07-11 17:00:00+00:00,135.0,binance,gate,0.9454206181547242,3.12,4.065420618154724,-75.93457938184528,-7.3281455857965305,1.0130306704181358,NEXT_BAR_OPEN_PROXY,REALIZED,13,HISTORICAL_ROLLING_PSEUDO_OOS,True
bitget/gate,2026-07-12 19:45:00+00:00,TRANSIENT_DISLOCATION,150.0,20.0,2026-07-12 20:00:00+00:00,2026-07-13 12:45:00+00:00,1005.0,bitget,gate,30.291969925548834,-15.19,15.101969925548834,-4.898030074451166,-59.74638695494639,28.326045941275968,NEXT_BAR_OPEN_PROXY,REALIZED,13,HISTORICAL_ROLLING_PSEUDO_OOS,True
bitget/gate,2026-07-12 19:45:00+00:00,TRANSIENT_DISLOCATION,150.0,40.0,2026-07-12 20:00:00+00:00,2026-07-13 12:45:00+00:00,1005.0,bitget,gate,30.291969925548834,-15.19,15.101969925548834,-24.898030074451164,-59.74638695494639,28.326045941275968,NEXT_BAR_OPEN_PROXY,REALIZED,13,HISTORICAL_ROLLING_PSEUDO_OOS,True
bitget/gate,2026-07-12 19:45:00+00:00,TRANSIENT_DISLOCATION,150.0,80.0,2026-07-12 20:00:00+00:00,2026-07-13 12:45:00+00:00,1005.0,bitget,gate,30.291969925548834,-15.19,15.101969925548834,-64.89803007445117,-59.74638695494639,28.326045941275968,NEXT_BAR_OPEN_PROXY,REALIZED,13,HISTORICAL_ROLLING_PSEUDO_OOS,True
binance/gate,2026-07-13 14:15:00+00:00,NORMAL,100.0,20.0,2026-07-13 14:30:00+00:00,2026-07-13 23:15:00+00:00,525.0,binance,gate,31.55789143601595,14.26,45.81789143601595,25.817891436015948,-45.89199203006711,32.328426187133715,NEXT_BAR_OPEN_PROXY,REALIZED,14,HISTORICAL_ROLLING_PSEUDO_OOS,True
binance/gate,2026-07-13 14:15:00+00:00,NORMAL,100.0,40.0,2026-07-13 14:30:00+00:00,2026-07-13 23:15:00+00:00,525.0,binance,gate,31.55789143601595,14.26,45.81789143601595,5.817891436015948,-45.89199203006711,32.328426187133715,NEXT_BAR_OPEN_PROXY,REALIZED,14,HISTORICAL_ROLLING_PSEUDO_OOS,True
binance/gate,2026-07-13 14:15:00+00:00,NORMAL,100.0,80.0,2026-07-13 14:30:00+00:00,2026-07-13 23:15:00+00:00,525.0,binance,gate,31.55789143601595,14.26,45.81789143601595,-34.18210856398405,-45.89199203006711,32.328426187133715,NEXT_BAR_OPEN_PROXY,REALIZED,14,HISTORICAL_ROLLING_PSEUDO_OOS,True
bitget/gate,2026-07-13 17:00:00+00:00,NORMAL,100.0,20.0,2026-07-13 17:15:00+00:00,2026-07-13 19:45:00+00:00,150.0,bitget,gate,29.65882175735679,0.0,29.65882175735679,9.65882175735679,-23.043413584529215,32.00605593308592,NEXT_BAR_OPEN_PROXY,REALIZED,14,HISTORICAL_ROLLING_PSEUDO_OOS,True
bitget/gate,2026-07-13 20:00:00+00:00,NORMAL,100.0,20.0,2026-07-13 20:15:00+00:00,2026-07-13 23:15:00+00:00,180.0,bitget,gate,24.03743981116202,0.0,24.03743981116202,4.03743981116202,-36.4180883185794,24.826830401627475,NEXT_BAR_OPEN_PROXY,REALIZED,14,HISTORICAL_ROLLING_PSEUDO_OOS,True
bitget/gate,2026-07-14 01:00:00+00:00,NORMAL,100.0,20.0,2026-07-14 01:15:00+00:00,2026-07-14 01:30:00+00:00,15.0,bitget,gate,29.11595564525804,0.0,29.11595564525804,9.11595564525804,26.798637554728,26.798637554728,NEXT_BAR_OPEN_PROXY,REALIZED,14,HISTORICAL_ROLLING_PSEUDO_OOS,True
bitget/gate,2026-07-14 03:45:00+00:00,NORMAL,100.0,20.0,2026-07-14 04:00:00+00:00,2026-07-14 05:15:00+00:00,75.0,bitget,gate,32.374306937175135,0.0,32.374306937175135,12.374306937175135,-3.1433671428104937,33.18632480156847,NEXT_BAR_OPEN_PROXY,REALIZED,14,HISTORICAL_ROLLING_PSEUDO_OOS,True
bitget/gate,2026-07-14 05:15:00+00:00,NORMAL,100.0,20.0,2026-07-14 05:30:00+00:00,2026-07-14 08:15:00+00:00,165.0,bitget,gate,17.78253052007628,-20.0,-2.2174694799237216,-22.21746947992372,-15.472013373656335,19.306456152505813,NEXT_BAR_OPEN_PROXY,REALIZED,14,HISTORICAL_ROLLING_PSEUDO_OOS,True
bitget/gate,2026-07-14 08:15:00+00:00,NORMAL,100.0,20.0,2026-07-14 08:30:00+00:00,2026-07-14 09:00:00+00:00,30.0,bitget,gate,11.962667213172296,0.0,11.962667213172296,-8.037332786827704,8.10206278731851,11.201574283725702,NEXT_BAR_OPEN_PROXY,REALIZED,14,HISTORICAL_ROLLING_PSEUDO_OOS,True
bitget/gate,2026-07-14 09:00:00+00:00,NORMAL,100.0,20.0,2026-07-14 09:15:00+00:00,2026-07-14 10:45:00+00:00,90.0,bitget,gate,25.87982032314473,0.0,25.87982032314473,5.879820323144731,5.440360506289155,19.08992971582535,NEXT_BAR_OPEN_PROXY,REALIZED,14,HISTORICAL_ROLLING_PSEUDO_OOS,True
bitget/gate,2026-07-14 10:45:00+00:00,NORMAL,100.0,20.0,2026-07-14 11:00:00+00:00,2026-07-14 11:15:00+00:00,15.0,bitget,gate,3.0105854752227046,0.0,3.0105854752227046,-16.989414524777295,3.0105854752227046,3.0105854752227046,NEXT_BAR_OPEN_PROXY,REALIZED,14,HISTORICAL_ROLLING_PSEUDO_OOS,True
bitget/gate,2026-07-13 17:00:00+00:00,NORMAL,100.0,40.0,2026-07-13 17:15:00+00:00,2026-07-13 19:45:00+00:00,150.0,bitget,gate,29.65882175735679,0.0,29.65882175735679,-10.34117824264321,-23.043413584529215,32.00605593308592,NEXT_BAR_OPEN_PROXY,REALIZED,14,HISTORICAL_ROLLING_PSEUDO_OOS,True
bitget/gate,2026-07-13 20:00:00+00:00,NORMAL,100.0,40.0,2026-07-13 20:15:00+00:00,2026-07-13 23:15:00+00:00,180.0,bitget,gate,24.03743981116202,0.0,24.03743981116202,-15.96256018883798,-36.4180883185794,24.826830401627475,NEXT_BAR_OPEN_PROXY,REALIZED,14,HISTORICAL_ROLLING_PSEUDO_OOS,True
bitget/gate,2026-07-14 01:00:00+00:00,NORMAL,100.0,40.0,2026-07-14 01:15:00+00:00,2026-07-14 01:30:00+00:00,15.0,bitget,gate,29.11595564525804,0.0,29.11595564525804,-10.88404435474196,26.798637554728,26.798637554728,NEXT_BAR_OPEN_PROXY,REALIZED,14,HISTORICAL_ROLLING_PSEUDO_OOS,True
bitget/gate,2026-07-14 03:45:00+00:00,NORMAL,100.0,40.0,2026-07-14 04:00:00+00:00,2026-07-14 05:15:00+00:00,75.0,bitget,gate,32.374306937175135,0.0,32.374306937175135,-7.625693062824865,-3.1433671428104937,33.18632480156847,NEXT_BAR_OPEN_PROXY,REALIZED,14,HISTORICAL_ROLLING_PSEUDO_OOS,True
bitget/gate,2026-07-14 05:15:00+00:00,NORMAL,100.0,40.0,2026-07-14 05:30:00+00:00,2026-07-14 08:15:00+00:00,165.0,bitget,gate,17.78253052007628,-20.0,-2.2174694799237216,-42.21746947992372,-15.472013373656335,19.306456152505813,NEXT_BAR_OPEN_PROXY,REALIZED,14,HISTORICAL_ROLLING_PSEUDO_OOS,True
bitget/gate,2026-07-14 08:15:00+00:00,NORMAL,100.0,40.0,2026-07-14 08:30:00+00:00,2026-07-14 09:00:00+00:00,30.0,bitget,gate,11.962667213172296,0.0,11.962667213172296,-28.037332786827704,8.10206278731851,11.201574283725702,NEXT_BAR_OPEN_PROXY,REALIZED,14,HISTORICAL_ROLLING_PSEUDO_OOS,True
bitget/gate,2026-07-14 09:00:00+00:00,NORMAL,100.0,40.0,2026-07-14 09:15:00+00:00,2026-07-14 10:45:00+00:00,90.0,bitget,gate,25.87982032314473,0.0,25.87982032314473,-14.120179676855269,5.440360506289155,19.08992971582535,NEXT_BAR_OPEN_PROXY,REALIZED,14,HISTORICAL_ROLLING_PSEUDO_OOS,True
bitget/gate,2026-07-14 10:45:00+00:00,NORMAL,100.0,40.0,2026-07-14 11:00:00+00:00,2026-07-14 11:15:00+00:00,15.0,bitget,gate,3.0105854752227046,0.0,3.0105854752227046,-36.989414524777295,3.0105854752227046,3.0105854752227046,NEXT_BAR_OPEN_PROXY,REALIZED,14,HISTORICAL_ROLLING_PSEUDO_OOS,True
bitget/gate,2026-07-13 17:00:00+00:00,NORMAL,100.0,80.0,2026-07-13 17:15:00+00:00,2026-07-13 19:45:00+00:00,150.0,bitget,gate,29.65882175735679,0.0,29.65882175735679,-50.34117824264321,-23.043413584529215,32.00605593308592,NEXT_BAR_OPEN_PROXY,REALIZED,14,HISTORICAL_ROLLING_PSEUDO_OOS,True
bitget/gate,2026-07-13 20:00:00+00:00,NORMAL,100.0,80.0,2026-07-13 20:15:00+00:00,2026-07-13 23:15:00+00:00,180.0,bitget,gate,24.03743981116202,0.0,24.03743981116202,-55.96256018883798,-36.4180883185794,24.826830401627475,NEXT_BAR_OPEN_PROXY,REALIZED,14,HISTORICAL_ROLLING_PSEUDO_OOS,True
bitget/gate,2026-07-14 01:00:00+00:00,NORMAL,100.0,80.0,2026-07-14 01:15:00+00:00,2026-07-14 01:30:00+00:00,15.0,bitget,gate,29.11595564525804,0.0,29.11595564525804,-50.88404435474196,26.798637554728,26.798637554728,NEXT_BAR_OPEN_PROXY,REALIZED,14,HISTORICAL_ROLLING_PSEUDO_OOS,True
bitget/gate,2026-07-14 03:45:00+00:00,NORMAL,100.0,80.0,2026-07-14 04:00:00+00:00,2026-07-14 05:15:00+00:00,75.0,bitget,gate,32.374306937175135,0.0,32.374306937175135,-47.625693062824865,-3.1433671428104937,33.18632480156847,NEXT_BAR_OPEN_PROXY,REALIZED,14,HISTORICAL_ROLLING_PSEUDO_OOS,True
bitget/gate,2026-07-14 05:15:00+00:00,NORMAL,100.0,80.0,2026-07-14 05:30:00+00:00,2026-07-14 08:15:00+00:00,165.0,bitget,gate,17.78253052007628,-20.0,-2.2174694799237216,-82.21746947992372,-15.472013373656335,19.306456152505813,NEXT_BAR_OPEN_PROXY,REALIZED,14,HISTORICAL_ROLLING_PSEUDO_OOS,True
bitget/gate,2026-07-14 08:15:00+00:00,NORMAL,100.0,80.0,2026-07-14 08:30:00+00:00,2026-07-14 09:00:00+00:00,30.0,bitget,gate,11.962667213172296,0.0,11.962667213172296,-68.0373327868277,8.10206278731851,11.201574283725702,NEXT_BAR_OPEN_PROXY,REALIZED,14,HISTORICAL_ROLLING_PSEUDO_OOS,True
bitget/gate,2026-07-14 09:00:00+00:00,NORMAL,100.0,80.0,2026-07-14 09:15:00+00:00,2026-07-14 10:45:00+00:00,90.0,bitget,gate,25.87982032314473,0.0,25.87982032314473,-54.12017967685527,5.440360506289155,19.08992971582535,NEXT_BAR_OPEN_PROXY,REALIZED,14,HISTORICAL_ROLLING_PSEUDO_OOS,True
bitget/gate,2026-07-14 10:45:00+00:00,NORMAL,100.0,80.0,2026-07-14 11:00:00+00:00,2026-07-14 11:15:00+00:00,15.0,bitget,gate,3.0105854752227046,0.0,3.0105854752227046,-76.98941452477729,3.0105854752227046,3.0105854752227046,NEXT_BAR_OPEN_PROXY,REALIZED,14,HISTORICAL_ROLLING_PSEUDO_OOS,True
binance/gate,2026-07-15 14:15:00+00:00,NORMAL,100.0,20.0,2026-07-15 14:30:00+00:00,2026-07-17 05:30:00+00:00,2340.0,binance,gate,63.31546422455481,47.77989999999999,111.0953642245548,91.0953642245548,-17.33824733824885,65.57516193879675,NEXT_BAR_OPEN_PROXY,REALIZED,15,HISTORICAL_ROLLING_PSEUDO_OOS,True
binance/gate,2026-07-17 05:30:00+00:00,NORMAL,100.0,20.0,2026-07-17 05:45:00+00:00,2026-07-17 07:30:00+00:00,105.0,binance,gate,8.398607342000597,0.0,8.398607342000597,-11.601392657999403,-4.973583943195248,8.407746629293111,NEXT_BAR_OPEN_PROXY,REALIZED,15,HISTORICAL_ROLLING_PSEUDO_OOS,True
binance/gate,2026-07-17 08:30:00+00:00,NORMAL,100.0,20.0,2026-07-17 08:45:00+00:00,2026-07-17 09:00:00+00:00,15.0,binance,gate,2.027901598926629,0.0,2.027901598926629,-17.97209840107337,2.027901598926629,2.027901598926629,NEXT_BAR_OPEN_PROXY,REALIZED,15,HISTORICAL_ROLLING_PSEUDO_OOS,True
binance/gate,2026-07-17 09:45:00+00:00,NORMAL,100.0,20.0,2026-07-17 10:00:00+00:00,2026-07-17 10:45:00+00:00,45.0,binance,gate,6.470530907054517,0.0,6.470530907054517,-13.529469092945483,-12.675769563268435,3.571413203333762,NEXT_BAR_OPEN_PROXY,REALIZED,15,HISTORICAL_ROLLING_PSEUDO_OOS,True
binance/gate,2026-07-17 10:45:00+00:00,NORMAL,100.0,20.0,2026-07-17 11:00:00+00:00,2026-07-17 12:45:00+00:00,105.0,binance,gate,8.32159411165101,0.8949000000000001,9.21649411165101,-10.78350588834899,-15.405148554743509,8.066723967988798,NEXT_BAR_OPEN_PROXY,REALIZED,15,HISTORICAL_ROLLING_PSEUDO_OOS,True
binance/gate,2026-07-15 14:15:00+00:00,NORMAL,100.0,40.0,2026-07-15 14:30:00+00:00,2026-07-17 05:30:00+00:00,2340.0,binance,gate,63.31546422455481,47.77989999999999,111.0953642245548,71.0953642245548,-17.33824733824885,65.57516193879675,NEXT_BAR_OPEN_PROXY,REALIZED,15,HISTORICAL_ROLLING_PSEUDO_OOS,True
binance/gate,2026-07-17 05:30:00+00:00,NORMAL,100.0,40.0,2026-07-17 05:45:00+00:00,2026-07-17 07:30:00+00:00,105.0,binance,gate,8.398607342000597,0.0,8.398607342000597,-31.601392657999405,-4.973583943195248,8.407746629293111,NEXT_BAR_OPEN_PROXY,REALIZED,15,HISTORICAL_ROLLING_PSEUDO_OOS,True
binance/gate,2026-07-17 08:30:00+00:00,NORMAL,100.0,40.0,2026-07-17 08:45:00+00:00,2026-07-17 09:00:00+00:00,15.0,binance,gate,2.027901598926629,0.0,2.027901598926629,-37.97209840107337,2.027901598926629,2.027901598926629,NEXT_BAR_OPEN_PROXY,REALIZED,15,HISTORICAL_ROLLING_PSEUDO_OOS,True
binance/gate,2026-07-17 09:45:00+00:00,NORMAL,100.0,40.0,2026-07-17 10:00:00+00:00,2026-07-17 10:45:00+00:00,45.0,binance,gate,6.470530907054517,0.0,6.470530907054517,-33.52946909294548,-12.675769563268435,3.571413203333762,NEXT_BAR_OPEN_PROXY,REALIZED,15,HISTORICAL_ROLLING_PSEUDO_OOS,True
binance/gate,2026-07-17 10:45:00+00:00,NORMAL,100.0,40.0,2026-07-17 11:00:00+00:00,2026-07-17 12:45:00+00:00,105.0,binance,gate,8.32159411165101,0.8949000000000001,9.21649411165101,-30.78350588834899,-15.405148554743509,8.066723967988798,NEXT_BAR_OPEN_PROXY,REALIZED,15,HISTORICAL_ROLLING_PSEUDO_OOS,True
binance/gate,2026-07-15 14:15:00+00:00,NORMAL,100.0,80.0,2026-07-15 14:30:00+00:00,2026-07-17 05:30:00+00:00,2340.0,binance,gate,63.31546422455481,47.77989999999999,111.0953642245548,31.0953642245548,-17.33824733824885,65.57516193879675,NEXT_BAR_OPEN_PROXY,REALIZED,15,HISTORICAL_ROLLING_PSEUDO_OOS,True
binance/gate,2026-07-17 05:30:00+00:00,NORMAL,100.0,80.0,2026-07-17 05:45:00+00:00,2026-07-17 07:30:00+00:00,105.0,binance,gate,8.398607342000597,0.0,8.398607342000597,-71.6013926579994,-4.973583943195248,8.407746629293111,NEXT_BAR_OPEN_PROXY,REALIZED,15,HISTORICAL_ROLLING_PSEUDO_OOS,True
binance/gate,2026-07-17 08:30:00+00:00,NORMAL,100.0,80.0,2026-07-17 08:45:00+00:00,2026-07-17 09:00:00+00:00,15.0,binance,gate,2.027901598926629,0.0,2.027901598926629,-77.97209840107337,2.027901598926629,2.027901598926629,NEXT_BAR_OPEN_PROXY,REALIZED,15,HISTORICAL_ROLLING_PSEUDO_OOS,True
binance/gate,2026-07-17 09:45:00+00:00,NORMAL,100.0,80.0,2026-07-17 10:00:00+00:00,2026-07-17 10:45:00+00:00,45.0,binance,gate,6.470530907054517,0.0,6.470530907054517,-73.52946909294548,-12.675769563268435,3.571413203333762,NEXT_BAR_OPEN_PROXY,REALIZED,15,HISTORICAL_ROLLING_PSEUDO_OOS,True
binance/gate,2026-07-17 10:45:00+00:00,NORMAL,100.0,80.0,2026-07-17 11:00:00+00:00,2026-07-17 12:45:00+00:00,105.0,binance,gate,8.32159411165101,0.8949000000000001,9.21649411165101,-70.783505888349,-15.405148554743509,8.066723967988798,NEXT_BAR_OPEN_PROXY,REALIZED,15,HISTORICAL_ROLLING_PSEUDO_OOS,True
bitget/gate,2026-07-16 18:00:00+00:00,NORMAL,100.0,20.0,2026-07-16 18:15:00+00:00,2026-07-17 01:30:00+00:00,435.0,bitget,gate,77.060801452008,1.0,78.060801452008,58.06080145200799,-17.426336937683693,77.060801452008,NEXT_BAR_OPEN_PROXY,REALIZED,15,HISTORICAL_ROLLING_PSEUDO_OOS,True
bitget/gate,2026-07-17 01:30:00+00:00,NORMAL,100.0,20.0,2026-07-17 01:45:00+00:00,2026-07-17 02:45:00+00:00,60.0,bitget,gate,25.306977374760507,0.0,25.306977374760507,5.306977374760507,-2.665446593430598,23.629828527800267,NEXT_BAR_OPEN_PROXY,REALIZED,15,HISTORICAL_ROLLING_PSEUDO_OOS,True
bitget/gate,2026-07-17 03:45:00+00:00,NORMAL,100.0,20.0,2026-07-17 04:00:00+00:00,2026-07-17 05:30:00+00:00,90.0,bitget,gate,3.1530997030992935,5.0,8.153099703099294,-11.846900296900706,-13.30663853581937,3.9885913899562198,NEXT_BAR_OPEN_PROXY,REALIZED,15,HISTORICAL_ROLLING_PSEUDO_OOS,True
bitget/gate,2026-07-17 06:00:00+00:00,NORMAL,100.0,20.0,2026-07-17 06:15:00+00:00,2026-07-17 07:00:00+00:00,45.0,bitget,gate,7.456762214943513,0.0,7.456762214943513,-12.543237785056487,4.742927460279489,8.312194208099921,NEXT_BAR_OPEN_PROXY,REALIZED,15,HISTORICAL_ROLLING_PSEUDO_OOS,True
bitget/gate,2026-07-17 07:00:00+00:00,NORMAL,100.0,20.0,2026-07-17 07:15:00+00:00,2026-07-17 07:30:00+00:00,15.0,bitget,gate,11.135939383863924,0.0,11.135939383863924,-8.864060616136076,10.270588051224383,10.270588051224383,NEXT_BAR_OPEN_PROXY,REALIZED,15,HISTORICAL_ROLLING_PSEUDO_OOS,True
bitget/gate,2026-07-17 10:00:00+00:00,NORMAL,100.0,20.0,2026-07-17 10:15:00+00:00,2026-07-17 10:45:00+00:00,30.0,bitget,gate,19.403696660091896,0.0,19.403696660091896,-0.5963033399081041,0.5452232885416741,16.899104908547624,NEXT_BAR_OPEN_PROXY,REALIZED,15,HISTORICAL_ROLLING_PSEUDO_OOS,True
bitget/gate,2026-07-17 11:45:00+00:00,NORMAL,100.0,20.0,2026-07-17 12:00:00+00:00,2026-07-17 12:45:00+00:00,45.0,bitget,gate,10.37557026324576,5.0,15.37557026324576,-4.624429736754241,-4.727566561462115,10.37557026324576,NEXT_BAR_OPEN_PROXY,REALIZED,15,HISTORICAL_ROLLING_PSEUDO_OOS,True
bitget/gate,2026-07-16 18:00:00+00:00,NORMAL,100.0,40.0,2026-07-16 18:15:00+00:00,2026-07-17 01:30:00+00:00,435.0,bitget,gate,77.060801452008,1.0,78.060801452008,38.06080145200799,-17.426336937683693,77.060801452008,NEXT_BAR_OPEN_PROXY,REALIZED,15,HISTORICAL_ROLLING_PSEUDO_OOS,True
bitget/gate,2026-07-17 01:30:00+00:00,NORMAL,100.0,40.0,2026-07-17 01:45:00+00:00,2026-07-17 02:45:00+00:00,60.0,bitget,gate,25.306977374760507,0.0,25.306977374760507,-14.693022625239493,-2.665446593430598,23.629828527800267,NEXT_BAR_OPEN_PROXY,REALIZED,15,HISTORICAL_ROLLING_PSEUDO_OOS,True
bitget/gate,2026-07-17 03:45:00+00:00,NORMAL,100.0,40.0,2026-07-17 04:00:00+00:00,2026-07-17 05:30:00+00:00,90.0,bitget,gate,3.1530997030992935,5.0,8.153099703099294,-31.846900296900706,-13.30663853581937,3.9885913899562198,NEXT_BAR_OPEN_PROXY,REALIZED,15,HISTORICAL_ROLLING_PSEUDO_OOS,True
bitget/gate,2026-07-17 06:00:00+00:00,NORMAL,100.0,40.0,2026-07-17 06:15:00+00:00,2026-07-17 07:00:00+00:00,45.0,bitget,gate,7.456762214943513,0.0,7.456762214943513,-32.54323778505649,4.742927460279489,8.312194208099921,NEXT_BAR_OPEN_PROXY,REALIZED,15,HISTORICAL_ROLLING_PSEUDO_OOS,True
bitget/gate,2026-07-17 07:00:00+00:00,NORMAL,100.0,40.0,2026-07-17 07:15:00+00:00,2026-07-17 07:30:00+00:00,15.0,bitget,gate,11.135939383863924,0.0,11.135939383863924,-28.864060616136076,10.270588051224383,10.270588051224383,NEXT_BAR_OPEN_PROXY,REALIZED,15,HISTORICAL_ROLLING_PSEUDO_OOS,True
bitget/gate,2026-07-17 10:00:00+00:00,NORMAL,100.0,40.0,2026-07-17 10:15:00+00:00,2026-07-17 10:45:00+00:00,30.0,bitget,gate,19.403696660091896,0.0,19.403696660091896,-20.596303339908104,0.5452232885416741,16.899104908547624,NEXT_BAR_OPEN_PROXY,REALIZED,15,HISTORICAL_ROLLING_PSEUDO_OOS,True
bitget/gate,2026-07-17 11:45:00+00:00,NORMAL,100.0,40.0,2026-07-17 12:00:00+00:00,2026-07-17 12:45:00+00:00,45.0,bitget,gate,10.37557026324576,5.0,15.37557026324576,-24.62442973675424,-4.727566561462115,10.37557026324576,NEXT_BAR_OPEN_PROXY,REALIZED,15,HISTORICAL_ROLLING_PSEUDO_OOS,True
bitget/gate,2026-07-16 18:00:00+00:00,NORMAL,100.0,80.0,2026-07-16 18:15:00+00:00,2026-07-17 01:30:00+00:00,435.0,bitget,gate,77.060801452008,1.0,78.060801452008,-1.9391985479920066,-17.426336937683693,77.060801452008,NEXT_BAR_OPEN_PROXY,REALIZED,15,HISTORICAL_ROLLING_PSEUDO_OOS,True
bitget/gate,2026-07-17 01:30:00+00:00,NORMAL,100.0,80.0,2026-07-17 01:45:00+00:00,2026-07-17 02:45:00+00:00,60.0,bitget,gate,25.306977374760507,0.0,25.306977374760507,-54.69302262523949,-2.665446593430598,23.629828527800267,NEXT_BAR_OPEN_PROXY,REALIZED,15,HISTORICAL_ROLLING_PSEUDO_OOS,True
bitget/gate,2026-07-17 03:45:00+00:00,NORMAL,100.0,80.0,2026-07-17 04:00:00+00:00,2026-07-17 05:30:00+00:00,90.0,bitget,gate,3.1530997030992935,5.0,8.153099703099294,-71.84690029690071,-13.30663853581937,3.9885913899562198,NEXT_BAR_OPEN_PROXY,REALIZED,15,HISTORICAL_ROLLING_PSEUDO_OOS,True
bitget/gate,2026-07-17 06:00:00+00:00,NORMAL,100.0,80.0,2026-07-17 06:15:00+00:00,2026-07-17 07:00:00+00:00,45.0,bitget,gate,7.456762214943513,0.0,7.456762214943513,-72.54323778505649,4.742927460279489,8.312194208099921,NEXT_BAR_OPEN_PROXY,REALIZED,15,HISTORICAL_ROLLING_PSEUDO_OOS,True
bitget/gate,2026-07-17 07:00:00+00:00,NORMAL,100.0,80.0,2026-07-17 07:15:00+00:00,2026-07-17 07:30:00+00:00,15.0,bitget,gate,11.135939383863924,0.0,11.135939383863924,-68.86406061613607,10.270588051224383,10.270588051224383,NEXT_BAR_OPEN_PROXY,REALIZED,15,HISTORICAL_ROLLING_PSEUDO_OOS,True
bitget/gate,2026-07-17 10:00:00+00:00,NORMAL,100.0,80.0,2026-07-17 10:15:00+00:00,2026-07-17 10:45:00+00:00,30.0,bitget,gate,19.403696660091896,0.0,19.403696660091896,-60.596303339908104,0.5452232885416741,16.899104908547624,NEXT_BAR_OPEN_PROXY,REALIZED,15,HISTORICAL_ROLLING_PSEUDO_OOS,True
bitget/gate,2026-07-17 11:45:00+00:00,NORMAL,100.0,80.0,2026-07-17 12:00:00+00:00,2026-07-17 12:45:00+00:00,45.0,bitget,gate,10.37557026324576,5.0,15.37557026324576,-64.62442973675424,-4.727566561462115,10.37557026324576,NEXT_BAR_OPEN_PROXY,REALIZED,15,HISTORICAL_ROLLING_PSEUDO_OOS,True
gate/hyperliquid,2026-07-15 14:45:00+00:00,NORMAL,200.0,20.0,2026-07-15 15:00:00+00:00,2026-07-15 15:30:00+00:00,30.0,hyperliquid,gate,15.87440124184658,6.865119,22.73952024184658,2.7395202418465807,0.3363586547544539,14.361788192649438,NEXT_BAR_OPEN_PROXY,REALIZED,15,HISTORICAL_ROLLING_PSEUDO_OOS,True
gate/hyperliquid,2026-07-15 16:00:00+00:00,NORMAL,200.0,20.0,2026-07-15 16:15:00+00:00,2026-07-15 16:30:00+00:00,15.0,hyperliquid,gate,2.364451565766146,0.0,2.364451565766146,-17.635548434233854,8.49817726035873,8.49817726035873,NEXT_BAR_OPEN_PROXY,REALIZED,15,HISTORICAL_ROLLING_PSEUDO_OOS,True
gate/hyperliquid,2026-07-15 17:00:00+00:00,NORMAL,200.0,20.0,2026-07-15 17:15:00+00:00,2026-07-15 18:30:00+00:00,75.0,hyperliquid,gate,3.0554305814045613,-3.08547,-0.030039418595438683,-20.03003941859544,-13.985728671992437,15.994261895679873,NEXT_BAR_OPEN_PROXY,REALIZED,15,HISTORICAL_ROLLING_PSEUDO_OOS,True
gate/hyperliquid,2026-07-15 18:30:00+00:00,NORMAL,200.0,20.0,2026-07-15 18:45:00+00:00,2026-07-15 19:00:00+00:00,15.0,hyperliquid,gate,16.491534031273236,0.0,16.491534031273236,-3.508465968726764,15.725954487557647,15.725954487557647,NEXT_BAR_OPEN_PROXY,REALIZED,15,HISTORICAL_ROLLING_PSEUDO_OOS,True
gate/hyperliquid,2026-07-15 23:00:00+00:00,NORMAL,200.0,20.0,2026-07-15 23:15:00+00:00,2026-07-16 02:00:00+00:00,165.0,hyperliquid,gate,16.013613166044884,-2.2810859999999997,13.732527166044884,-6.267472833955116,-10.182419842057477,19.813368060715987,NEXT_BAR_OPEN_PROXY,REALIZED,15,HISTORICAL_ROLLING_PSEUDO_OOS,True
gate/hyperliquid,2026-07-16 02:30:00+00:00,NORMAL,200.0,20.0,2026-07-16 02:45:00+00:00,2026-07-16 03:00:00+00:00,15.0,hyperliquid,gate,11.983108312207946,0.0,11.983108312207946,-8.016891687792054,12.126194516877131,12.126194516877131,NEXT_BAR_OPEN_PROXY,REALIZED,15,HISTORICAL_ROLLING_PSEUDO_OOS,True
gate/hyperliquid,2026-07-16 03:15:00+00:00,NORMAL,200.0,20.0,2026-07-16 03:30:00+00:00,2026-07-16 04:00:00+00:00,30.0,hyperliquid,gate,11.824871009127325,0.0,11.824871009127325,-8.175128990872675,-8.270740669252818,16.604515715985535,NEXT_BAR_OPEN_PROXY,REALIZED,15,HISTORICAL_ROLLING_PSEUDO_OOS,True
gate/hyperliquid,2026-07-16 04:00:00+00:00,NORMAL,200.0,20.0,2026-07-16 04:15:00+00:00,2026-07-16 05:15:00+00:00,60.0,hyperliquid,gate,8.257736262264892,-0.727323,7.530413262264892,-12.469586737735108,-17.83212109479404,5.1390877889967435,NEXT_BAR_OPEN_PROXY,REALIZED,15,HISTORICAL_ROLLING_PSEUDO_OOS,True
gate/hyperliquid,2026-07-16 06:00:00+00:00,NORMAL,200.0,20.0,2026-07-16 06:15:00+00:00,2026-07-16 06:30:00+00:00,15.0,hyperliquid,gate,17.370963094514025,0.0,17.370963094514025,-2.6290369054859752,14.945348605510667,14.945348605510667,NEXT_BAR_OPEN_PROXY,REALIZED,15,HISTORICAL_ROLLING_PSEUDO_OOS,True
gate/hyperliquid,2026-07-16 07:15:00+00:00,NORMAL,200.0,20.0,2026-07-16 07:30:00+00:00,2026-07-16 08:00:00+00:00,30.0,hyperliquid,gate,1.2052534257700476,0.0,1.2052534257700476,-18.794746574229954,-1.2588160088244926,5.1183718154013125,NEXT_BAR_OPEN_PROXY,REALIZED,15,HISTORICAL_ROLLING_PSEUDO_OOS,True
gate/hyperliquid,2026-07-16 08:15:00+00:00,NORMAL,200.0,20.0,2026-07-16 08:30:00+00:00,2026-07-16 08:45:00+00:00,15.0,hyperliquid,gate,7.5295875204417495,0.0,7.5295875204417495,-12.47041247955825,7.513033313737427,7.513033313737427,NEXT_BAR_OPEN_PROXY,REALIZED,15,HISTORICAL_ROLLING_PSEUDO_OOS,True
gate/hyperliquid,2026-07-16 08:45:00+00:00,NORMAL,200.0,20.0,2026-07-16 09:00:00+00:00,2026-07-16 09:15:00+00:00,15.0,hyperliquid,gate,4.629233399709998,0.7587179999999999,5.387951399709998,-14.612048600290002,7.781321658180129,7.781321658180129,NEXT_BAR_OPEN_PROXY,REALIZED,15,HISTORICAL_ROLLING_PSEUDO_OOS,True
gate/hyperliquid,2026-07-16 09:45:00+00:00,NORMAL,200.0,20.0,2026-07-16 10:00:00+00:00,2026-07-17 00:45:00+00:00,885.0,hyperliquid,gate,14.01696228056748,15.931636000000003,29.94859828056748,9.94859828056748,-42.61038851890664,15.671583395217015,NEXT_BAR_OPEN_PROXY,REALIZED,15,HISTORICAL_ROLLING_PSEUDO_OOS,True
gate/hyperliquid,2026-07-17 01:30:00+00:00,NORMAL,200.0,20.0,2026-07-17 01:45:00+00:00,2026-07-17 02:45:00+00:00,60.0,hyperliquid,gate,10.570043253125272,0.058114,10.628157253125272,-9.371842746874728,-2.936948635701153,8.89289440616503,NEXT_BAR_OPEN_PROXY,REALIZED,15,HISTORICAL_ROLLING_PSEUDO_OOS,True
gate/hyperliquid,2026-07-17 02:45:00+00:00,NORMAL,200.0,20.0,2026-07-17 03:00:00+00:00,2026-07-17 03:15:00+00:00,15.0,hyperliquid,gate,7.796769334917908,1.664931,9.461700334917907,-10.538299665082093,7.813883963516677,7.813883963516677,NEXT_BAR_OPEN_PROXY,REALIZED,15,HISTORICAL_ROLLING_PSEUDO_OOS,True
gate/hyperliquid,2026-07-17 03:15:00+00:00,NORMAL,200.0,20.0,2026-07-17 03:30:00+00:00,2026-07-17 04:15:00+00:00,45.0,hyperliquid,gate,15.608941812919053,2.6628079999999996,18.27174981291905,-1.728250187080949,-6.23324000051273,9.758104901121945,NEXT_BAR_OPEN_PROXY,REALIZED,15,HISTORICAL_ROLLING_PSEUDO_OOS,True
gate/hyperliquid,2026-07-15 14:45:00+00:00,NORMAL,200.0,40.0,2026-07-15 15:00:00+00:00,2026-07-15 15:30:00+00:00,30.0,hyperliquid,gate,15.87440124184658,6.865119,22.73952024184658,-17.26047975815342,0.3363586547544539,14.361788192649438,NEXT_BAR_OPEN_PROXY,REALIZED,15,HISTORICAL_ROLLING_PSEUDO_OOS,True
gate/hyperliquid,2026-07-15 16:00:00+00:00,NORMAL,200.0,40.0,2026-07-15 16:15:00+00:00,2026-07-15 16:30:00+00:00,15.0,hyperliquid,gate,2.364451565766146,0.0,2.364451565766146,-37.635548434233854,8.49817726035873,8.49817726035873,NEXT_BAR_OPEN_PROXY,REALIZED,15,HISTORICAL_ROLLING_PSEUDO_OOS,True
gate/hyperliquid,2026-07-15 17:00:00+00:00,NORMAL,200.0,40.0,2026-07-15 17:15:00+00:00,2026-07-15 18:30:00+00:00,75.0,hyperliquid,gate,3.0554305814045613,-3.08547,-0.030039418595438683,-40.030039418595436,-13.985728671992437,15.994261895679873,NEXT_BAR_OPEN_PROXY,REALIZED,15,HISTORICAL_ROLLING_PSEUDO_OOS,True
gate/hyperliquid,2026-07-15 18:30:00+00:00,NORMAL,200.0,40.0,2026-07-15 18:45:00+00:00,2026-07-15 19:00:00+00:00,15.0,hyperliquid,gate,16.491534031273236,0.0,16.491534031273236,-23.508465968726764,15.725954487557647,15.725954487557647,NEXT_BAR_OPEN_PROXY,REALIZED,15,HISTORICAL_ROLLING_PSEUDO_OOS,True
gate/hyperliquid,2026-07-15 23:00:00+00:00,NORMAL,200.0,40.0,2026-07-15 23:15:00+00:00,2026-07-16 02:00:00+00:00,165.0,hyperliquid,gate,16.013613166044884,-2.2810859999999997,13.732527166044884,-26.267472833955118,-10.182419842057477,19.813368060715987,NEXT_BAR_OPEN_PROXY,REALIZED,15,HISTORICAL_ROLLING_PSEUDO_OOS,True
gate/hyperliquid,2026-07-16 02:30:00+00:00,NORMAL,200.0,40.0,2026-07-16 02:45:00+00:00,2026-07-16 03:00:00+00:00,15.0,hyperliquid,gate,11.983108312207946,0.0,11.983108312207946,-28.016891687792054,12.126194516877131,12.126194516877131,NEXT_BAR_OPEN_PROXY,REALIZED,15,HISTORICAL_ROLLING_PSEUDO_OOS,True
gate/hyperliquid,2026-07-16 03:15:00+00:00,NORMAL,200.0,40.0,2026-07-16 03:30:00+00:00,2026-07-16 04:00:00+00:00,30.0,hyperliquid,gate,11.824871009127325,0.0,11.824871009127325,-28.175128990872675,-8.270740669252818,16.604515715985535,NEXT_BAR_OPEN_PROXY,REALIZED,15,HISTORICAL_ROLLING_PSEUDO_OOS,True
gate/hyperliquid,2026-07-16 04:00:00+00:00,NORMAL,200.0,40.0,2026-07-16 04:15:00+00:00,2026-07-16 05:15:00+00:00,60.0,hyperliquid,gate,8.257736262264892,-0.727323,7.530413262264892,-32.469586737735106,-17.83212109479404,5.1390877889967435,NEXT_BAR_OPEN_PROXY,REALIZED,15,HISTORICAL_ROLLING_PSEUDO_OOS,True
gate/hyperliquid,2026-07-16 06:00:00+00:00,NORMAL,200.0,40.0,2026-07-16 06:15:00+00:00,2026-07-16 06:30:00+00:00,15.0,hyperliquid,gate,17.370963094514025,0.0,17.370963094514025,-22.629036905485975,14.945348605510667,14.945348605510667,NEXT_BAR_OPEN_PROXY,REALIZED,15,HISTORICAL_ROLLING_PSEUDO_OOS,True
gate/hyperliquid,2026-07-16 07:15:00+00:00,NORMAL,200.0,40.0,2026-07-16 07:30:00+00:00,2026-07-16 08:00:00+00:00,30.0,hyperliquid,gate,1.2052534257700476,0.0,1.2052534257700476,-38.794746574229954,-1.2588160088244926,5.1183718154013125,NEXT_BAR_OPEN_PROXY,REALIZED,15,HISTORICAL_ROLLING_PSEUDO_OOS,True
gate/hyperliquid,2026-07-16 08:15:00+00:00,NORMAL,200.0,40.0,2026-07-16 08:30:00+00:00,2026-07-16 08:45:00+00:00,15.0,hyperliquid,gate,7.5295875204417495,0.0,7.5295875204417495,-32.47041247955825,7.513033313737427,7.513033313737427,NEXT_BAR_OPEN_PROXY,REALIZED,15,HISTORICAL_ROLLING_PSEUDO_OOS,True
gate/hyperliquid,2026-07-16 08:45:00+00:00,NORMAL,200.0,40.0,2026-07-16 09:00:00+00:00,2026-07-16 09:15:00+00:00,15.0,hyperliquid,gate,4.629233399709998,0.7587179999999999,5.387951399709998,-34.61204860029,7.781321658180129,7.781321658180129,NEXT_BAR_OPEN_PROXY,REALIZED,15,HISTORICAL_ROLLING_PSEUDO_OOS,True
gate/hyperliquid,2026-07-16 09:45:00+00:00,NORMAL,200.0,40.0,2026-07-16 10:00:00+00:00,2026-07-17 00:45:00+00:00,885.0,hyperliquid,gate,14.01696228056748,15.931636000000003,29.94859828056748,-10.05140171943252,-42.61038851890664,15.671583395217015,NEXT_BAR_OPEN_PROXY,REALIZED,15,HISTORICAL_ROLLING_PSEUDO_OOS,True
gate/hyperliquid,2026-07-17 01:30:00+00:00,NORMAL,200.0,40.0,2026-07-17 01:45:00+00:00,2026-07-17 02:45:00+00:00,60.0,hyperliquid,gate,10.570043253125272,0.058114,10.628157253125272,-29.371842746874727,-2.936948635701153,8.89289440616503,NEXT_BAR_OPEN_PROXY,REALIZED,15,HISTORICAL_ROLLING_PSEUDO_OOS,True
gate/hyperliquid,2026-07-17 02:45:00+00:00,NORMAL,200.0,40.0,2026-07-17 03:00:00+00:00,2026-07-17 03:15:00+00:00,15.0,hyperliquid,gate,7.796769334917908,1.664931,9.461700334917907,-30.538299665082093,7.813883963516677,7.813883963516677,NEXT_BAR_OPEN_PROXY,REALIZED,15,HISTORICAL_ROLLING_PSEUDO_OOS,True
gate/hyperliquid,2026-07-17 03:15:00+00:00,NORMAL,200.0,40.0,2026-07-17 03:30:00+00:00,2026-07-17 04:15:00+00:00,45.0,hyperliquid,gate,15.608941812919053,2.6628079999999996,18.27174981291905,-21.72825018708095,-6.23324000051273,9.758104901121945,NEXT_BAR_OPEN_PROXY,REALIZED,15,HISTORICAL_ROLLING_PSEUDO_OOS,True
gate/hyperliquid,2026-07-15 14:45:00+00:00,NORMAL,200.0,80.0,2026-07-15 15:00:00+00:00,2026-07-15 15:30:00+00:00,30.0,hyperliquid,gate,15.87440124184658,6.865119,22.73952024184658,-57.26047975815342,0.3363586547544539,14.361788192649438,NEXT_BAR_OPEN_PROXY,REALIZED,15,HISTORICAL_ROLLING_PSEUDO_OOS,True
gate/hyperliquid,2026-07-15 16:00:00+00:00,NORMAL,200.0,80.0,2026-07-15 16:15:00+00:00,2026-07-15 16:30:00+00:00,15.0,hyperliquid,gate,2.364451565766146,0.0,2.364451565766146,-77.63554843423385,8.49817726035873,8.49817726035873,NEXT_BAR_OPEN_PROXY,REALIZED,15,HISTORICAL_ROLLING_PSEUDO_OOS,True
gate/hyperliquid,2026-07-15 17:00:00+00:00,NORMAL,200.0,80.0,2026-07-15 17:15:00+00:00,2026-07-15 18:30:00+00:00,75.0,hyperliquid,gate,3.0554305814045613,-3.08547,-0.030039418595438683,-80.03003941859544,-13.985728671992437,15.994261895679873,NEXT_BAR_OPEN_PROXY,REALIZED,15,HISTORICAL_ROLLING_PSEUDO_OOS,True
gate/hyperliquid,2026-07-15 18:30:00+00:00,NORMAL,200.0,80.0,2026-07-15 18:45:00+00:00,2026-07-15 19:00:00+00:00,15.0,hyperliquid,gate,16.491534031273236,0.0,16.491534031273236,-63.50846596872677,15.725954487557647,15.725954487557647,NEXT_BAR_OPEN_PROXY,REALIZED,15,HISTORICAL_ROLLING_PSEUDO_OOS,True
gate/hyperliquid,2026-07-15 23:00:00+00:00,NORMAL,200.0,80.0,2026-07-15 23:15:00+00:00,2026-07-16 02:00:00+00:00,165.0,hyperliquid,gate,16.013613166044884,-2.2810859999999997,13.732527166044884,-66.26747283395511,-10.182419842057477,19.813368060715987,NEXT_BAR_OPEN_PROXY,REALIZED,15,HISTORICAL_ROLLING_PSEUDO_OOS,True
gate/hyperliquid,2026-07-16 02:30:00+00:00,NORMAL,200.0,80.0,2026-07-16 02:45:00+00:00,2026-07-16 03:00:00+00:00,15.0,hyperliquid,gate,11.983108312207946,0.0,11.983108312207946,-68.01689168779205,12.126194516877131,12.126194516877131,NEXT_BAR_OPEN_PROXY,REALIZED,15,HISTORICAL_ROLLING_PSEUDO_OOS,True
gate/hyperliquid,2026-07-16 03:15:00+00:00,NORMAL,200.0,80.0,2026-07-16 03:30:00+00:00,2026-07-16 04:00:00+00:00,30.0,hyperliquid,gate,11.824871009127325,0.0,11.824871009127325,-68.17512899087268,-8.270740669252818,16.604515715985535,NEXT_BAR_OPEN_PROXY,REALIZED,15,HISTORICAL_ROLLING_PSEUDO_OOS,True
gate/hyperliquid,2026-07-16 04:00:00+00:00,NORMAL,200.0,80.0,2026-07-16 04:15:00+00:00,2026-07-16 05:15:00+00:00,60.0,hyperliquid,gate,8.257736262264892,-0.727323,7.530413262264892,-72.46958673773511,-17.83212109479404,5.1390877889967435,NEXT_BAR_OPEN_PROXY,REALIZED,15,HISTORICAL_ROLLING_PSEUDO_OOS,True
gate/hyperliquid,2026-07-16 06:00:00+00:00,NORMAL,200.0,80.0,2026-07-16 06:15:00+00:00,2026-07-16 06:30:00+00:00,15.0,hyperliquid,gate,17.370963094514025,0.0,17.370963094514025,-62.629036905485975,14.945348605510667,14.945348605510667,NEXT_BAR_OPEN_PROXY,REALIZED,15,HISTORICAL_ROLLING_PSEUDO_OOS,True
gate/hyperliquid,2026-07-16 07:15:00+00:00,NORMAL,200.0,80.0,2026-07-16 07:30:00+00:00,2026-07-16 08:00:00+00:00,30.0,hyperliquid,gate,1.2052534257700476,0.0,1.2052534257700476,-78.79474657422995,-1.2588160088244926,5.1183718154013125,NEXT_BAR_OPEN_PROXY,REALIZED,15,HISTORICAL_ROLLING_PSEUDO_OOS,True
gate/hyperliquid,2026-07-16 08:15:00+00:00,NORMAL,200.0,80.0,2026-07-16 08:30:00+00:00,2026-07-16 08:45:00+00:00,15.0,hyperliquid,gate,7.5295875204417495,0.0,7.5295875204417495,-72.47041247955825,7.513033313737427,7.513033313737427,NEXT_BAR_OPEN_PROXY,REALIZED,15,HISTORICAL_ROLLING_PSEUDO_OOS,True
gate/hyperliquid,2026-07-16 08:45:00+00:00,NORMAL,200.0,80.0,2026-07-16 09:00:00+00:00,2026-07-16 09:15:00+00:00,15.0,hyperliquid,gate,4.629233399709998,0.7587179999999999,5.387951399709998,-74.61204860029,7.781321658180129,7.781321658180129,NEXT_BAR_OPEN_PROXY,REALIZED,15,HISTORICAL_ROLLING_PSEUDO_OOS,True
gate/hyperliquid,2026-07-16 09:45:00+00:00,NORMAL,200.0,80.0,2026-07-16 10:00:00+00:00,2026-07-17 00:45:00+00:00,885.0,hyperliquid,gate,14.01696228056748,15.931636000000003,29.94859828056748,-50.05140171943252,-42.61038851890664,15.671583395217015,NEXT_BAR_OPEN_PROXY,REALIZED,15,HISTORICAL_ROLLING_PSEUDO_OOS,True
gate/hyperliquid,2026-07-17 01:30:00+00:00,NORMAL,200.0,80.0,2026-07-17 01:45:00+00:00,2026-07-17 02:45:00+00:00,60.0,hyperliquid,gate,10.570043253125272,0.058114,10.628157253125272,-69.37184274687473,-2.936948635701153,8.89289440616503,NEXT_BAR_OPEN_PROXY,REALIZED,15,HISTORICAL_ROLLING_PSEUDO_OOS,True
gate/hyperliquid,2026-07-17 02:45:00+00:00,NORMAL,200.0,80.0,2026-07-17 03:00:00+00:00,2026-07-17 03:15:00+00:00,15.0,hyperliquid,gate,7.796769334917908,1.664931,9.461700334917907,-70.53829966508209,7.813883963516677,7.813883963516677,NEXT_BAR_OPEN_PROXY,REALIZED,15,HISTORICAL_ROLLING_PSEUDO_OOS,True
gate/hyperliquid,2026-07-17 03:15:00+00:00,NORMAL,200.0,80.0,2026-07-17 03:30:00+00:00,2026-07-17 04:15:00+00:00,45.0,hyperliquid,gate,15.608941812919053,2.6628079999999996,18.27174981291905,-61.728250187080945,-6.23324000051273,9.758104901121945,NEXT_BAR_OPEN_PROXY,REALIZED,15,HISTORICAL_ROLLING_PSEUDO_OOS,True
gate/okx,2026-07-16 07:30:00+00:00,NORMAL,200.0,20.0,2026-07-16 07:45:00+00:00,2026-07-16 08:00:00+00:00,15.0,okx,gate,6.855753141161713,0.0,6.855753141161713,-13.144246858838287,11.603193918879873,11.603193918879873,NEXT_BAR_OPEN_PROXY,REALIZED,15,HISTORICAL_ROLLING_PSEUDO_OOS,True
gate/okx,2026-07-16 13:30:00+00:00,NORMAL,200.0,20.0,2026-07-16 13:45:00+00:00,2026-07-16 14:00:00+00:00,15.0,okx,gate,18.045433213207396,0.0,18.045433213207396,-1.9545667867926042,15.25032576532137,15.25032576532137,NEXT_BAR_OPEN_PROXY,REALIZED,15,HISTORICAL_ROLLING_PSEUDO_OOS,True
gate/okx,2026-07-16 14:15:00+00:00,NORMAL,200.0,20.0,2026-07-16 14:30:00+00:00,2026-07-16 15:00:00+00:00,30.0,okx,gate,2.5609105145496525,0.0,2.5609105145496525,-17.439089485450346,-2.345297055930118,11.365136543043386,NEXT_BAR_OPEN_PROXY,REALIZED,15,HISTORICAL_ROLLING_PSEUDO_OOS,True
gate/okx,2026-07-16 15:30:00+00:00,NORMAL,200.0,20.0,2026-07-16 15:45:00+00:00,2026-07-16 16:00:00+00:00,15.0,okx,gate,-6.692243719521596,0.0,-6.692243719521596,-26.692243719521596,-5.96731476292911,-5.96731476292911,NEXT_BAR_OPEN_PROXY,REALIZED,15,HISTORICAL_ROLLING_PSEUDO_OOS,True
gate/okx,2026-07-16 16:15:00+00:00,NORMAL,200.0,20.0,2026-07-16 16:30:00+00:00,2026-07-16 17:30:00+00:00,60.0,okx,gate,8.92144666213901,0.0,8.92144666213901,-11.07855333786099,0.21035710798700258,9.152839480927044,NEXT_BAR_OPEN_PROXY,REALIZED,15,HISTORICAL_ROLLING_PSEUDO_OOS,True
gate/okx,2026-07-16 17:30:00+00:00,NORMAL,200.0,20.0,2026-07-16 17:45:00+00:00,2026-07-16 18:00:00+00:00,15.0,okx,gate,-1.516678027166929,0.0,-1.516678027166929,-21.51667802716693,3.322885942680376,3.322885942680376,NEXT_BAR_OPEN_PROXY,REALIZED,15,HISTORICAL_ROLLING_PSEUDO_OOS,True
gate/okx,2026-07-16 18:45:00+00:00,NORMAL,200.0,20.0,2026-07-16 19:00:00+00:00,2026-07-16 19:15:00+00:00,15.0,okx,gate,1.3316774912175422,0.0,1.3316774912175422,-18.66832250878246,3.9605336261672175,3.9605336261672175,NEXT_BAR_OPEN_PROXY,REALIZED,15,HISTORICAL_ROLLING_PSEUDO_OOS,True
gate/okx,2026-07-16 19:15:00+00:00,NORMAL,200.0,20.0,2026-07-16 19:30:00+00:00,2026-07-16 19:45:00+00:00,15.0,okx,gate,-1.9293576168932791,0.0,-1.9293576168932791,-21.929357616893277,-0.7514814958087257,-0.7514814958087257,NEXT_BAR_OPEN_PROXY,REALIZED,15,HISTORICAL_ROLLING_PSEUDO_OOS,True
gate/okx,2026-07-16 20:00:00+00:00,NORMAL,200.0,20.0,2026-07-16 20:15:00+00:00,2026-07-16 21:15:00+00:00,60.0,okx,gate,6.379940692575747,0.0,6.379940692575747,-13.620059307424253,-0.20811915171226048,6.379940692575747,NEXT_BAR_OPEN_PROXY,REALIZED,15,HISTORICAL_ROLLING_PSEUDO_OOS,True
gate/okx,2026-07-16 21:15:00+00:00,NORMAL,200.0,20.0,2026-07-16 21:30:00+00:00,2026-07-16 21:45:00+00:00,15.0,okx,gate,2.5522542193812114,0.0,2.5522542193812114,-17.44774578061879,1.012298440289383,1.012298440289383,NEXT_BAR_OPEN_PROXY,REALIZED,15,HISTORICAL_ROLLING_PSEUDO_OOS,True
gate/okx,2026-07-16 21:45:00+00:00,NORMAL,200.0,20.0,2026-07-16 22:00:00+00:00,2026-07-16 22:15:00+00:00,15.0,okx,gate,5.887929164171135,0.0,5.887929164171135,-14.112070835828865,6.700276848982112,6.700276848982112,NEXT_BAR_OPEN_PROXY,REALIZED,15,HISTORICAL_ROLLING_PSEUDO_OOS,True
gate/okx,2026-07-16 22:15:00+00:00,NORMAL,200.0,20.0,2026-07-16 22:30:00+00:00,2026-07-16 23:00:00+00:00,30.0,okx,gate,4.197159105695514,0.0,4.197159105695514,-15.802840894304486,-1.1866836725160645,4.197159105695514,NEXT_BAR_OPEN_PROXY,REALIZED,15,HISTORICAL_ROLLING_PSEUDO_OOS,True
gate/okx,2026-07-16 23:00:00+00:00,NORMAL,200.0,20.0,2026-07-16 23:15:00+00:00,2026-07-16 23:30:00+00:00,15.0,okx,gate,4.574814150728468,0.0,4.574814150728468,-15.425185849271532,9.407244481781651,9.407244481781651,NEXT_BAR_OPEN_PROXY,REALIZED,15,HISTORICAL_ROLLING_PSEUDO_OOS,True
gate/okx,2026-07-16 07:30:00+00:00,NORMAL,200.0,40.0,2026-07-16 07:45:00+00:00,2026-07-16 08:00:00+00:00,15.0,okx,gate,6.855753141161713,0.0,6.855753141161713,-33.14424685883829,11.603193918879873,11.603193918879873,NEXT_BAR_OPEN_PROXY,REALIZED,15,HISTORICAL_ROLLING_PSEUDO_OOS,True
gate/okx,2026-07-16 13:30:00+00:00,NORMAL,200.0,40.0,2026-07-16 13:45:00+00:00,2026-07-16 14:00:00+00:00,15.0,okx,gate,18.045433213207396,0.0,18.045433213207396,-21.954566786792604,15.25032576532137,15.25032576532137,NEXT_BAR_OPEN_PROXY,REALIZED,15,HISTORICAL_ROLLING_PSEUDO_OOS,True
gate/okx,2026-07-16 14:15:00+00:00,NORMAL,200.0,40.0,2026-07-16 14:30:00+00:00,2026-07-16 15:00:00+00:00,30.0,okx,gate,2.5609105145496525,0.0,2.5609105145496525,-37.439089485450346,-2.345297055930118,11.365136543043386,NEXT_BAR_OPEN_PROXY,REALIZED,15,HISTORICAL_ROLLING_PSEUDO_OOS,True
gate/okx,2026-07-16 15:30:00+00:00,NORMAL,200.0,40.0,2026-07-16 15:45:00+00:00,2026-07-16 16:00:00+00:00,15.0,okx,gate,-6.692243719521596,0.0,-6.692243719521596,-46.6922437195216,-5.96731476292911,-5.96731476292911,NEXT_BAR_OPEN_PROXY,REALIZED,15,HISTORICAL_ROLLING_PSEUDO_OOS,True
gate/okx,2026-07-16 16:15:00+00:00,NORMAL,200.0,40.0,2026-07-16 16:30:00+00:00,2026-07-16 17:30:00+00:00,60.0,okx,gate,8.92144666213901,0.0,8.92144666213901,-31.07855333786099,0.21035710798700258,9.152839480927044,NEXT_BAR_OPEN_PROXY,REALIZED,15,HISTORICAL_ROLLING_PSEUDO_OOS,True
gate/okx,2026-07-16 17:30:00+00:00,NORMAL,200.0,40.0,2026-07-16 17:45:00+00:00,2026-07-16 18:00:00+00:00,15.0,okx,gate,-1.516678027166929,0.0,-1.516678027166929,-41.51667802716693,3.322885942680376,3.322885942680376,NEXT_BAR_OPEN_PROXY,REALIZED,15,HISTORICAL_ROLLING_PSEUDO_OOS,True
gate/okx,2026-07-16 18:45:00+00:00,NORMAL,200.0,40.0,2026-07-16 19:00:00+00:00,2026-07-16 19:15:00+00:00,15.0,okx,gate,1.3316774912175422,0.0,1.3316774912175422,-38.66832250878246,3.9605336261672175,3.9605336261672175,NEXT_BAR_OPEN_PROXY,REALIZED,15,HISTORICAL_ROLLING_PSEUDO_OOS,True
gate/okx,2026-07-16 19:15:00+00:00,NORMAL,200.0,40.0,2026-07-16 19:30:00+00:00,2026-07-16 19:45:00+00:00,15.0,okx,gate,-1.9293576168932791,0.0,-1.9293576168932791,-41.92935761689328,-0.7514814958087257,-0.7514814958087257,NEXT_BAR_OPEN_PROXY,REALIZED,15,HISTORICAL_ROLLING_PSEUDO_OOS,True
gate/okx,2026-07-16 20:00:00+00:00,NORMAL,200.0,40.0,2026-07-16 20:15:00+00:00,2026-07-16 21:15:00+00:00,60.0,okx,gate,6.379940692575747,0.0,6.379940692575747,-33.620059307424256,-0.20811915171226048,6.379940692575747,NEXT_BAR_OPEN_PROXY,REALIZED,15,HISTORICAL_ROLLING_PSEUDO_OOS,True
gate/okx,2026-07-16 21:15:00+00:00,NORMAL,200.0,40.0,2026-07-16 21:30:00+00:00,2026-07-16 21:45:00+00:00,15.0,okx,gate,2.5522542193812114,0.0,2.5522542193812114,-37.44774578061879,1.012298440289383,1.012298440289383,NEXT_BAR_OPEN_PROXY,REALIZED,15,HISTORICAL_ROLLING_PSEUDO_OOS,True
gate/okx,2026-07-16 21:45:00+00:00,NORMAL,200.0,40.0,2026-07-16 22:00:00+00:00,2026-07-16 22:15:00+00:00,15.0,okx,gate,5.887929164171135,0.0,5.887929164171135,-34.11207083582887,6.700276848982112,6.700276848982112,NEXT_BAR_OPEN_PROXY,REALIZED,15,HISTORICAL_ROLLING_PSEUDO_OOS,True
gate/okx,2026-07-16 22:15:00+00:00,NORMAL,200.0,40.0,2026-07-16 22:30:00+00:00,2026-07-16 23:00:00+00:00,30.0,okx,gate,4.197159105695514,0.0,4.197159105695514,-35.80284089430449,-1.1866836725160645,4.197159105695514,NEXT_BAR_OPEN_PROXY,REALIZED,15,HISTORICAL_ROLLING_PSEUDO_OOS,True
gate/okx,2026-07-16 23:00:00+00:00,NORMAL,200.0,40.0,2026-07-16 23:15:00+00:00,2026-07-16 23:30:00+00:00,15.0,okx,gate,4.574814150728468,0.0,4.574814150728468,-35.42518584927153,9.407244481781651,9.407244481781651,NEXT_BAR_OPEN_PROXY,REALIZED,15,HISTORICAL_ROLLING_PSEUDO_OOS,True
gate/okx,2026-07-16 07:30:00+00:00,NORMAL,200.0,80.0,2026-07-16 07:45:00+00:00,2026-07-16 08:00:00+00:00,15.0,okx,gate,6.855753141161713,0.0,6.855753141161713,-73.14424685883829,11.603193918879873,11.603193918879873,NEXT_BAR_OPEN_PROXY,REALIZED,15,HISTORICAL_ROLLING_PSEUDO_OOS,True
gate/okx,2026-07-16 13:30:00+00:00,NORMAL,200.0,80.0,2026-07-16 13:45:00+00:00,2026-07-16 14:00:00+00:00,15.0,okx,gate,18.045433213207396,0.0,18.045433213207396,-61.954566786792604,15.25032576532137,15.25032576532137,NEXT_BAR_OPEN_PROXY,REALIZED,15,HISTORICAL_ROLLING_PSEUDO_OOS,True
gate/okx,2026-07-16 14:15:00+00:00,NORMAL,200.0,80.0,2026-07-16 14:30:00+00:00,2026-07-16 15:00:00+00:00,30.0,okx,gate,2.5609105145496525,0.0,2.5609105145496525,-77.43908948545035,-2.345297055930118,11.365136543043386,NEXT_BAR_OPEN_PROXY,REALIZED,15,HISTORICAL_ROLLING_PSEUDO_OOS,True
gate/okx,2026-07-16 15:30:00+00:00,NORMAL,200.0,80.0,2026-07-16 15:45:00+00:00,2026-07-16 16:00:00+00:00,15.0,okx,gate,-6.692243719521596,0.0,-6.692243719521596,-86.6922437195216,-5.96731476292911,-5.96731476292911,NEXT_BAR_OPEN_PROXY,REALIZED,15,HISTORICAL_ROLLING_PSEUDO_OOS,True
gate/okx,2026-07-16 16:15:00+00:00,NORMAL,200.0,80.0,2026-07-16 16:30:00+00:00,2026-07-16 17:30:00+00:00,60.0,okx,gate,8.92144666213901,0.0,8.92144666213901,-71.078553337861,0.21035710798700258,9.152839480927044,NEXT_BAR_OPEN_PROXY,REALIZED,15,HISTORICAL_ROLLING_PSEUDO_OOS,True
gate/okx,2026-07-16 17:30:00+00:00,NORMAL,200.0,80.0,2026-07-16 17:45:00+00:00,2026-07-16 18:00:00+00:00,15.0,okx,gate,-1.516678027166929,0.0,-1.516678027166929,-81.51667802716693,3.322885942680376,3.322885942680376,NEXT_BAR_OPEN_PROXY,REALIZED,15,HISTORICAL_ROLLING_PSEUDO_OOS,True
gate/okx,2026-07-16 18:45:00+00:00,NORMAL,200.0,80.0,2026-07-16 19:00:00+00:00,2026-07-16 19:15:00+00:00,15.0,okx,gate,1.3316774912175422,0.0,1.3316774912175422,-78.66832250878245,3.9605336261672175,3.9605336261672175,NEXT_BAR_OPEN_PROXY,REALIZED,15,HISTORICAL_ROLLING_PSEUDO_OOS,True
gate/okx,2026-07-16 19:15:00+00:00,NORMAL,200.0,80.0,2026-07-16 19:30:00+00:00,2026-07-16 19:45:00+00:00,15.0,okx,gate,-1.9293576168932791,0.0,-1.9293576168932791,-81.92935761689328,-0.7514814958087257,-0.7514814958087257,NEXT_BAR_OPEN_PROXY,REALIZED,15,HISTORICAL_ROLLING_PSEUDO_OOS,True
gate/okx,2026-07-16 20:00:00+00:00,NORMAL,200.0,80.0,2026-07-16 20:15:00+00:00,2026-07-16 21:15:00+00:00,60.0,okx,gate,6.379940692575747,0.0,6.379940692575747,-73.62005930742426,-0.20811915171226048,6.379940692575747,NEXT_BAR_OPEN_PROXY,REALIZED,15,HISTORICAL_ROLLING_PSEUDO_OOS,True
gate/okx,2026-07-16 21:15:00+00:00,NORMAL,200.0,80.0,2026-07-16 21:30:00+00:00,2026-07-16 21:45:00+00:00,15.0,okx,gate,2.5522542193812114,0.0,2.5522542193812114,-77.44774578061879,1.012298440289383,1.012298440289383,NEXT_BAR_OPEN_PROXY,REALIZED,15,HISTORICAL_ROLLING_PSEUDO_OOS,True
gate/okx,2026-07-16 21:45:00+00:00,NORMAL,200.0,80.0,2026-07-16 22:00:00+00:00,2026-07-16 22:15:00+00:00,15.0,okx,gate,5.887929164171135,0.0,5.887929164171135,-74.11207083582886,6.700276848982112,6.700276848982112,NEXT_BAR_OPEN_PROXY,REALIZED,15,HISTORICAL_ROLLING_PSEUDO_OOS,True
gate/okx,2026-07-16 22:15:00+00:00,NORMAL,200.0,80.0,2026-07-16 22:30:00+00:00,2026-07-16 23:00:00+00:00,30.0,okx,gate,4.197159105695514,0.0,4.197159105695514,-75.80284089430448,-1.1866836725160645,4.197159105695514,NEXT_BAR_OPEN_PROXY,REALIZED,15,HISTORICAL_ROLLING_PSEUDO_OOS,True
gate/okx,2026-07-16 23:00:00+00:00,NORMAL,200.0,80.0,2026-07-16 23:15:00+00:00,2026-07-16 23:30:00+00:00,15.0,okx,gate,4.574814150728468,0.0,4.574814150728468,-75.42518584927153,9.407244481781651,9.407244481781651,NEXT_BAR_OPEN_PROXY,REALIZED,15,HISTORICAL_ROLLING_PSEUDO_OOS,True
binance/gate,2026-07-17 16:30:00+00:00,NORMAL,100.0,20.0,2026-07-17 16:45:00+00:00,2026-07-17 17:15:00+00:00,30.0,binance,gate,14.610483347992087,0.0,14.610483347992087,-5.389516652007913,2.2725440814608255,15.430895194740168,NEXT_BAR_OPEN_PROXY,REALIZED,16,HISTORICAL_ROLLING_PSEUDO_OOS,True
binance/gate,2026-07-17 16:30:00+00:00,NORMAL,100.0,40.0,2026-07-17 16:45:00+00:00,2026-07-17 17:15:00+00:00,30.0,binance,gate,14.610483347992087,0.0,14.610483347992087,-25.389516652007913,2.2725440814608255,15.430895194740168,NEXT_BAR_OPEN_PROXY,REALIZED,16,HISTORICAL_ROLLING_PSEUDO_OOS,True
binance/gate,2026-07-17 16:30:00+00:00,NORMAL,100.0,80.0,2026-07-17 16:45:00+00:00,2026-07-17 17:15:00+00:00,30.0,binance,gate,14.610483347992087,0.0,14.610483347992087,-65.38951665200791,2.2725440814608255,15.430895194740168,NEXT_BAR_OPEN_PROXY,REALIZED,16,HISTORICAL_ROLLING_PSEUDO_OOS,True
gate/hyperliquid,2026-07-19 23:00:00+00:00,NORMAL,100.0,20.0,2026-07-19 23:15:00+00:00,2026-07-19 23:30:00+00:00,15.0,hyperliquid,gate,21.90295054555813,0.0,21.90295054555813,1.9029505455581308,22.757213316784153,22.757213316784153,NEXT_BAR_OPEN_PROXY,REALIZED,17,HISTORICAL_ROLLING_PSEUDO_OOS,True
gate/hyperliquid,2026-07-19 23:00:00+00:00,NORMAL,100.0,40.0,2026-07-19 23:15:00+00:00,2026-07-19 23:30:00+00:00,15.0,hyperliquid,gate,21.90295054555813,0.0,21.90295054555813,-18.09704945444187,22.757213316784153,22.757213316784153,NEXT_BAR_OPEN_PROXY,REALIZED,17,HISTORICAL_ROLLING_PSEUDO_OOS,True
gate/hyperliquid,2026-07-19 23:00:00+00:00,NORMAL,100.0,80.0,2026-07-19 23:15:00+00:00,2026-07-19 23:30:00+00:00,15.0,hyperliquid,gate,21.90295054555813,0.0,21.90295054555813,-58.09704945444187,22.757213316784153,22.757213316784153,NEXT_BAR_OPEN_PROXY,REALIZED,17,HISTORICAL_ROLLING_PSEUDO_OOS,True
