threshold_bps,event_id,start_time,end_time,duration_minutes,bar_count,peak_time,peak_signed_bps,peak_abs_bps,regime
50,gate-50-0001,2026-06-23 00:45:00+00:00,2026-06-23 01:00:00+00:00,15,1,2026-06-23 00:45:00+00:00,58.26645392266593,58.26645392266593,PRE_20260716
50,gate-50-0002,2026-06-23 05:30:00+00:00,2026-06-23 05:45:00+00:00,15,1,2026-06-23 05:30:00+00:00,92.4230534484254,92.4230534484254,PRE_20260716
50,gate-50-0003,2026-06-23 06:00:00+00:00,2026-06-23 06:15:00+00:00,15,1,2026-06-23 06:00:00+00:00,58.18277004717667,58.18277004717667,PRE_20260716
50,gate-50-0004,2026-06-23 06:30:00+00:00,2026-06-23 08:15:00+00:00,105,7,2026-06-23 07:15:00+00:00,106.73390787723854,106.73390787723854,PRE_20260716
50,gate-50-0005,2026-06-23 08:30:00+00:00,2026-06-23 13:00:00+00:00,270,18,2026-06-23 09:15:00+00:00,109.02132660948264,109.02132660948264,PRE_20260716
50,gate-50-0006,2026-06-23 13:15:00+00:00,2026-06-23 14:45:00+00:00,90,6,2026-06-23 14:15:00+00:00,82.65057812207598,82.65057812207598,PRE_20260716
50,gate-50-0007,2026-06-23 15:30:00+00:00,2026-06-23 15:45:00+00:00,15,1,2026-06-23 15:30:00+00:00,58.866255750252584,58.866255750252584,PRE_20260716
50,gate-50-0008,2026-06-23 16:15:00+00:00,2026-06-23 20:45:00+00:00,270,18,2026-06-23 18:15:00+00:00,77.81506130215251,77.81506130215251,PRE_20260716
50,gate-50-0009,2026-06-24 00:30:00+00:00,2026-06-24 11:15:00+00:00,645,43,2026-06-24 05:00:00+00:00,192.79287162211403,192.79287162211403,PRE_20260716
50,gate-50-0010,2026-06-24 11:30:00+00:00,2026-06-24 11:45:00+00:00,15,1,2026-06-24 11:30:00+00:00,54.96162162627783,54.96162162627783,PRE_20260716
50,gate-50-0011,2026-06-24 12:00:00+00:00,2026-06-24 12:15:00+00:00,15,1,2026-06-24 12:00:00+00:00,59.000432899191615,59.000432899191615,PRE_20260716
50,gate-50-0012,2026-06-24 12:45:00+00:00,2026-06-24 13:30:00+00:00,45,3,2026-06-24 12:45:00+00:00,53.836579929954304,53.836579929954304,PRE_20260716
50,gate-50-0013,2026-06-24 13:45:00+00:00,2026-06-24 14:15:00+00:00,30,2,2026-06-24 13:45:00+00:00,54.93127690142724,54.93127690142724,PRE_20260716
50,gate-50-0014,2026-06-24 14:30:00+00:00,2026-06-24 15:00:00+00:00,30,2,2026-06-24 14:45:00+00:00,58.53589731534179,58.53589731534179,PRE_20260716
50,gate-50-0015,2026-06-24 16:45:00+00:00,2026-06-24 17:00:00+00:00,15,1,2026-06-24 16:45:00+00:00,51.31877312328386,51.31877312328386,PRE_20260716
50,gate-50-0016,2026-06-24 18:15:00+00:00,2026-06-24 18:45:00+00:00,30,2,2026-06-24 18:30:00+00:00,62.68841701269053,62.68841701269053,PRE_20260716
50,gate-50-0017,2026-06-24 19:45:00+00:00,2026-06-25 18:30:00+00:00,1365,91,2026-06-25 01:45:00+00:00,238.60673124991607,238.60673124991607,PRE_20260716
50,gate-50-0018,2026-06-25 18:45:00+00:00,2026-06-26 19:45:00+00:00,1500,100,2026-06-26 03:15:00+00:00,209.98348540640546,209.98348540640546,PRE_20260716
50,gate-50-0019,2026-06-26 20:00:00+00:00,2026-06-27 21:00:00+00:00,1500,100,2026-06-26 22:15:00+00:00,173.40057800192614,173.40057800192614,PRE_20260716
50,gate-50-0020,2026-06-27 21:15:00+00:00,2026-06-28 22:15:00+00:00,1500,100,2026-06-28 08:00:00+00:00,170.19512495728378,170.19512495728378,PRE_20260716
50,gate-50-0021,2026-06-28 22:30:00+00:00,2026-06-29 23:30:00+00:00,1500,100,2026-06-29 05:00:00+00:00,287.4118784334991,287.4118784334991,PRE_20260716
50,gate-50-0022,2026-06-29 23:45:00+00:00,2026-06-30 04:45:00+00:00,300,20,2026-06-30 00:00:00+00:00,178.30265138358197,178.30265138358197,PRE_20260716
50,gate-50-0023,2026-06-30 06:15:00+00:00,2026-06-30 07:30:00+00:00,75,5,2026-06-30 06:15:00+00:00,112.25417346011251,112.25417346011251,PRE_20260716
50,gate-50-0024,2026-06-30 08:00:00+00:00,2026-06-30 11:45:00+00:00,225,15,2026-06-30 08:00:00+00:00,77.15740748792028,77.15740748792028,PRE_20260716
50,gate-50-0025,2026-06-30 12:30:00+00:00,2026-06-30 14:45:00+00:00,135,9,2026-06-30 13:15:00+00:00,61.07056172737458,61.07056172737458,PRE_20260716
50,gate-50-0026,2026-06-30 15:00:00+00:00,2026-06-30 15:15:00+00:00,15,1,2026-06-30 15:00:00+00:00,51.23039286228286,51.23039286228286,PRE_20260716
50,gate-50-0027,2026-06-30 15:30:00+00:00,2026-07-01 00:15:00+00:00,525,35,2026-06-30 22:45:00+00:00,71.47263769286062,71.47263769286062,PRE_20260716
50,gate-50-0028,2026-07-01 01:00:00+00:00,2026-07-02 02:00:00+00:00,1500,100,2026-07-01 22:45:00+00:00,182.2680154082234,182.2680154082234,PRE_20260716
50,gate-50-0029,2026-07-02 02:15:00+00:00,2026-07-02 14:45:00+00:00,750,50,2026-07-02 06:15:00+00:00,203.9577181022821,203.9577181022821,PRE_20260716
50,gate-50-0030,2026-07-02 15:00:00+00:00,2026-07-02 15:15:00+00:00,15,1,2026-07-02 15:00:00+00:00,60.086854083746,60.086854083746,PRE_20260716
50,gate-50-0031,2026-07-02 16:15:00+00:00,2026-07-02 16:45:00+00:00,30,2,2026-07-02 16:15:00+00:00,58.83414929430842,58.83414929430842,PRE_20260716
50,gate-50-0032,2026-07-02 17:15:00+00:00,2026-07-02 17:30:00+00:00,15,1,2026-07-02 17:15:00+00:00,52.950236714528735,52.950236714528735,PRE_20260716
50,gate-50-0033,2026-07-02 18:45:00+00:00,2026-07-03 00:00:00+00:00,315,21,2026-07-02 21:30:00+00:00,71.44168184449356,71.44168184449356,PRE_20260716
50,gate-50-0034,2026-07-03 00:15:00+00:00,2026-07-03 03:15:00+00:00,180,12,2026-07-03 01:00:00+00:00,100.79072809235592,100.79072809235592,PRE_20260716
50,gate-50-0035,2026-07-03 03:30:00+00:00,2026-07-03 04:45:00+00:00,75,5,2026-07-03 03:30:00+00:00,79.08955208655567,79.08955208655567,PRE_20260716
50,gate-50-0036,2026-07-03 11:15:00+00:00,2026-07-03 11:45:00+00:00,30,2,2026-07-03 11:15:00+00:00,53.06590935247753,53.06590935247753,PRE_20260716
50,gate-50-0037,2026-07-03 12:00:00+00:00,2026-07-03 13:45:00+00:00,105,7,2026-07-03 12:45:00+00:00,60.935090336898504,60.935090336898504,PRE_20260716
50,gate-50-0038,2026-07-03 14:00:00+00:00,2026-07-03 14:15:00+00:00,15,1,2026-07-03 14:00:00+00:00,51.497628728409694,51.497628728409694,PRE_20260716
50,gate-50-0039,2026-07-03 14:45:00+00:00,2026-07-03 15:00:00+00:00,15,1,2026-07-03 14:45:00+00:00,58.9011373797127,58.9011373797127,PRE_20260716
50,gate-50-0040,2026-07-03 16:15:00+00:00,2026-07-03 16:45:00+00:00,30,2,2026-07-03 16:30:00+00:00,51.23449999214109,51.23449999214109,PRE_20260716
50,gate-50-0041,2026-07-03 17:15:00+00:00,2026-07-03 19:00:00+00:00,105,7,2026-07-03 18:15:00+00:00,63.053520279290396,63.053520279290396,PRE_20260716
50,gate-50-0042,2026-07-03 19:45:00+00:00,2026-07-03 20:15:00+00:00,30,2,2026-07-03 19:45:00+00:00,51.0351558250634,51.0351558250634,PRE_20260716
50,gate-50-0043,2026-07-04 08:30:00+00:00,2026-07-04 08:45:00+00:00,15,1,2026-07-04 08:30:00+00:00,51.86577014457139,51.86577014457139,PRE_20260716
50,gate-50-0044,2026-07-04 10:00:00+00:00,2026-07-04 10:15:00+00:00,15,1,2026-07-04 10:00:00+00:00,50.34597356216436,50.34597356216436,PRE_20260716
50,gate-50-0045,2026-07-04 14:00:00+00:00,2026-07-04 14:15:00+00:00,15,1,2026-07-04 14:00:00+00:00,51.88196852161293,51.88196852161293,PRE_20260716
50,gate-50-0046,2026-07-04 14:30:00+00:00,2026-07-04 14:45:00+00:00,15,1,2026-07-04 14:30:00+00:00,50.8490927140149,50.8490927140149,PRE_20260716
50,gate-50-0047,2026-07-04 15:00:00+00:00,2026-07-04 15:15:00+00:00,15,1,2026-07-04 15:00:00+00:00,52.94753719378042,52.94753719378042,PRE_20260716
50,gate-50-0048,2026-07-04 15:30:00+00:00,2026-07-04 23:15:00+00:00,465,31,2026-07-04 19:15:00+00:00,59.713388189949086,59.713388189949086,PRE_20260716
50,gate-50-0049,2026-07-04 23:30:00+00:00,2026-07-05 02:00:00+00:00,150,10,2026-07-05 00:00:00+00:00,57.05017059119677,57.05017059119677,PRE_20260716
50,gate-50-0050,2026-07-05 02:30:00+00:00,2026-07-05 03:30:00+00:00,60,4,2026-07-05 03:00:00+00:00,55.85471602042835,55.85471602042835,PRE_20260716
50,gate-50-0051,2026-07-05 10:45:00+00:00,2026-07-05 16:45:00+00:00,360,24,2026-07-05 13:30:00+00:00,64.90473413787453,64.90473413787453,PRE_20260716
50,gate-50-0052,2026-07-05 17:30:00+00:00,2026-07-05 18:00:00+00:00,30,2,2026-07-05 17:45:00+00:00,51.668765646121926,51.668765646121926,PRE_20260716
50,gate-50-0053,2026-07-05 22:45:00+00:00,2026-07-05 23:15:00+00:00,30,2,2026-07-05 23:00:00+00:00,57.196399739961585,57.196399739961585,PRE_20260716
50,gate-50-0054,2026-07-06 00:00:00+00:00,2026-07-06 00:15:00+00:00,15,1,2026-07-06 00:00:00+00:00,72.63407887481843,72.63407887481843,PRE_20260716
50,gate-50-0055,2026-07-06 02:15:00+00:00,2026-07-06 02:45:00+00:00,30,2,2026-07-06 02:15:00+00:00,52.742719961116016,52.742719961116016,PRE_20260716
50,gate-50-0056,2026-07-06 03:00:00+00:00,2026-07-06 03:15:00+00:00,15,1,2026-07-06 03:00:00+00:00,60.56214089756281,60.56214089756281,PRE_20260716
50,gate-50-0057,2026-07-06 03:30:00+00:00,2026-07-06 05:00:00+00:00,90,6,2026-07-06 04:00:00+00:00,67.3024452355579,67.3024452355579,PRE_20260716
50,gate-50-0058,2026-07-06 05:15:00+00:00,2026-07-06 05:45:00+00:00,30,2,2026-07-06 05:30:00+00:00,59.65745491720942,59.65745491720942,PRE_20260716
50,gate-50-0059,2026-07-06 06:00:00+00:00,2026-07-06 07:00:00+00:00,60,4,2026-07-06 06:30:00+00:00,55.51451805523449,55.51451805523449,PRE_20260716
50,gate-50-0060,2026-07-06 07:15:00+00:00,2026-07-06 07:45:00+00:00,30,2,2026-07-06 07:15:00+00:00,56.92587261370526,56.92587261370526,PRE_20260716
50,gate-50-0061,2026-07-06 08:00:00+00:00,2026-07-06 09:15:00+00:00,75,5,2026-07-06 09:00:00+00:00,58.17154776480049,58.17154776480049,PRE_20260716
50,gate-50-0062,2026-07-06 09:30:00+00:00,2026-07-06 11:15:00+00:00,105,7,2026-07-06 10:00:00+00:00,56.98743686051001,56.98743686051001,PRE_20260716
50,gate-50-0063,2026-07-06 12:00:00+00:00,2026-07-06 12:15:00+00:00,15,1,2026-07-06 12:00:00+00:00,51.51117625739038,51.51117625739038,PRE_20260716
50,gate-50-0064,2026-07-06 12:30:00+00:00,2026-07-06 12:45:00+00:00,15,1,2026-07-06 12:30:00+00:00,51.92601827692973,51.92601827692973,PRE_20260716
50,gate-50-0065,2026-07-06 13:00:00+00:00,2026-07-06 13:15:00+00:00,15,1,2026-07-06 13:00:00+00:00,50.80636592818273,50.80636592818273,PRE_20260716
50,gate-50-0066,2026-07-06 13:30:00+00:00,2026-07-06 13:45:00+00:00,15,1,2026-07-06 13:30:00+00:00,59.8513370016408,59.8513370016408,PRE_20260716
50,gate-50-0067,2026-07-06 14:45:00+00:00,2026-07-06 15:15:00+00:00,30,2,2026-07-06 14:45:00+00:00,51.1063991735987,51.1063991735987,PRE_20260716
50,gate-50-0068,2026-07-07 00:45:00+00:00,2026-07-07 08:15:00+00:00,450,30,2026-07-07 07:30:00+00:00,156.11663316721163,156.11663316721163,PRE_20260716
50,gate-50-0069,2026-07-07 08:30:00+00:00,2026-07-08 09:30:00+00:00,1500,100,2026-07-08 06:30:00+00:00,155.01671051695905,155.01671051695905,PRE_20260716
50,gate-50-0070,2026-07-08 09:45:00+00:00,2026-07-09 10:45:00+00:00,1500,100,2026-07-08 17:45:00+00:00,194.0144478844157,194.0144478844157,PRE_20260716
50,gate-50-0071,2026-07-09 11:00:00+00:00,2026-07-10 12:00:00+00:00,1500,100,2026-07-10 02:45:00+00:00,210.89864631259826,210.89864631259826,PRE_20260716
50,gate-50-0072,2026-07-10 12:15:00+00:00,2026-07-11 13:15:00+00:00,1500,100,2026-07-10 18:00:00+00:00,221.72593712757777,221.72593712757777,PRE_20260716
50,gate-50-0073,2026-07-11 13:30:00+00:00,2026-07-12 14:30:00+00:00,1500,100,2026-07-11 23:45:00+00:00,219.79200890432526,219.79200890432526,PRE_20260716
50,gate-50-0074,2026-07-12 14:45:00+00:00,2026-07-13 13:15:00+00:00,1350,90,2026-07-13 07:00:00+00:00,267.7690756976195,267.7690756976195,PRE_20260716
50,gate-50-0075,2026-07-13 13:30:00+00:00,2026-07-13 15:45:00+00:00,135,9,2026-07-13 14:45:00+00:00,142.8847267812319,142.8847267812319,PRE_20260716
50,gate-50-0076,2026-07-13 16:00:00+00:00,2026-07-14 17:00:00+00:00,1500,100,2026-07-13 17:45:00+00:00,175.14128746975246,175.14128746975246,PRE_20260716
50,gate-50-0077,2026-07-14 17:15:00+00:00,2026-07-15 18:15:00+00:00,1500,100,2026-07-14 23:45:00+00:00,211.26267925848072,211.26267925848072,PRE_20260716
50,gate-50-0078,2026-07-15 18:30:00+00:00,2026-07-16 19:30:00+00:00,1500,100,2026-07-16 03:30:00+00:00,183.5663988498298,183.5663988498298,PRE_20260716
50,gate-50-0079,2026-07-16 19:45:00+00:00,2026-07-17 19:00:00+00:00,1395,93,2026-07-16 20:00:00+00:00,186.07555416796677,186.07555416796677,GATE_REGIME_20260716_20260720
100,gate-100-0001,2026-06-23 07:00:00+00:00,2026-06-23 07:30:00+00:00,30,2,2026-06-23 07:15:00+00:00,106.73390787723854,106.73390787723854,PRE_20260716
100,gate-100-0002,2026-06-23 09:15:00+00:00,2026-06-23 09:30:00+00:00,15,1,2026-06-23 09:15:00+00:00,109.02132660948264,109.02132660948264,PRE_20260716
100,gate-100-0003,2026-06-23 09:45:00+00:00,2026-06-23 10:00:00+00:00,15,1,2026-06-23 09:45:00+00:00,103.44887640123265,103.44887640123265,PRE_20260716
100,gate-100-0004,2026-06-23 10:30:00+00:00,2026-06-23 10:45:00+00:00,15,1,2026-06-23 10:30:00+00:00,107.4787281683834,107.4787281683834,PRE_20260716
100,gate-100-0005,2026-06-24 01:45:00+00:00,2026-06-24 08:45:00+00:00,420,28,2026-06-24 05:00:00+00:00,192.79287162211403,192.79287162211403,PRE_20260716
100,gate-100-0006,2026-06-24 20:00:00+00:00,2026-06-25 18:30:00+00:00,1350,90,2026-06-25 01:45:00+00:00,238.60673124991607,238.60673124991607,PRE_20260716
100,gate-100-0007,2026-06-25 18:45:00+00:00,2026-06-26 19:45:00+00:00,1500,100,2026-06-26 03:15:00+00:00,209.98348540640546,209.98348540640546,PRE_20260716
100,gate-100-0008,2026-06-26 20:00:00+00:00,2026-06-27 21:00:00+00:00,1500,100,2026-06-26 22:15:00+00:00,173.40057800192614,173.40057800192614,PRE_20260716
100,gate-100-0009,2026-06-27 21:15:00+00:00,2026-06-28 22:15:00+00:00,1500,100,2026-06-28 08:00:00+00:00,170.19512495728378,170.19512495728378,PRE_20260716
100,gate-100-0010,2026-06-28 22:30:00+00:00,2026-06-29 23:30:00+00:00,1500,100,2026-06-29 05:00:00+00:00,287.4118784334991,287.4118784334991,PRE_20260716
100,gate-100-0011,2026-06-29 23:45:00+00:00,2026-06-30 03:45:00+00:00,240,16,2026-06-30 00:00:00+00:00,178.30265138358197,178.30265138358197,PRE_20260716
100,gate-100-0012,2026-06-30 06:15:00+00:00,2026-06-30 06:30:00+00:00,15,1,2026-06-30 06:15:00+00:00,112.25417346011251,112.25417346011251,PRE_20260716
100,gate-100-0013,2026-07-01 02:00:00+00:00,2026-07-01 02:30:00+00:00,30,2,2026-07-01 02:15:00+00:00,113.66874109619746,113.66874109619746,PRE_20260716
100,gate-100-0014,2026-07-01 03:00:00+00:00,2026-07-01 03:45:00+00:00,45,3,2026-07-01 03:00:00+00:00,114.54113703031139,114.54113703031139,PRE_20260716
100,gate-100-0015,2026-07-01 04:00:00+00:00,2026-07-01 04:15:00+00:00,15,1,2026-07-01 04:00:00+00:00,110.18544203929586,110.18544203929586,PRE_20260716
100,gate-100-0016,2026-07-01 05:00:00+00:00,2026-07-01 05:15:00+00:00,15,1,2026-07-01 05:00:00+00:00,103.33489901362148,103.33489901362148,PRE_20260716
100,gate-100-0017,2026-07-01 06:15:00+00:00,2026-07-01 07:15:00+00:00,60,4,2026-07-01 06:15:00+00:00,137.4971916423265,137.4971916423265,PRE_20260716
100,gate-100-0018,2026-07-01 07:30:00+00:00,2026-07-01 23:45:00+00:00,975,65,2026-07-01 22:45:00+00:00,182.2680154082234,182.2680154082234,PRE_20260716
100,gate-100-0019,2026-07-02 00:15:00+00:00,2026-07-02 02:00:00+00:00,105,7,2026-07-02 01:45:00+00:00,120.94138847820672,120.94138847820672,PRE_20260716
100,gate-100-0020,2026-07-02 02:15:00+00:00,2026-07-02 06:00:00+00:00,225,15,2026-07-02 04:00:00+00:00,137.06953436865052,137.06953436865052,PRE_20260716
100,gate-100-0021,2026-07-02 06:15:00+00:00,2026-07-02 08:30:00+00:00,135,9,2026-07-02 06:15:00+00:00,203.9577181022821,203.9577181022821,PRE_20260716
100,gate-100-0022,2026-07-02 09:00:00+00:00,2026-07-02 09:15:00+00:00,15,1,2026-07-02 09:00:00+00:00,103.43365832980076,103.43365832980076,PRE_20260716
100,gate-100-0023,2026-07-02 11:45:00+00:00,2026-07-02 12:30:00+00:00,45,3,2026-07-02 12:15:00+00:00,106.69718916714375,106.69718916714375,PRE_20260716
100,gate-100-0024,2026-07-03 01:00:00+00:00,2026-07-03 01:15:00+00:00,15,1,2026-07-03 01:00:00+00:00,100.79072809235592,100.79072809235592,PRE_20260716
100,gate-100-0025,2026-07-07 06:45:00+00:00,2026-07-07 08:15:00+00:00,90,6,2026-07-07 07:30:00+00:00,156.11663316721163,156.11663316721163,PRE_20260716
100,gate-100-0026,2026-07-07 08:30:00+00:00,2026-07-07 15:00:00+00:00,390,26,2026-07-07 12:00:00+00:00,130.67711720423034,130.67711720423034,PRE_20260716
100,gate-100-0027,2026-07-07 15:15:00+00:00,2026-07-07 15:30:00+00:00,15,1,2026-07-07 15:15:00+00:00,104.849370589856,104.849370589856,PRE_20260716
100,gate-100-0028,2026-07-07 15:45:00+00:00,2026-07-07 23:30:00+00:00,465,31,2026-07-07 16:45:00+00:00,134.90107139523383,134.90107139523383,PRE_20260716
100,gate-100-0029,2026-07-08 01:45:00+00:00,2026-07-08 02:00:00+00:00,15,1,2026-07-08 01:45:00+00:00,105.10550667272892,105.10550667272892,PRE_20260716
100,gate-100-0030,2026-07-08 03:45:00+00:00,2026-07-08 04:15:00+00:00,30,2,2026-07-08 04:00:00+00:00,117.79092621546383,117.79092621546383,PRE_20260716
100,gate-100-0031,2026-07-08 04:30:00+00:00,2026-07-08 09:30:00+00:00,300,20,2026-07-08 06:30:00+00:00,155.01671051695905,155.01671051695905,PRE_20260716
100,gate-100-0032,2026-07-08 09:45:00+00:00,2026-07-09 10:45:00+00:00,1500,100,2026-07-08 17:45:00+00:00,194.0144478844157,194.0144478844157,PRE_20260716
100,gate-100-0033,2026-07-09 11:00:00+00:00,2026-07-10 12:00:00+00:00,1500,100,2026-07-10 02:45:00+00:00,210.89864631259826,210.89864631259826,PRE_20260716
100,gate-100-0034,2026-07-10 12:15:00+00:00,2026-07-11 13:15:00+00:00,1500,100,2026-07-10 18:00:00+00:00,221.72593712757777,221.72593712757777,PRE_20260716
100,gate-100-0035,2026-07-11 13:30:00+00:00,2026-07-12 14:30:00+00:00,1500,100,2026-07-11 23:45:00+00:00,219.79200890432526,219.79200890432526,PRE_20260716
100,gate-100-0036,2026-07-12 14:45:00+00:00,2026-07-13 13:15:00+00:00,1350,90,2026-07-13 07:00:00+00:00,267.7690756976195,267.7690756976195,PRE_20260716
100,gate-100-0037,2026-07-13 14:15:00+00:00,2026-07-13 15:45:00+00:00,90,6,2026-07-13 14:45:00+00:00,142.8847267812319,142.8847267812319,PRE_20260716
100,gate-100-0038,2026-07-13 16:00:00+00:00,2026-07-13 23:00:00+00:00,420,28,2026-07-13 17:45:00+00:00,175.14128746975246,175.14128746975246,PRE_20260716
100,gate-100-0039,2026-07-14 00:00:00+00:00,2026-07-14 17:00:00+00:00,1020,68,2026-07-14 16:30:00+00:00,171.43753030783643,171.43753030783643,PRE_20260716
100,gate-100-0040,2026-07-14 17:15:00+00:00,2026-07-15 18:15:00+00:00,1500,100,2026-07-14 23:45:00+00:00,211.26267925848072,211.26267925848072,PRE_20260716
100,gate-100-0041,2026-07-15 18:30:00+00:00,2026-07-16 19:30:00+00:00,1500,100,2026-07-16 03:30:00+00:00,183.5663988498298,183.5663988498298,PRE_20260716
100,gate-100-0042,2026-07-16 19:45:00+00:00,2026-07-17 05:15:00+00:00,570,38,2026-07-16 20:00:00+00:00,186.07555416796677,186.07555416796677,GATE_REGIME_20260716_20260720
100,gate-100-0043,2026-07-17 05:30:00+00:00,2026-07-17 07:15:00+00:00,105,7,2026-07-17 06:00:00+00:00,111.4819529986584,111.4819529986584,GATE_REGIME_20260716_20260720
100,gate-100-0044,2026-07-17 08:30:00+00:00,2026-07-17 08:45:00+00:00,15,1,2026-07-17 08:30:00+00:00,100.38806205488964,100.38806205488964,GATE_REGIME_20260716_20260720
100,gate-100-0045,2026-07-17 09:45:00+00:00,2026-07-17 10:30:00+00:00,45,3,2026-07-17 10:15:00+00:00,115.54555453016981,115.54555453016981,GATE_REGIME_20260716_20260720
100,gate-100-0046,2026-07-17 10:45:00+00:00,2026-07-17 12:30:00+00:00,105,7,2026-07-17 11:00:00+00:00,120.52951444188255,120.52951444188255,GATE_REGIME_20260716_20260720
100,gate-100-0047,2026-07-17 16:30:00+00:00,2026-07-17 17:00:00+00:00,30,2,2026-07-17 16:30:00+00:00,108.38633045458002,108.38633045458002,GATE_REGIME_20260716_20260720
150,gate-150-0001,2026-06-24 01:45:00+00:00,2026-06-24 02:00:00+00:00,15,1,2026-06-24 01:45:00+00:00,164.28208044906063,164.28208044906063,PRE_20260716
150,gate-150-0002,2026-06-24 02:30:00+00:00,2026-06-24 02:45:00+00:00,15,1,2026-06-24 02:30:00+00:00,151.55032530342825,151.55032530342825,PRE_20260716
150,gate-150-0003,2026-06-24 03:00:00+00:00,2026-06-24 04:00:00+00:00,60,4,2026-06-24 03:30:00+00:00,163.29727938296472,163.29727938296472,PRE_20260716
150,gate-150-0004,2026-06-24 04:30:00+00:00,2026-06-24 06:45:00+00:00,135,9,2026-06-24 05:00:00+00:00,192.79287162211403,192.79287162211403,PRE_20260716
150,gate-150-0005,2026-06-24 22:00:00+00:00,2026-06-25 00:15:00+00:00,135,9,2026-06-24 23:30:00+00:00,203.1738238252926,203.1738238252926,PRE_20260716
150,gate-150-0006,2026-06-25 00:30:00+00:00,2026-06-25 04:45:00+00:00,255,17,2026-06-25 01:45:00+00:00,238.60673124991607,238.60673124991607,PRE_20260716
150,gate-150-0007,2026-06-25 06:15:00+00:00,2026-06-25 06:30:00+00:00,15,1,2026-06-25 06:15:00+00:00,178.99362765853914,178.99362765853914,PRE_20260716
150,gate-150-0008,2026-06-25 08:15:00+00:00,2026-06-25 12:45:00+00:00,270,18,2026-06-25 10:00:00+00:00,180.62908751167836,180.62908751167836,PRE_20260716
150,gate-150-0009,2026-06-25 13:15:00+00:00,2026-06-25 13:45:00+00:00,30,2,2026-06-25 13:30:00+00:00,160.01342183354822,160.01342183354822,PRE_20260716
150,gate-150-0010,2026-06-25 14:45:00+00:00,2026-06-25 15:00:00+00:00,15,1,2026-06-25 14:45:00+00:00,162.63442287073042,162.63442287073042,PRE_20260716
150,gate-150-0011,2026-06-25 16:00:00+00:00,2026-06-25 18:30:00+00:00,150,10,2026-06-25 18:00:00+00:00,180.5214775805233,180.5214775805233,PRE_20260716
150,gate-150-0012,2026-06-25 18:45:00+00:00,2026-06-25 23:45:00+00:00,300,20,2026-06-25 20:45:00+00:00,184.7551980477908,184.7551980477908,PRE_20260716
150,gate-150-0013,2026-06-26 00:00:00+00:00,2026-06-26 00:15:00+00:00,15,1,2026-06-26 00:00:00+00:00,171.49444014066717,171.49444014066717,PRE_20260716
150,gate-150-0014,2026-06-26 00:30:00+00:00,2026-06-26 06:45:00+00:00,375,25,2026-06-26 03:15:00+00:00,209.98348540640546,209.98348540640546,PRE_20260716
150,gate-150-0015,2026-06-26 07:00:00+00:00,2026-06-26 08:00:00+00:00,60,4,2026-06-26 07:30:00+00:00,172.52820172528178,172.52820172528178,PRE_20260716
150,gate-150-0016,2026-06-26 08:15:00+00:00,2026-06-26 08:45:00+00:00,30,2,2026-06-26 08:30:00+00:00,158.63123902328482,158.63123902328482,PRE_20260716
150,gate-150-0017,2026-06-26 10:15:00+00:00,2026-06-26 12:15:00+00:00,120,8,2026-06-26 10:45:00+00:00,169.4604615753335,169.4604615753335,PRE_20260716
150,gate-150-0018,2026-06-26 17:15:00+00:00,2026-06-26 18:15:00+00:00,60,4,2026-06-26 17:45:00+00:00,173.13518164060787,173.13518164060787,PRE_20260716
150,gate-150-0019,2026-06-26 20:30:00+00:00,2026-06-26 23:45:00+00:00,195,13,2026-06-26 22:15:00+00:00,173.40057800192614,173.40057800192614,PRE_20260716
150,gate-150-0020,2026-06-27 00:00:00+00:00,2026-06-27 00:30:00+00:00,30,2,2026-06-27 00:00:00+00:00,159.73126370312838,159.73126370312838,PRE_20260716
150,gate-150-0021,2026-06-27 02:45:00+00:00,2026-06-27 04:45:00+00:00,120,8,2026-06-27 03:00:00+00:00,167.3484776015261,167.3484776015261,PRE_20260716
150,gate-150-0022,2026-06-27 05:30:00+00:00,2026-06-27 06:15:00+00:00,45,3,2026-06-27 05:45:00+00:00,158.16633139316704,158.16633139316704,PRE_20260716
150,gate-150-0023,2026-06-27 14:00:00+00:00,2026-06-27 14:45:00+00:00,45,3,2026-06-27 14:00:00+00:00,162.26441532964236,162.26441532964236,PRE_20260716
150,gate-150-0024,2026-06-27 16:00:00+00:00,2026-06-27 17:45:00+00:00,105,7,2026-06-27 17:00:00+00:00,156.51884956674405,156.51884956674405,PRE_20260716
150,gate-150-0025,2026-06-28 00:45:00+00:00,2026-06-28 01:00:00+00:00,15,1,2026-06-28 00:45:00+00:00,150.83814782138487,150.83814782138487,PRE_20260716
150,gate-150-0026,2026-06-28 01:45:00+00:00,2026-06-28 02:45:00+00:00,60,4,2026-06-28 01:45:00+00:00,164.7640543625088,164.7640543625088,PRE_20260716
150,gate-150-0027,2026-06-28 03:00:00+00:00,2026-06-28 03:45:00+00:00,45,3,2026-06-28 03:15:00+00:00,152.0190293122851,152.0190293122851,PRE_20260716
150,gate-150-0028,2026-06-28 04:00:00+00:00,2026-06-28 05:00:00+00:00,60,4,2026-06-28 04:15:00+00:00,156.80029920693204,156.80029920693204,PRE_20260716
150,gate-150-0029,2026-06-28 07:30:00+00:00,2026-06-28 10:00:00+00:00,150,10,2026-06-28 08:00:00+00:00,170.19512495728378,170.19512495728378,PRE_20260716
150,gate-150-0030,2026-06-28 17:30:00+00:00,2026-06-28 18:15:00+00:00,45,3,2026-06-28 18:00:00+00:00,151.93393025603785,151.93393025603785,PRE_20260716
150,gate-150-0031,2026-06-28 20:45:00+00:00,2026-06-28 22:15:00+00:00,90,6,2026-06-28 22:00:00+00:00,157.94294579272565,157.94294579272565,PRE_20260716
150,gate-150-0032,2026-06-29 00:15:00+00:00,2026-06-29 12:45:00+00:00,750,50,2026-06-29 05:00:00+00:00,287.4118784334991,287.4118784334991,PRE_20260716
150,gate-150-0033,2026-06-29 13:00:00+00:00,2026-06-29 14:00:00+00:00,60,4,2026-06-29 13:30:00+00:00,162.32128824929828,162.32128824929828,PRE_20260716
150,gate-150-0034,2026-06-29 17:30:00+00:00,2026-06-29 17:45:00+00:00,15,1,2026-06-29 17:30:00+00:00,152.1956233537932,152.1956233537932,PRE_20260716
150,gate-150-0035,2026-06-29 20:15:00+00:00,2026-06-29 22:45:00+00:00,150,10,2026-06-29 21:45:00+00:00,173.63358919818717,173.63358919818717,PRE_20260716
150,gate-150-0036,2026-06-29 23:00:00+00:00,2026-06-29 23:30:00+00:00,30,2,2026-06-29 23:00:00+00:00,158.8846310451674,158.8846310451674,PRE_20260716
150,gate-150-0037,2026-06-29 23:45:00+00:00,2026-06-30 02:15:00+00:00,150,10,2026-06-30 00:00:00+00:00,178.30265138358197,178.30265138358197,PRE_20260716
150,gate-150-0038,2026-07-01 08:00:00+00:00,2026-07-01 09:00:00+00:00,60,4,2026-07-01 08:45:00+00:00,161.4817619360991,161.4817619360991,PRE_20260716
150,gate-150-0039,2026-07-01 10:15:00+00:00,2026-07-01 10:45:00+00:00,30,2,2026-07-01 10:30:00+00:00,160.3541505019342,160.3541505019342,PRE_20260716
150,gate-150-0040,2026-07-01 11:00:00+00:00,2026-07-01 11:45:00+00:00,45,3,2026-07-01 11:15:00+00:00,158.1796473126507,158.1796473126507,PRE_20260716
150,gate-150-0041,2026-07-01 12:15:00+00:00,2026-07-01 12:30:00+00:00,15,1,2026-07-01 12:15:00+00:00,152.78326568243583,152.78326568243583,PRE_20260716
150,gate-150-0042,2026-07-01 13:00:00+00:00,2026-07-01 13:15:00+00:00,15,1,2026-07-01 13:00:00+00:00,151.41339520117194,151.41339520117194,PRE_20260716
150,gate-150-0043,2026-07-01 17:15:00+00:00,2026-07-01 17:30:00+00:00,15,1,2026-07-01 17:15:00+00:00,150.34303842968072,150.34303842968072,PRE_20260716
150,gate-150-0044,2026-07-01 17:45:00+00:00,2026-07-01 18:15:00+00:00,30,2,2026-07-01 18:00:00+00:00,151.6023252816221,151.6023252816221,PRE_20260716
150,gate-150-0045,2026-07-01 18:30:00+00:00,2026-07-01 21:45:00+00:00,195,13,2026-07-01 21:15:00+00:00,169.24852039721486,169.24852039721486,PRE_20260716
150,gate-150-0046,2026-07-01 22:00:00+00:00,2026-07-01 23:30:00+00:00,90,6,2026-07-01 22:45:00+00:00,182.2680154082234,182.2680154082234,PRE_20260716
150,gate-150-0047,2026-07-02 06:15:00+00:00,2026-07-02 06:30:00+00:00,15,1,2026-07-02 06:15:00+00:00,203.9577181022821,203.9577181022821,PRE_20260716
150,gate-150-0048,2026-07-02 07:00:00+00:00,2026-07-02 08:00:00+00:00,60,4,2026-07-02 07:30:00+00:00,172.07129356436843,172.07129356436843,PRE_20260716
150,gate-150-0049,2026-07-07 07:00:00+00:00,2026-07-07 08:00:00+00:00,60,4,2026-07-07 07:30:00+00:00,156.11663316721163,156.11663316721163,PRE_20260716
150,gate-150-0050,2026-07-08 06:30:00+00:00,2026-07-08 06:45:00+00:00,15,1,2026-07-08 06:30:00+00:00,155.01671051695905,155.01671051695905,PRE_20260716
150,gate-150-0051,2026-07-08 07:15:00+00:00,2026-07-08 07:45:00+00:00,30,2,2026-07-08 07:15:00+00:00,153.40439200820546,153.40439200820546,PRE_20260716
150,gate-150-0052,2026-07-08 17:00:00+00:00,2026-07-08 20:15:00+00:00,195,13,2026-07-08 17:45:00+00:00,194.0144478844157,194.0144478844157,PRE_20260716
150,gate-150-0053,2026-07-08 20:30:00+00:00,2026-07-08 21:00:00+00:00,30,2,2026-07-08 20:30:00+00:00,154.33810590031678,154.33810590031678,PRE_20260716
150,gate-150-0054,2026-07-08 22:15:00+00:00,2026-07-08 23:15:00+00:00,60,4,2026-07-08 23:00:00+00:00,167.49226853499013,167.49226853499013,PRE_20260716
150,gate-150-0055,2026-07-09 06:30:00+00:00,2026-07-09 08:00:00+00:00,90,6,2026-07-09 07:15:00+00:00,172.4899894202568,172.4899894202568,PRE_20260716
150,gate-150-0056,2026-07-09 08:15:00+00:00,2026-07-09 09:15:00+00:00,60,4,2026-07-09 09:00:00+00:00,162.10470369386186,162.10470369386186,PRE_20260716
150,gate-150-0057,2026-07-09 10:00:00+00:00,2026-07-09 10:45:00+00:00,45,3,2026-07-09 10:15:00+00:00,161.1866501854129,161.1866501854129,PRE_20260716
150,gate-150-0058,2026-07-09 11:00:00+00:00,2026-07-10 12:00:00+00:00,1500,100,2026-07-10 02:45:00+00:00,210.89864631259826,210.89864631259826,PRE_20260716
150,gate-150-0059,2026-07-10 12:15:00+00:00,2026-07-11 13:15:00+00:00,1500,100,2026-07-10 18:00:00+00:00,221.72593712757777,221.72593712757777,PRE_20260716
150,gate-150-0060,2026-07-11 13:30:00+00:00,2026-07-12 14:30:00+00:00,1500,100,2026-07-11 23:45:00+00:00,219.79200890432526,219.79200890432526,PRE_20260716
150,gate-150-0061,2026-07-12 14:45:00+00:00,2026-07-13 13:00:00+00:00,1335,89,2026-07-13 07:00:00+00:00,267.7690756976195,267.7690756976195,PRE_20260716
150,gate-150-0062,2026-07-13 16:00:00+00:00,2026-07-13 16:30:00+00:00,30,2,2026-07-13 16:00:00+00:00,161.37285000196798,161.37285000196798,PRE_20260716
150,gate-150-0063,2026-07-13 17:00:00+00:00,2026-07-13 18:15:00+00:00,75,5,2026-07-13 17:45:00+00:00,175.14128746975246,175.14128746975246,PRE_20260716
150,gate-150-0064,2026-07-13 18:45:00+00:00,2026-07-13 19:00:00+00:00,15,1,2026-07-13 18:45:00+00:00,168.04036804276498,168.04036804276498,PRE_20260716
150,gate-150-0065,2026-07-13 19:15:00+00:00,2026-07-13 19:30:00+00:00,15,1,2026-07-13 19:15:00+00:00,154.8897591760563,154.8897591760563,PRE_20260716
150,gate-150-0066,2026-07-13 20:45:00+00:00,2026-07-13 21:15:00+00:00,30,2,2026-07-13 21:00:00+00:00,165.5355997178641,165.5355997178641,PRE_20260716
150,gate-150-0067,2026-07-13 21:45:00+00:00,2026-07-13 22:30:00+00:00,45,3,2026-07-13 21:45:00+00:00,156.58477002863341,156.58477002863341,PRE_20260716
150,gate-150-0068,2026-07-14 01:30:00+00:00,2026-07-14 01:45:00+00:00,15,1,2026-07-14 01:30:00+00:00,164.21645292461685,164.21645292461685,PRE_20260716
150,gate-150-0069,2026-07-14 02:30:00+00:00,2026-07-14 02:45:00+00:00,15,1,2026-07-14 02:30:00+00:00,152.29023581863086,152.29023581863086,PRE_20260716
150,gate-150-0070,2026-07-14 03:45:00+00:00,2026-07-14 04:15:00+00:00,30,2,2026-07-14 04:00:00+00:00,153.50660473696243,153.50660473696243,PRE_20260716
150,gate-150-0071,2026-07-14 04:30:00+00:00,2026-07-14 04:45:00+00:00,15,1,2026-07-14 04:30:00+00:00,156.0657220866919,156.0657220866919,PRE_20260716
150,gate-150-0072,2026-07-14 06:00:00+00:00,2026-07-14 07:15:00+00:00,75,5,2026-07-14 06:45:00+00:00,162.501444029419,162.501444029419,PRE_20260716
150,gate-150-0073,2026-07-14 07:30:00+00:00,2026-07-14 07:45:00+00:00,15,1,2026-07-14 07:30:00+00:00,158.64027028172436,158.64027028172436,PRE_20260716
150,gate-150-0074,2026-07-14 13:30:00+00:00,2026-07-14 14:00:00+00:00,30,2,2026-07-14 13:30:00+00:00,153.23433631941919,153.23433631941919,PRE_20260716
150,gate-150-0075,2026-07-14 14:30:00+00:00,2026-07-14 14:45:00+00:00,15,1,2026-07-14 14:30:00+00:00,152.75660330597242,152.75660330597242,PRE_20260716
150,gate-150-0076,2026-07-14 15:15:00+00:00,2026-07-14 17:00:00+00:00,105,7,2026-07-14 16:30:00+00:00,171.43753030783643,171.43753030783643,PRE_20260716
150,gate-150-0077,2026-07-14 17:15:00+00:00,2026-07-15 05:45:00+00:00,750,50,2026-07-14 23:45:00+00:00,211.26267925848072,211.26267925848072,PRE_20260716
150,gate-150-0078,2026-07-15 06:00:00+00:00,2026-07-15 07:15:00+00:00,75,5,2026-07-15 06:30:00+00:00,175.7732418219099,175.7732418219099,PRE_20260716
150,gate-150-0079,2026-07-15 09:15:00+00:00,2026-07-15 09:45:00+00:00,30,2,2026-07-15 09:30:00+00:00,157.9191825359962,157.9191825359962,PRE_20260716
150,gate-150-0080,2026-07-15 10:30:00+00:00,2026-07-15 11:00:00+00:00,30,2,2026-07-15 10:45:00+00:00,162.2222785745603,162.2222785745603,PRE_20260716
150,gate-150-0081,2026-07-15 11:15:00+00:00,2026-07-15 11:30:00+00:00,15,1,2026-07-15 11:15:00+00:00,157.03193660616282,157.03193660616282,PRE_20260716
150,gate-150-0082,2026-07-15 11:45:00+00:00,2026-07-15 12:00:00+00:00,15,1,2026-07-15 11:45:00+00:00,150.41184194819124,150.41184194819124,PRE_20260716
150,gate-150-0083,2026-07-15 12:15:00+00:00,2026-07-15 12:30:00+00:00,15,1,2026-07-15 12:15:00+00:00,155.2690400199978,155.2690400199978,PRE_20260716
150,gate-150-0084,2026-07-15 12:45:00+00:00,2026-07-15 14:30:00+00:00,105,7,2026-07-15 14:15:00+00:00,174.22649444277596,174.22649444277596,PRE_20260716
150,gate-150-0085,2026-07-15 14:45:00+00:00,2026-07-15 15:15:00+00:00,30,2,2026-07-15 14:45:00+00:00,158.7828659401694,158.7828659401694,PRE_20260716
150,gate-150-0086,2026-07-15 17:30:00+00:00,2026-07-15 17:45:00+00:00,15,1,2026-07-15 17:30:00+00:00,154.669389452985,154.669389452985,PRE_20260716
150,gate-150-0087,2026-07-15 18:00:00+00:00,2026-07-15 18:15:00+00:00,15,1,2026-07-15 18:00:00+00:00,154.50021521291,154.50021521291,PRE_20260716
150,gate-150-0088,2026-07-15 18:30:00+00:00,2026-07-15 19:00:00+00:00,30,2,2026-07-15 18:30:00+00:00,168.1053550970407,168.1053550970407,PRE_20260716
150,gate-150-0089,2026-07-15 19:30:00+00:00,2026-07-15 20:00:00+00:00,30,2,2026-07-15 19:30:00+00:00,153.04974116587786,153.04974116587786,PRE_20260716
150,gate-150-0090,2026-07-15 20:15:00+00:00,2026-07-16 19:30:00+00:00,1395,93,2026-07-16 03:30:00+00:00,183.5663988498298,183.5663988498298,PRE_20260716
150,gate-150-0091,2026-07-16 19:45:00+00:00,2026-07-17 00:30:00+00:00,285,19,2026-07-16 20:00:00+00:00,186.07555416796677,186.07555416796677,GATE_REGIME_20260716_20260720
200,gate-200-0001,2026-06-24 23:30:00+00:00,2026-06-24 23:45:00+00:00,15,1,2026-06-24 23:30:00+00:00,203.1738238252926,203.1738238252926,PRE_20260716
200,gate-200-0002,2026-06-25 01:15:00+00:00,2026-06-25 02:30:00+00:00,75,5,2026-06-25 01:45:00+00:00,238.60673124991607,238.60673124991607,PRE_20260716
200,gate-200-0003,2026-06-25 03:15:00+00:00,2026-06-25 03:30:00+00:00,15,1,2026-06-25 03:15:00+00:00,206.61487947465386,206.61487947465386,PRE_20260716
200,gate-200-0004,2026-06-26 02:15:00+00:00,2026-06-26 02:30:00+00:00,15,1,2026-06-26 02:15:00+00:00,206.91677254513192,206.91677254513192,PRE_20260716
200,gate-200-0005,2026-06-26 03:15:00+00:00,2026-06-26 03:30:00+00:00,15,1,2026-06-26 03:15:00+00:00,209.98348540640546,209.98348540640546,PRE_20260716
200,gate-200-0006,2026-06-26 06:00:00+00:00,2026-06-26 06:30:00+00:00,30,2,2026-06-26 06:00:00+00:00,209.35819700263073,209.35819700263073,PRE_20260716
200,gate-200-0007,2026-06-29 02:00:00+00:00,2026-06-29 02:15:00+00:00,15,1,2026-06-29 02:00:00+00:00,209.4318165034637,209.4318165034637,PRE_20260716
200,gate-200-0008,2026-06-29 02:30:00+00:00,2026-06-29 06:00:00+00:00,210,14,2026-06-29 05:00:00+00:00,287.4118784334991,287.4118784334991,PRE_20260716
200,gate-200-0009,2026-06-29 06:15:00+00:00,2026-06-29 06:45:00+00:00,30,2,2026-06-29 06:15:00+00:00,247.59794121646428,247.59794121646428,PRE_20260716
200,gate-200-0010,2026-06-29 07:00:00+00:00,2026-06-29 08:00:00+00:00,60,4,2026-06-29 07:30:00+00:00,222.94105326848302,222.94105326848302,PRE_20260716
200,gate-200-0011,2026-07-02 06:15:00+00:00,2026-07-02 06:30:00+00:00,15,1,2026-07-02 06:15:00+00:00,203.9577181022821,203.9577181022821,PRE_20260716
200,gate-200-0012,2026-07-10 02:00:00+00:00,2026-07-10 03:00:00+00:00,60,4,2026-07-10 02:45:00+00:00,210.89864631259826,210.89864631259826,PRE_20260716
200,gate-200-0013,2026-07-10 04:00:00+00:00,2026-07-10 04:30:00+00:00,30,2,2026-07-10 04:15:00+00:00,202.23305861861212,202.23305861861212,PRE_20260716
200,gate-200-0014,2026-07-10 06:00:00+00:00,2026-07-10 06:15:00+00:00,15,1,2026-07-10 06:00:00+00:00,200.22785244033972,200.22785244033972,PRE_20260716
200,gate-200-0015,2026-07-10 09:15:00+00:00,2026-07-10 11:00:00+00:00,105,7,2026-07-10 09:15:00+00:00,210.19239868579746,210.19239868579746,PRE_20260716
200,gate-200-0016,2026-07-10 12:30:00+00:00,2026-07-10 12:45:00+00:00,15,1,2026-07-10 12:30:00+00:00,205.00689927064883,205.00689927064883,PRE_20260716
200,gate-200-0017,2026-07-10 14:15:00+00:00,2026-07-10 15:30:00+00:00,75,5,2026-07-10 15:15:00+00:00,212.9691214529851,212.9691214529851,PRE_20260716
200,gate-200-0018,2026-07-10 15:45:00+00:00,2026-07-10 16:00:00+00:00,15,1,2026-07-10 15:45:00+00:00,212.42782221751443,212.42782221751443,PRE_20260716
200,gate-200-0019,2026-07-10 16:30:00+00:00,2026-07-10 16:45:00+00:00,15,1,2026-07-10 16:30:00+00:00,201.28945826006986,201.28945826006986,PRE_20260716
200,gate-200-0020,2026-07-10 17:15:00+00:00,2026-07-10 17:45:00+00:00,30,2,2026-07-10 17:30:00+00:00,204.5662585070107,204.5662585070107,PRE_20260716
200,gate-200-0021,2026-07-10 18:00:00+00:00,2026-07-10 18:15:00+00:00,15,1,2026-07-10 18:00:00+00:00,221.72593712757777,221.72593712757777,PRE_20260716
200,gate-200-0022,2026-07-10 18:30:00+00:00,2026-07-10 18:45:00+00:00,15,1,2026-07-10 18:30:00+00:00,213.9807450816229,213.9807450816229,PRE_20260716
200,gate-200-0023,2026-07-10 19:00:00+00:00,2026-07-10 19:30:00+00:00,30,2,2026-07-10 19:15:00+00:00,202.6533653862175,202.6533653862175,PRE_20260716
200,gate-200-0024,2026-07-10 20:45:00+00:00,2026-07-10 21:30:00+00:00,45,3,2026-07-10 21:15:00+00:00,212.3916343566427,212.3916343566427,PRE_20260716
200,gate-200-0025,2026-07-10 22:15:00+00:00,2026-07-10 22:30:00+00:00,15,1,2026-07-10 22:15:00+00:00,201.4373041488568,201.4373041488568,PRE_20260716
200,gate-200-0026,2026-07-10 23:30:00+00:00,2026-07-10 23:45:00+00:00,15,1,2026-07-10 23:30:00+00:00,201.00367656925124,201.00367656925124,PRE_20260716
200,gate-200-0027,2026-07-11 00:00:00+00:00,2026-07-11 00:15:00+00:00,15,1,2026-07-11 00:00:00+00:00,201.96635670950212,201.96635670950212,PRE_20260716
200,gate-200-0028,2026-07-11 00:30:00+00:00,2026-07-11 05:00:00+00:00,270,18,2026-07-11 03:30:00+00:00,216.56787721356824,216.56787721356824,PRE_20260716
200,gate-200-0029,2026-07-11 12:30:00+00:00,2026-07-11 13:15:00+00:00,45,3,2026-07-11 12:45:00+00:00,211.58166292254677,211.58166292254677,PRE_20260716
200,gate-200-0030,2026-07-11 13:30:00+00:00,2026-07-11 14:00:00+00:00,30,2,2026-07-11 13:30:00+00:00,206.8002112115914,206.8002112115914,PRE_20260716
200,gate-200-0031,2026-07-11 14:30:00+00:00,2026-07-11 16:45:00+00:00,135,9,2026-07-11 15:45:00+00:00,207.66345123258307,207.66345123258307,PRE_20260716
200,gate-200-0032,2026-07-11 17:00:00+00:00,2026-07-11 19:00:00+00:00,120,8,2026-07-11 17:30:00+00:00,206.12086147436102,206.12086147436102,PRE_20260716
200,gate-200-0033,2026-07-11 19:15:00+00:00,2026-07-11 20:15:00+00:00,60,4,2026-07-11 19:30:00+00:00,204.27928152800138,204.27928152800138,PRE_20260716
200,gate-200-0034,2026-07-11 20:30:00+00:00,2026-07-11 20:45:00+00:00,15,1,2026-07-11 20:30:00+00:00,202.55845786471068,202.55845786471068,PRE_20260716
200,gate-200-0035,2026-07-11 22:00:00+00:00,2026-07-11 22:45:00+00:00,45,3,2026-07-11 22:15:00+00:00,205.48516589306607,205.48516589306607,PRE_20260716
200,gate-200-0036,2026-07-11 23:00:00+00:00,2026-07-12 07:45:00+00:00,525,35,2026-07-11 23:45:00+00:00,219.79200890432526,219.79200890432526,PRE_20260716
200,gate-200-0037,2026-07-12 08:45:00+00:00,2026-07-12 14:30:00+00:00,345,23,2026-07-12 14:15:00+00:00,209.5182684816441,209.5182684816441,PRE_20260716
200,gate-200-0038,2026-07-12 14:45:00+00:00,2026-07-12 19:15:00+00:00,270,18,2026-07-12 17:15:00+00:00,208.87832737584193,208.87832737584193,PRE_20260716
200,gate-200-0039,2026-07-12 19:30:00+00:00,2026-07-12 20:00:00+00:00,30,2,2026-07-12 19:30:00+00:00,203.23563830138912,203.23563830138912,PRE_20260716
200,gate-200-0040,2026-07-12 20:15:00+00:00,2026-07-12 21:15:00+00:00,60,4,2026-07-12 21:00:00+00:00,219.9408618226513,219.9408618226513,PRE_20260716
200,gate-200-0041,2026-07-12 21:30:00+00:00,2026-07-12 21:45:00+00:00,15,1,2026-07-12 21:30:00+00:00,202.00682625492846,202.00682625492846,PRE_20260716
200,gate-200-0042,2026-07-12 22:00:00+00:00,2026-07-12 23:00:00+00:00,60,4,2026-07-12 22:00:00+00:00,212.61686920659156,212.61686920659156,PRE_20260716
200,gate-200-0043,2026-07-13 00:00:00+00:00,2026-07-13 00:30:00+00:00,30,2,2026-07-13 00:15:00+00:00,215.94076409808721,215.94076409808721,PRE_20260716
200,gate-200-0044,2026-07-13 00:45:00+00:00,2026-07-13 12:30:00+00:00,705,47,2026-07-13 07:00:00+00:00,267.7690756976195,267.7690756976195,PRE_20260716
200,gate-200-0045,2026-07-14 21:45:00+00:00,2026-07-14 22:00:00+00:00,15,1,2026-07-14 21:45:00+00:00,202.76311614894374,202.76311614894374,PRE_20260716
200,gate-200-0046,2026-07-14 23:00:00+00:00,2026-07-15 00:00:00+00:00,60,4,2026-07-14 23:45:00+00:00,211.26267925848072,211.26267925848072,PRE_20260716
200,gate-200-0047,2026-07-15 00:30:00+00:00,2026-07-15 01:45:00+00:00,75,5,2026-07-15 00:30:00+00:00,202.6240333651931,202.6240333651931,PRE_20260716
