event_time,event_type,title,source,source_url,verified,possible_mechanism,supports_hypothesis,contradicts_hypothesis
2026-06-02T06:00:00Z,product_launch,"Gate launched SKHYNIX USDT-M perpetual (1-20x)",Gate official announcement,https://www.gate.com/fr/announcements/article/51477,true,"Establishes product identity and start; does not explain later spread by itself",H6,
2026-06-15T00:00:00Z,methodology_document,"Gate mark price is median of index-plus-funding-basis, spot-index-plus-moving-basis, and last fill",Gate Help Center,https://miniapp.gate.com/help/futures/futures-logic/22067/mark-price-calculation/mark-price-calculation,true,"Formula allows mark-index separation through funding/moving basis and permits protective freezing",H4|H5,
2026-06-24T09:00:00Z,trading_campaign,"SKHYNIX perpetual trading reward campaign began; ran through 2026-07-03 09:00 UTC",Gate official announcement,https://www.gate.com/zh-tw/announcements/article/100318,true,"Could change Gate-specific participation and order flow; timing is close to first 150/200-bps events but is not causal proof",H3|H9,
2026-07-02T07:00:00Z,trading_campaign,"SKHYNIX3L ETF reward campaign began; ran through 2026-07-16 07:00 UTC",Gate official announcement,https://www.gate.com/zh/announcements/article/100455,true,"Could increase related-product attention but it is an ETF campaign rather than direct evidence about the perpetual order book",H3|H9,H6
2026-07-10T20:00:00Z,underlying_market,"SK hynix ADR began Nasdaq trading as SKHY",Nasdaq official newsroom,https://www.nasdaq.com/newsroom/global-innovation-meets-global-capital-sk-hynix-lists-on-nasdaq,true,"A new US-session price anchor could affect index/market discovery",H5|H9,
2026-07-10T17:20:00Z,separate_product,"Gate migrated SKHYUSDT pre-market perpetual to official trading",Gate official announcement,https://www.gate.com/id/announcements/article/100613,true,"Confirms a separate SKHY ADR-linked symbol; it must not be conflated with SKHYNIX_USDT",H6,H6
2026-07-14T16:00:00Z,funding_rule_change,"Gate changed SKHYNIXUSDT funding to 4-hour intervals and cap/floor to +/-0.05%",Gate official announcement,https://www.gate.com/zh-tw/announcements/article/100658,true,"Could change inventory carry and convergence incentives after the effective time; cannot explain June onset",H7,H7
2026-07-24T02:40:00Z,index_constituents_snapshot,"Current Gate SKHYNIX_USDT index listed Binance/Bitget/Bybit/Gate/OKX futures and Binance/OKX indexes",Gate API v4,https://api.gateio.ws/api/v4/futures/usdt/index_constituents/SKHYNIX_USDT,true,"A derivatives-based and self-including current index can differ from the three-venue external trade median; snapshot is not historical composition",H5,
,market_calendar,"KRX equities regular session is 09:00-15:30 Korea time; exchange closes on official holidays and Saturdays",Korea Exchange official guide,https://global.krx.co.kr/contents/GLB/01/0109/0109000000/guide_to_trading_in_the_korean_stock_market.pdf,true,"Supports exchange-calendar session classification; does not itself explain a premium",H5|H9,
